current_fill_percent,prev_fill_percent,fill_change,hour_of_day,day_of_week,waste_type,capacity_liters,time_since_collection_hours,historical_growth_rate,future_fill_percent
25.59,21.08,4.51,20,6,Organic,1000.0,94.0,24.9,52.51
92.44,90.39,2.05,5,1,Organic,1500.0,100.2,8.29,99.87
34.83,32.49,2.35,14,5,Organic,1200.0,45.2,12.94,47.7
61.64,60.12,1.52,6,1,General,1500.0,22.1,6.46,69.44
18.3,17.82,0.48,14,3,Recyclable,1200.0,82.7,6.44,25.49
32.0,27.14,4.86,1,5,Organic,1000.0,80.2,26.95,56.16
75.89,70.95,4.93,3,5,General,1200.0,112.9,15.7,88.42
59.87,58.38,1.5,12,0,Recyclable,800.0,115.9,8.32,69.97
61.51,56.57,4.93,8,3,Organic,1200.0,111.3,19.06,82.9
36.43,35.23,1.2,2,3,General,1500.0,40.4,6.64,39.7
70.63,71.58,-0.95,22,6,Organic,1000.0,91.8,12.58,81.36
47.34,46.75,0.59,6,0,Organic,1500.0,25.8,9.55,58.06
44.88,44.38,0.5,3,4,General,1500.0,91.2,8.49,55.02
35.13,32.98,2.15,11,3,Recyclable,1500.0,14.4,8.99,46.06
40.29,40.31,-0.03,0,0,Recyclable,1200.0,109.0,4.98,44.68
24.0,20.83,3.17,4,0,General,1200.0,65.0,9.05,31.41
54.1,50.12,3.98,16,5,Organic,800.0,85.0,16.28,68.73
35.57,31.77,3.8,16,2,Organic,800.0,35.6,14.96,51.23
87.2,86.19,1.01,1,4,Organic,1500.0,30.3,11.9,95.22
74.74,70.34,4.4,5,4,Organic,1500.0,30.0,17.41,92.58
81.0,80.39,0.61,5,4,Organic,1200.0,39.9,9.26,92.01
78.81,73.4,5.41,6,3,Organic,800.0,43.1,17.96,99.86
67.43,64.4,3.03,17,6,Recyclable,1200.0,88.8,13.91,82.46
53.91,51.95,1.96,0,5,Recyclable,1500.0,32.8,15.41,69.63
39.68,37.42,2.27,2,3,Organic,1500.0,87.7,12.75,51.98
76.75,71.65,5.1,2,5,Organic,800.0,80.9,27.43,100.0
94.53,93.79,0.74,3,0,Recyclable,1000.0,22.8,7.59,100.0
36.19,32.2,3.98,18,5,Organic,1200.0,66.0,23.52,56.71
85.82,85.4,0.42,1,4,Recyclable,1000.0,76.5,7.14,95.31
71.41,69.3,2.11,2,0,General,1500.0,35.1,7.95,80.84
93.33,89.47,3.86,20,6,General,800.0,10.9,11.72,100.0
81.76,78.12,3.63,13,1,General,1500.0,111.7,11.94,96.47
84.58,81.21,3.36,0,0,Organic,1200.0,89.4,15.26,100.0
78.86,75.68,3.17,12,3,Recyclable,1000.0,104.3,10.47,89.08
41.92,37.83,4.1,22,6,Organic,1000.0,13.1,16.55,57.57
60.22,59.0,1.22,19,1,Recyclable,1000.0,5.6,6.29,62.75
75.45,72.25,3.2,4,6,General,1500.0,27.5,11.22,87.55
64.18,60.79,3.39,12,1,Recyclable,1500.0,87.7,8.33,68.53
12.15,10.63,1.53,22,6,Recyclable,800.0,115.6,6.02,18.49
31.27,30.14,1.13,15,0,Recyclable,1500.0,66.8,5.25,37.68
57.12,52.59,4.53,22,2,General,1500.0,74.2,13.38,70.96
19.87,18.29,1.58,16,5,Recyclable,1000.0,7.4,5.35,27.41
43.87,42.01,1.87,4,3,Recyclable,1000.0,74.7,7.47,52.86
62.35,59.78,2.56,1,0,General,1500.0,113.4,12.84,75.44
20.92,19.22,1.71,10,4,Recyclable,1500.0,97.7,8.59,29.29
33.29,32.15,1.13,13,1,Recyclable,800.0,27.3,5.65,37.69
42.76,41.57,1.19,1,2,General,800.0,82.4,12.56,55.24
84.59,80.11,4.47,20,4,Recyclable,800.0,88.7,9.03,96.4
45.07,38.07,7.0,6,6,Organic,1000.0,45.9,28.43,74.23
74.14,67.05,7.08,16,0,Organic,1000.0,14.2,18.51,92.5
43.08,39.74,3.35,8,2,General,1500.0,3.3,14.96,57.79
58.74,54.54,4.2,20,4,Organic,1200.0,76.6,21.31,84.34
77.28,75.72,1.57,12,4,General,1000.0,95.2,16.23,94.32
74.73,71.79,2.93,5,6,Organic,1000.0,74.9,13.0,88.14
22.46,18.23,4.23,5,2,Recyclable,1500.0,62.6,11.14,30.78
93.81,87.6,6.21,5,3,General,1200.0,90.9,15.47,100.0
87.04,85.0,2.04,2,4,Organic,800.0,15.1,13.94,97.15
73.26,67.14,6.12,16,0,General,1500.0,82.4,17.07,92.62
92.44,91.89,0.55,20,5,Recyclable,800.0,7.1,5.33,97.87
28.43,27.97,0.46,0,4,Recyclable,1000.0,36.8,5.33,34.13
91.49,86.25,5.24,5,3,General,1500.0,8.8,15.15,100.0
29.5,25.81,3.69,4,0,Recyclable,1500.0,33.4,7.11,37.33
23.82,21.35,2.47,5,1,General,1200.0,109.5,12.85,39.62
84.52,84.53,-0.01,4,6,Recyclable,1500.0,67.1,6.06,89.64
60.5,57.28,3.22,21,2,Organic,1200.0,46.9,10.11,70.83
33.24,32.34,0.9,5,3,General,800.0,8.7,10.15,43.84
75.36,70.68,4.68,9,2,Organic,800.0,113.5,15.78,89.84
61.52,54.16,7.36,16,1,General,1500.0,29.0,18.65,79.64
82.44,79.03,3.41,4,5,Organic,1000.0,67.1,19.87,100.0
74.19,72.32,1.87,1,2,Organic,1200.0,75.2,8.4,84.19
60.14,58.64,1.5,18,6,Recyclable,1000.0,48.3,8.85,64.65
62.88,60.7,2.18,4,4,Organic,1500.0,103.8,13.55,76.14
49.03,47.26,1.77,20,1,General,800.0,117.6,8.58,54.87
20.95,17.59,3.37,10,5,Organic,1500.0,17.1,11.78,33.71
50.29,47.16,3.13,17,4,General,1000.0,80.8,17.96,67.19
25.05,24.27,0.77,0,4,Recyclable,800.0,12.5,6.23,30.7
68.68,66.78,1.91,14,0,General,1000.0,6.6,13.24,80.68
93.83,89.32,4.51,23,5,General,1000.0,65.3,11.97,100.0
13.12,11.09,2.02,6,2,Recyclable,1200.0,31.8,9.98,24.4
40.1,35.79,4.31,22,4,General,1500.0,48.9,14.67,52.61
60.46,59.3,1.15,2,0,General,800.0,82.1,14.91,74.11
73.36,71.9,1.46,18,1,Recyclable,800.0,52.9,8.69,81.48
52.35,50.25,2.11,0,4,Recyclable,1000.0,41.0,5.95,55.79
34.23,33.03,1.2,22,0,Recyclable,1200.0,22.5,5.49,41.54
79.45,74.99,4.46,23,5,Organic,1200.0,32.4,26.15,100.0
33.8,28.89,4.91,5,1,Organic,1000.0,92.8,16.0,51.08
70.11,67.22,2.89,5,4,General,1000.0,92.6,11.3,78.99
41.38,36.7,4.68,4,6,Organic,1000.0,55.6,21.21,64.11
19.92,18.99,0.93,5,6,General,1200.0,57.8,6.03,25.54
44.72,42.72,2.0,10,0,Recyclable,1000.0,112.1,9.97,57.85
77.6,76.29,1.31,2,4,General,800.0,25.8,7.4,87.07
36.88,33.38,3.49,17,6,Recyclable,1500.0,71.4,14.64,47.06
47.29,46.04,1.25,16,0,Recyclable,1200.0,70.1,8.32,51.19
46.68,44.49,2.19,18,1,Organic,1500.0,41.3,15.6,62.22
22.89,17.78,5.11,4,2,Organic,1200.0,38.8,19.04,41.08
84.53,81.22,3.3,5,4,Recyclable,1200.0,42.4,10.1,90.23
22.74,17.98,4.76,11,4,Organic,1000.0,29.1,19.16,41.63
39.38,36.99,2.39,9,5,Recyclable,1000.0,23.4,7.82,42.55
87.51,85.39,2.12,17,0,Recyclable,800.0,18.4,8.92,97.88
70.12,66.49,3.62,8,5,General,1200.0,20.0,15.22,85.54
20.44,17.14,3.29,13,3,Recyclable,1000.0,29.8,11.29,33.63
60.26,58.84,1.42,8,4,Recyclable,800.0,49.1,8.15,67.15
43.84,40.62,3.22,10,5,Recyclable,1000.0,65.4,8.67,46.94
29.09,24.31,4.78,18,5,Organic,1500.0,55.4,18.63,48.28
40.8,37.09,3.71,21,1,General,1500.0,70.5,15.15,52.98
22.64,18.06,4.58,7,0,General,1200.0,50.9,15.61,38.55
77.98,77.06,0.92,16,4,Organic,800.0,43.2,13.98,89.74
70.7,70.35,0.34,21,3,Recyclable,800.0,64.3,6.35,72.9
38.42,36.12,2.3,2,1,Organic,1000.0,10.9,9.44,49.77
23.27,21.01,2.27,7,0,General,800.0,86.5,6.25,28.07
60.58,55.59,4.99,4,2,Organic,1200.0,42.0,15.08,77.08
94.04,93.08,0.96,13,2,Recyclable,1500.0,73.2,10.44,100.0
37.54,35.35,2.19,9,6,General,800.0,12.3,10.06,45.1
79.48,76.37,3.11,9,6,Recyclable,1000.0,42.3,14.48,93.77
75.78,74.38,1.39,20,3,General,1200.0,44.8,9.45,85.17
53.56,50.22,3.33,1,4,General,800.0,89.5,10.85,63.57
21.24,17.96,3.28,1,6,Organic,800.0,108.3,18.08,37.36
44.45,44.93,-0.49,11,6,Recyclable,800.0,60.7,5.9,53.49
58.73,55.37,3.36,20,3,General,1000.0,100.9,10.94,69.72
17.04,15.39,1.65,20,2,Recyclable,1500.0,73.2,9.9,26.69
58.14,54.25,3.9,14,5,Organic,1000.0,58.2,15.81,75.35
60.58,57.18,3.4,12,2,Organic,1000.0,8.1,11.67,76.85
71.9,70.92,0.98,10,1,General,800.0,60.5,8.1,78.87
92.25,89.43,2.83,11,2,General,800.0,2.6,7.23,99.03
74.46,72.38,2.08,16,6,Recyclable,800.0,77.4,15.16,90.55
64.97,62.03,2.94,8,4,General,1000.0,83.8,15.03,80.27
72.14,70.86,1.28,7,1,Recyclable,1200.0,24.7,4.96,78.46
48.69,46.17,2.51,6,0,Recyclable,1000.0,63.6,4.44,54.13
69.18,68.83,0.36,22,6,General,1500.0,42.1,6.77,76.59
72.72,69.65,3.07,12,1,General,1500.0,63.4,15.14,89.99
10.81,10.86,-0.05,16,4,Organic,1000.0,8.2,8.98,19.06
17.79,13.98,3.81,19,4,Organic,800.0,41.7,13.58,30.81
82.49,78.96,3.53,4,0,Recyclable,1500.0,86.4,6.38,86.45
76.84,71.76,5.08,5,6,Organic,1500.0,12.6,27.69,100.0
24.2,23.14,1.06,7,3,Recyclable,800.0,119.0,8.91,36.35
13.99,11.55,2.44,8,0,General,1000.0,47.3,7.2,23.57
28.39,24.94,3.45,19,1,General,800.0,63.2,12.3,38.34
94.69,92.91,1.78,2,5,Recyclable,800.0,107.9,10.31,100.0
83.11,79.92,3.19,23,2,General,1200.0,56.0,14.95,100.0
33.92,30.63,3.29,5,2,General,800.0,31.8,13.35,46.01
68.08,66.07,2.01,16,1,General,1500.0,11.0,9.84,79.98
39.56,34.92,4.65,12,4,Organic,800.0,82.0,19.55,59.72
23.63,22.75,0.88,12,0,General,800.0,41.4,9.09,35.79
84.94,83.79,1.15,18,6,Recyclable,1200.0,115.4,7.17,91.8
80.73,77.85,2.88,6,1,Recyclable,1500.0,61.9,10.54,90.09
32.08,28.61,3.47,23,4,General,1200.0,76.8,12.32,43.06
91.85,87.51,4.34,14,5,Organic,800.0,42.3,20.25,100.0
75.53,72.47,3.06,21,0,Organic,1000.0,85.6,10.33,86.12
67.46,63.86,3.61,2,3,Recyclable,800.0,54.6,11.92,79.05
51.53,47.78,3.76,22,1,General,1000.0,92.9,9.24,56.37
80.2,75.87,4.33,1,6,Organic,1000.0,37.2,19.99,99.49
22.84,17.17,5.67,20,6,Organic,1500.0,53.0,27.71,53.64
86.0,83.07,2.93,2,0,Organic,800.0,29.1,13.73,100.0
25.77,20.84,4.93,20,6,Organic,1200.0,104.5,28.02,55.01
35.0,31.85,3.15,2,3,Organic,1000.0,109.6,19.16,57.16
51.79,48.33,3.45,21,4,General,800.0,9.6,8.01,63.72
49.49,46.03,3.46,17,5,General,1200.0,82.3,8.99,60.01
90.98,87.32,3.66,10,5,General,1200.0,109.1,16.28,100.0
11.56,8.7,2.86,19,0,General,1000.0,58.9,11.71,21.71
12.82,11.36,1.46,21,6,General,1000.0,11.3,9.51,23.43
18.89,19.25,-0.37,2,2,Recyclable,1000.0,77.1,5.34,26.99
70.27,66.89,3.38,17,3,Organic,1000.0,104.8,15.58,88.46
86.06,84.18,1.88,21,1,Organic,1200.0,66.6,9.12,99.55
71.61,69.41,2.2,11,4,Recyclable,800.0,72.0,7.51,79.97
73.26,72.58,0.68,20,6,Organic,1500.0,104.9,18.96,92.03
38.25,34.57,3.68,2,3,Recyclable,1000.0,66.0,9.23,46.52
31.9,30.36,1.54,20,6,Recyclable,1000.0,56.6,5.52,40.57
13.41,10.33,3.08,8,3,Recyclable,1000.0,104.3,11.9,28.87
77.4,76.68,0.72,18,2,Recyclable,1000.0,79.3,8.78,88.94
75.96,73.37,2.59,22,1,Organic,1500.0,49.8,11.3,82.61
51.84,50.02,1.82,14,5,General,1500.0,31.2,17.45,71.07
43.24,40.69,2.56,1,2,Organic,800.0,116.4,10.29,53.34
29.95,25.76,4.19,21,5,General,1500.0,106.3,8.37,38.83
48.2,46.56,1.64,11,0,Recyclable,800.0,71.4,5.17,52.67
40.32,37.67,2.65,16,0,General,1500.0,65.0,14.47,57.39
55.89,52.67,3.23,13,1,Organic,800.0,6.0,15.81,71.81
29.1,27.72,1.38,4,0,General,800.0,23.2,12.4,43.04
68.31,64.06,4.24,17,4,General,800.0,4.1,12.96,82.27
66.68,63.04,3.65,12,3,Organic,1500.0,18.5,14.84,81.77
72.12,71.29,0.83,5,4,Recyclable,1200.0,20.4,5.51,75.79
41.82,36.59,5.22,17,0,Organic,1000.0,4.1,21.7,65.62
68.61,63.86,4.75,18,6,Organic,1500.0,81.8,27.34,97.93
65.92,63.82,2.1,5,6,General,800.0,119.9,7.07,73.4
84.67,80.99,3.68,13,3,Organic,1000.0,49.7,18.34,100.0
47.02,42.19,4.84,23,5,General,1000.0,98.5,13.98,63.33
43.67,39.97,3.71,0,0,General,1500.0,84.1,9.66,52.14
24.32,23.13,1.19,1,5,Recyclable,800.0,77.8,11.31,34.97
12.18,8.59,3.59,11,4,Recyclable,1000.0,42.3,7.83,20.35
56.7,53.07,3.63,11,2,Organic,1200.0,90.1,13.52,71.01
26.76,21.73,5.02,18,1,Organic,1000.0,58.5,13.32,39.88
78.26,75.93,2.33,15,1,Recyclable,1500.0,65.6,6.46,87.83
20.36,19.67,0.69,11,1,General,1200.0,23.4,12.16,32.97
31.81,28.43,3.38,3,5,General,1200.0,115.6,11.67,45.79
90.87,89.11,1.76,21,4,General,1000.0,73.0,12.33,100.0
44.94,39.94,5.0,7,0,Organic,1000.0,101.1,16.55,59.37
67.07,64.31,2.76,18,3,Organic,1000.0,97.5,19.92,84.51
83.89,81.11,2.78,20,0,Organic,1000.0,57.8,11.29,94.89
29.72,25.0,4.72,1,2,Organic,1200.0,48.1,15.65,48.65
71.58,70.0,1.59,23,3,Recyclable,1000.0,3.9,7.57,78.08
75.67,72.28,3.39,4,0,Recyclable,1500.0,33.3,11.24,84.89
62.46,59.45,3.01,1,3,Organic,800.0,54.2,12.81,74.06
67.81,65.48,2.33,2,5,Recyclable,1000.0,29.2,11.37,78.12
72.11,71.3,0.8,7,5,Recyclable,1500.0,56.9,11.0,84.5
18.22,12.01,6.21,15,3,Organic,800.0,55.1,15.5,32.72
22.96,19.63,3.32,7,3,Organic,800.0,119.1,13.59,39.0
76.97,75.17,1.8,20,3,Recyclable,1000.0,104.0,6.06,82.21
17.45,14.5,2.95,8,0,General,1200.0,112.6,9.6,28.68
53.83,49.64,4.2,10,6,Recyclable,1000.0,110.5,11.45,67.72
55.88,51.78,4.09,23,1,Organic,1000.0,76.1,13.56,70.31
16.88,14.52,2.35,1,2,Organic,1000.0,49.6,12.27,29.38
83.27,82.29,0.98,13,0,Recyclable,1000.0,110.9,5.06,88.1
41.24,39.84,1.4,1,3,Recyclable,800.0,10.0,5.17,46.27
84.47,82.16,2.31,5,4,General,1200.0,34.8,15.36,100.0
57.98,55.27,2.71,1,5,Organic,1200.0,24.6,17.43,78.16
30.33,24.12,6.21,8,3,Organic,1000.0,18.8,21.77,50.98
94.72,92.44,2.28,6,3,General,1500.0,98.0,11.09,100.0
21.11,20.47,0.64,2,6,Recyclable,1200.0,106.6,9.63,30.11
91.92,90.32,1.6,20,5,General,1000.0,31.3,9.87,100.0
62.61,61.11,1.5,17,4,Recyclable,800.0,40.2,5.52,67.26
48.62,46.48,2.14,22,4,General,1000.0,101.6,11.48,57.63
43.53,40.68,2.85,20,1,Organic,800.0,56.2,13.26,57.13
31.65,31.18,0.46,7,4,Recyclable,1500.0,101.2,7.5,41.58
29.29,25.11,4.18,22,4,Organic,1200.0,106.9,14.3,43.44
66.02,60.22,5.8,2,0,General,800.0,96.7,13.46,79.85
39.72,35.61,4.11,6,2,Organic,1500.0,93.4,12.15,48.32
74.97,72.77,2.2,5,6,General,1500.0,33.3,12.6,87.64
66.72,63.43,3.3,3,5,General,1500.0,3.2,15.76,84.93
86.14,84.24,1.9,3,3,Recyclable,1200.0,40.0,7.83,94.51
54.27,51.02,3.24,1,2,General,1000.0,74.7,15.2,69.05
41.96,39.14,2.82,17,5,Organic,1500.0,66.9,12.13,53.43
64.89,60.09,4.8,22,6,Organic,800.0,35.7,26.54,88.12
49.15,46.88,2.26,7,5,General,1200.0,101.4,13.55,61.1
13.67,9.3,4.37,20,6,General,1500.0,21.4,15.37,30.22
39.1,34.68,4.43,4,4,Organic,800.0,50.8,10.11,49.37
17.97,15.19,2.78,4,6,Organic,1500.0,70.1,13.16,31.09
84.92,81.83,3.09,2,1,General,1000.0,34.8,13.42,95.54
25.98,24.95,1.04,12,0,Recyclable,1500.0,43.9,8.93,35.08
73.39,73.44,-0.06,1,4,Recyclable,800.0,25.9,4.28,79.24
84.52,82.66,1.86,3,6,Organic,800.0,119.6,15.96,100.0
43.28,40.68,2.6,7,6,Recyclable,800.0,50.7,11.37,52.29
50.88,48.65,2.24,23,4,General,1500.0,77.8,11.88,60.78
60.95,60.09,0.86,18,0,Recyclable,1200.0,73.1,7.89,67.54
80.14,78.0,2.14,12,3,Recyclable,1000.0,63.4,5.68,82.08
15.32,13.76,1.55,14,2,Recyclable,800.0,96.6,6.97,23.44
52.17,48.71,3.47,14,5,General,1200.0,23.0,14.85,69.2
27.25,22.85,4.4,9,1,General,1200.0,68.7,15.5,44.3
76.52,73.21,3.31,2,5,General,1000.0,8.6,15.3,90.75
70.01,67.24,2.77,6,6,Recyclable,1000.0,76.5,14.95,85.25
29.14,27.08,2.07,19,0,Recyclable,1500.0,17.5,4.46,31.7
33.12,30.9,2.22,9,0,Recyclable,800.0,91.6,6.0,38.14
87.05,84.66,2.39,3,1,Organic,800.0,18.4,8.88,96.15
66.42,64.24,2.19,14,6,Organic,800.0,115.7,10.8,76.01
93.41,90.39,3.02,2,6,Recyclable,1000.0,32.3,12.8,100.0
61.72,55.72,6.01,8,0,Organic,1000.0,43.2,21.61,86.59
57.7,55.52,2.19,1,3,General,1000.0,63.8,14.51,72.63
16.95,14.49,2.45,0,1,General,800.0,56.1,11.44,26.61
49.3,46.14,3.15,6,5,General,1500.0,50.6,12.69,60.53
14.42,12.39,2.02,6,4,Organic,1500.0,94.8,14.43,29.4
20.73,19.4,1.33,19,3,Recyclable,1000.0,79.8,4.14,21.75
57.43,55.01,2.42,23,5,Recyclable,1200.0,67.2,13.01,72.2
65.83,62.1,3.73,17,2,Organic,1200.0,99.0,9.48,74.78
40.32,38.68,1.64,4,4,Recyclable,1500.0,91.4,4.75,47.63
23.43,19.79,3.63,11,1,Recyclable,1200.0,84.1,8.26,34.29
93.6,91.99,1.61,0,6,Organic,1500.0,18.6,15.44,100.0
77.88,73.93,3.96,18,0,Organic,1500.0,116.2,12.38,92.55
93.65,90.24,3.41,12,1,General,1500.0,80.8,12.21,100.0
54.83,52.22,2.61,1,1,General,1000.0,86.9,11.6,66.28
88.05,86.08,1.96,11,0,General,1200.0,15.1,10.76,100.0
52.01,49.05,2.96,15,4,General,1500.0,99.7,11.49,62.68
26.26,22.8,3.45,22,5,General,800.0,74.4,13.4,42.1
12.64,9.29,3.35,1,1,Organic,1200.0,89.2,11.56,24.6
65.7,64.49,1.21,22,6,Organic,1500.0,119.0,13.44,81.17
40.63,38.94,1.7,20,4,General,1000.0,10.1,8.16,49.23
77.02,73.22,3.79,17,2,General,800.0,80.5,16.39,91.13
83.49,81.47,2.02,2,2,Recyclable,1000.0,66.5,7.68,93.99
72.89,71.83,1.06,22,5,General,1500.0,110.3,6.42,81.08
71.77,67.08,4.68,22,0,General,1500.0,38.0,15.63,91.58
15.81,15.4,0.41,8,0,Recyclable,1500.0,33.1,4.96,19.67
35.49,32.05,3.44,3,2,General,1500.0,89.7,8.97,41.92
55.16,51.04,4.12,15,5,Organic,1500.0,100.9,21.8,79.28
28.72,26.85,1.87,20,4,General,800.0,59.6,8.52,38.53
91.25,88.93,2.32,22,6,General,1500.0,5.0,6.65,94.23
38.97,37.92,1.05,21,4,Organic,1200.0,21.4,9.93,48.35
53.55,50.51,3.04,21,3,Organic,800.0,14.3,11.32,61.38
63.9,60.52,3.38,17,0,General,800.0,10.4,13.28,77.1
92.58,87.09,5.49,16,2,Organic,1500.0,41.1,11.88,100.0
10.47,7.37,3.1,7,2,General,1500.0,2.9,11.17,20.13
28.57,25.2,3.38,21,5,General,800.0,48.8,10.39,38.57
55.19,53.54,1.64,22,0,General,1200.0,105.8,14.18,69.25
89.0,86.26,2.75,7,3,Organic,1200.0,21.5,14.31,100.0
67.34,65.88,1.46,6,3,General,1000.0,37.0,8.58,76.76
31.9,31.61,0.28,14,3,Recyclable,1000.0,9.0,4.41,33.9
41.37,39.24,2.13,7,3,General,800.0,16.3,10.56,51.6
64.95,61.4,3.55,12,1,Organic,1000.0,106.8,17.05,82.46
24.61,22.78,1.83,20,1,General,800.0,77.3,7.54,30.66
45.87,45.65,0.23,0,6,Recyclable,800.0,36.8,5.32,50.8
39.17,36.41,2.76,5,3,Recyclable,800.0,88.0,8.47,51.19
56.12,54.13,1.98,11,1,Organic,1500.0,103.7,9.09,65.72
18.4,12.76,5.64,21,3,Organic,1500.0,107.0,18.63,40.0
13.81,10.74,3.06,14,3,General,1200.0,91.9,14.95,28.43
16.1,13.01,3.08,16,0,Organic,1000.0,50.3,12.77,31.26
68.5,66.62,1.88,4,5,Recyclable,1500.0,18.6,9.92,79.26
13.31,10.02,3.3,9,2,General,1000.0,5.7,9.84,22.27
86.51,81.66,4.85,9,3,General,800.0,15.7,8.89,92.96
93.64,93.62,0.02,14,5,Recyclable,1500.0,36.0,13.8,100.0
80.86,76.6,4.26,9,1,General,1500.0,54.0,13.62,95.59
32.97,30.91,2.06,6,3,General,1200.0,116.0,9.42,40.03
63.23,59.72,3.51,18,4,General,800.0,59.7,12.53,77.88
62.76,63.26,-0.51,20,3,Recyclable,800.0,25.8,8.56,68.31
60.41,57.58,2.83,21,4,Organic,1200.0,72.7,9.85,70.82
49.68,46.85,2.82,5,0,General,1200.0,6.1,12.81,62.43
41.9,41.81,0.1,0,5,Recyclable,1500.0,35.7,11.32,50.91
71.69,70.8,0.89,17,3,General,1200.0,107.5,11.55,86.62
27.04,20.31,6.73,19,4,Organic,800.0,14.9,21.38,50.35
31.76,30.63,1.13,14,5,Organic,800.0,5.6,16.08,47.36
54.81,50.98,3.84,20,3,Organic,1000.0,76.6,20.21,73.29
10.75,7.71,3.04,7,1,Recyclable,800.0,119.7,11.66,21.7
22.14,18.97,3.17,4,3,General,1500.0,90.9,13.4,35.84
17.53,13.85,3.68,13,5,Organic,1500.0,59.5,21.57,35.39
90.55,87.47,3.08,18,2,Recyclable,1000.0,10.5,10.47,100.0
30.59,24.03,6.55,1,1,Organic,1000.0,58.4,19.79,48.85
78.3,76.47,1.83,22,2,Recyclable,1000.0,111.6,6.25,80.54
28.64,24.91,3.73,18,4,General,1200.0,6.0,13.79,43.1
83.69,80.82,2.87,3,5,General,1500.0,55.6,13.2,100.0
79.92,76.79,3.12,21,5,Recyclable,1200.0,96.9,12.63,95.65
21.38,17.51,3.87,10,0,Organic,1500.0,76.3,11.98,32.93
13.98,10.24,3.74,5,0,General,1200.0,34.6,11.11,29.97
72.98,71.67,1.31,10,0,Recyclable,800.0,39.3,5.97,76.85
77.06,76.04,1.02,12,2,Recyclable,800.0,107.2,6.51,83.23
68.4,66.55,1.85,0,3,Organic,1200.0,60.3,9.25,79.45
70.61,68.11,2.5,0,3,Organic,1200.0,80.6,10.34,81.34
50.41,49.28,1.13,4,1,Recyclable,800.0,76.9,6.15,56.31
19.43,17.98,1.45,2,3,General,800.0,76.9,10.76,29.55
41.55,37.68,3.87,21,5,Organic,800.0,104.6,23.5,66.56
21.61,19.03,2.58,17,2,General,1500.0,78.9,10.74,36.28
34.43,28.96,5.47,16,5,General,1000.0,45.4,17.88,52.55
30.56,27.11,3.45,1,5,General,800.0,109.5,12.88,41.45
38.07,36.14,1.93,19,4,General,1200.0,108.9,13.36,50.33
75.7,70.75,4.95,11,2,Organic,1000.0,63.5,18.84,94.92
38.23,35.12,3.11,22,1,Recyclable,1200.0,42.3,7.48,42.78
56.61,52.47,4.15,18,0,Organic,1500.0,105.8,17.28,74.38
27.6,24.63,2.97,7,2,General,800.0,20.0,8.91,34.92
50.27,47.44,2.83,7,0,General,1200.0,8.8,13.47,63.85
29.16,26.97,2.19,9,0,Recyclable,1000.0,25.1,6.93,37.81
78.95,77.55,1.39,14,6,Organic,1500.0,77.0,13.07,93.06
34.69,30.6,4.1,14,6,Organic,800.0,57.5,27.1,64.02
63.63,63.65,-0.02,21,0,Recyclable,1000.0,54.8,4.06,66.12
91.8,86.62,5.18,21,5,General,1000.0,75.3,15.49,100.0
24.09,21.1,2.99,11,4,Organic,1200.0,54.6,8.61,33.51
82.57,77.77,4.81,5,0,Organic,1500.0,30.6,19.1,100.0
58.41,53.17,5.24,17,2,Organic,1200.0,32.6,21.74,78.82
80.5,80.0,0.5,1,0,Recyclable,1200.0,88.4,4.11,84.37
23.74,22.62,1.12,3,6,Recyclable,1000.0,58.3,13.08,39.17
74.9,68.29,6.61,11,0,Organic,800.0,102.9,21.44,97.56
78.7,76.67,2.04,2,3,Recyclable,800.0,32.0,8.12,88.05
41.6,38.11,3.49,20,5,General,1200.0,48.3,13.61,53.86
76.94,76.35,0.59,19,4,Recyclable,1200.0,31.6,6.86,83.25
88.05,85.27,2.78,9,2,General,1200.0,14.0,7.92,97.46
83.68,83.71,-0.04,3,4,General,1500.0,35.3,7.75,88.3
81.37,79.64,1.73,6,6,Organic,1200.0,19.0,16.34,96.9
56.28,54.39,1.89,7,0,Recyclable,1500.0,26.1,11.11,66.55
15.87,14.07,1.8,4,0,Recyclable,1200.0,113.0,4.57,22.86
49.38,46.27,3.11,19,6,Organic,800.0,7.4,19.79,64.05
27.05,24.42,2.63,20,4,General,1500.0,26.0,13.23,37.98
74.52,70.6,3.92,4,0,Organic,1500.0,73.9,13.82,89.27
94.96,92.12,2.85,15,5,Recyclable,800.0,49.9,8.7,100.0
74.08,71.19,2.88,1,6,Organic,1000.0,4.4,17.94,92.23
40.75,38.4,2.35,14,0,Recyclable,1200.0,114.0,7.85,49.1
24.63,21.08,3.55,23,1,General,1500.0,116.7,13.08,38.15
83.24,79.49,3.76,8,4,Recyclable,800.0,34.3,9.83,90.63
69.6,64.08,5.52,14,4,General,1200.0,87.8,17.48,88.06
76.83,75.1,1.73,17,0,Recyclable,1200.0,88.7,5.3,82.73
92.47,90.26,2.21,3,2,Recyclable,800.0,53.6,9.63,100.0
46.52,44.16,2.36,15,5,General,1500.0,38.4,13.69,59.15
29.27,22.45,6.82,19,6,Organic,1500.0,105.8,27.73,59.04
77.72,74.03,3.69,23,6,Recyclable,1200.0,31.6,12.2,91.28
34.45,32.79,1.65,11,0,General,1000.0,38.2,13.79,46.5
31.01,28.28,2.72,17,0,Recyclable,1200.0,44.0,8.84,40.27
90.28,88.79,1.48,21,6,Recyclable,1200.0,77.7,9.09,98.65
94.18,91.95,2.23,9,0,Recyclable,800.0,40.4,8.81,100.0
92.51,90.51,2.0,8,4,Recyclable,1000.0,15.4,5.43,100.0
16.29,11.55,4.74,1,0,Organic,1200.0,73.4,15.28,29.56
22.24,19.31,2.93,14,5,Recyclable,1500.0,72.3,12.37,34.07
65.12,61.95,3.18,1,5,Organic,1200.0,33.6,21.75,82.86
61.85,58.45,3.4,3,2,General,1500.0,38.9,13.07,72.9
72.61,69.79,2.81,23,5,General,1500.0,106.2,15.45,90.39
59.55,58.73,0.82,3,2,General,800.0,31.9,6.15,63.91
67.16,64.95,2.21,16,1,Recyclable,1000.0,117.3,5.51,75.01
78.61,78.07,0.55,3,4,Organic,1200.0,103.6,9.18,90.55
69.57,66.76,2.82,6,0,General,800.0,26.1,12.71,83.42
40.26,37.18,3.08,10,1,Organic,1500.0,3.9,8.41,44.92
67.19,64.71,2.48,15,6,Recyclable,1000.0,11.6,11.51,80.49
76.88,74.04,2.84,5,0,Organic,1200.0,48.9,11.97,92.27
46.34,40.85,5.48,10,0,Organic,1200.0,26.3,18.79,62.37
12.98,11.09,1.89,1,4,Recyclable,1000.0,94.9,10.88,21.82
55.48,52.93,2.55,14,3,Recyclable,1000.0,19.0,8.0,65.19
27.09,23.79,3.3,6,4,Organic,1200.0,71.6,16.38,43.44
70.6,67.66,2.94,0,5,Organic,1000.0,3.4,15.51,84.11
66.46,65.85,0.6,12,6,General,1500.0,106.0,9.43,75.41
31.25,28.7,2.55,22,0,General,800.0,62.8,9.1,40.66
28.37,24.88,3.48,4,3,General,1000.0,97.5,14.28,38.21
37.08,32.87,4.21,5,2,Organic,800.0,108.6,11.24,48.36
85.17,84.64,0.53,15,2,Recyclable,1000.0,42.7,10.36,93.27
44.94,42.41,2.54,19,6,General,1500.0,87.2,10.59,59.02
39.34,37.58,1.77,9,2,Recyclable,1000.0,50.9,8.33,45.91
54.13,50.54,3.59,13,6,Organic,1200.0,73.7,14.45,66.78
91.59,91.49,0.1,8,6,Recyclable,800.0,74.7,7.48,94.41
74.06,72.56,1.5,1,2,Recyclable,800.0,26.0,7.29,83.2
61.48,58.6,2.88,6,1,Organic,800.0,15.8,9.62,68.53
75.7,75.13,0.58,0,0,General,1000.0,114.3,12.79,86.27
70.74,69.93,0.81,21,3,General,800.0,106.0,8.22,79.23
27.29,22.29,5.0,21,0,General,1200.0,17.0,14.74,41.63
51.17,49.08,2.08,13,5,Recyclable,800.0,3.6,9.41,62.46
82.07,79.92,2.16,16,4,General,1000.0,66.4,16.12,97.21
90.12,86.05,4.06,2,2,Organic,1200.0,7.1,11.24,98.42
41.83,38.01,3.82,10,1,Organic,1200.0,45.6,17.89,57.45
63.72,62.68,1.04,23,6,General,1500.0,13.3,9.73,74.28
67.59,66.61,0.97,2,4,General,1200.0,91.5,9.5,78.48
39.49,36.87,2.62,16,6,Organic,1200.0,48.1,22.46,64.09
63.75,60.79,2.96,9,4,Recyclable,800.0,20.5,8.63,75.39
60.98,58.71,2.27,11,1,Organic,1500.0,103.7,10.6,74.79
42.54,41.7,0.84,17,5,Recyclable,1500.0,99.0,12.44,50.65
89.82,87.51,2.31,0,5,General,800.0,77.1,8.64,100.0
60.6,59.01,1.59,6,4,Recyclable,1200.0,33.2,5.75,68.97
17.51,14.67,2.85,11,0,Organic,1500.0,84.5,10.63,25.17
84.73,84.04,0.69,4,3,Recyclable,1500.0,30.7,4.27,89.94
85.49,81.98,3.51,6,4,General,1000.0,40.4,14.98,99.7
15.72,15.22,0.49,19,3,General,1200.0,13.2,11.77,25.13
91.7,87.59,4.11,20,2,General,1000.0,107.2,9.18,100.0
11.22,8.37,2.85,17,0,General,1500.0,92.2,9.98,20.41
89.77,87.94,1.83,9,2,Organic,800.0,50.9,8.07,96.63
70.13,66.95,3.18,19,2,Organic,1200.0,47.9,14.19,80.12
47.66,44.71,2.95,21,0,Organic,1000.0,60.3,14.57,65.42
80.79,77.43,3.36,21,1,Organic,1500.0,44.8,21.29,100.0
15.93,9.19,6.75,0,6,Organic,1500.0,67.5,28.13,43.29
66.76,64.67,2.09,13,1,Recyclable,1500.0,100.8,7.64,71.86
87.37,83.34,4.03,12,4,Recyclable,1000.0,77.4,9.49,97.93
60.39,58.43,1.96,21,3,Recyclable,1500.0,43.9,8.67,70.53
66.02,59.92,6.1,12,2,Organic,1200.0,26.9,20.36,89.36
78.22,76.09,2.14,19,4,Organic,1000.0,119.7,12.01,93.45
82.03,77.35,4.68,19,3,General,1200.0,9.4,10.65,90.18
89.73,84.9,4.83,10,1,General,1000.0,12.0,17.43,100.0
32.83,29.52,3.31,19,6,Organic,800.0,13.9,18.94,51.81
47.38,42.2,5.18,7,2,General,1000.0,34.8,15.68,64.23
40.2,38.31,1.89,3,4,Recyclable,1000.0,81.5,6.05,46.92
23.17,21.29,1.88,1,6,Recyclable,1200.0,11.8,14.19,40.36
59.36,57.99,1.37,13,2,Recyclable,1500.0,61.7,5.1,60.9
93.66,89.87,3.79,22,1,General,800.0,48.7,10.42,99.43
56.52,54.54,1.97,16,6,General,1000.0,119.0,11.36,64.02
75.04,71.02,4.02,20,1,Organic,800.0,113.0,15.88,94.32
40.72,39.61,1.11,17,6,Recyclable,1200.0,103.5,13.92,54.09
85.64,82.48,3.16,5,2,Recyclable,800.0,98.5,11.23,100.0
92.47,89.29,3.18,12,2,Organic,1000.0,112.0,13.64,100.0
80.19,78.79,1.39,5,6,Organic,1500.0,35.7,13.73,92.79
85.99,79.6,6.39,4,5,Organic,1500.0,41.8,27.49,100.0
54.37,52.62,1.74,3,4,Recyclable,800.0,71.5,8.16,63.28
32.56,31.31,1.25,12,0,General,1500.0,67.4,9.98,42.49
61.85,55.75,6.1,14,2,General,800.0,111.1,18.54,76.14
62.3,58.87,3.43,16,5,General,1200.0,91.7,15.63,79.14
24.51,24.27,0.25,20,6,Recyclable,800.0,5.6,13.81,38.76
75.75,72.3,3.45,19,5,General,800.0,16.6,10.68,87.82
75.74,72.99,2.75,7,2,Organic,1000.0,110.0,14.52,93.37
73.82,73.16,0.66,16,0,Recyclable,1500.0,16.8,7.14,81.31
41.1,35.61,5.49,12,2,Organic,1000.0,39.5,20.98,61.15
12.56,10.05,2.51,7,2,Organic,1200.0,115.5,12.83,22.47
35.13,31.57,3.56,4,2,Organic,1500.0,75.1,10.69,47.73
48.73,44.45,4.28,16,0,Organic,1500.0,82.0,12.76,58.93
17.56,12.12,5.44,0,6,Organic,1500.0,119.0,25.86,41.12
17.85,16.08,1.77,11,6,Recyclable,1500.0,21.2,5.84,19.7
30.97,25.9,5.07,9,0,Organic,1000.0,57.6,15.02,47.69
79.48,75.42,4.06,15,0,Organic,1200.0,91.3,20.66,99.91
82.77,81.47,1.3,11,6,Recyclable,1500.0,44.1,12.66,93.22
72.03,69.65,2.37,20,0,General,1500.0,112.9,10.4,85.85
90.74,89.29,1.45,14,5,Recyclable,800.0,18.2,12.29,100.0
59.42,58.1,1.32,2,5,Organic,1500.0,14.5,10.68,70.67
90.13,88.18,1.94,10,4,Recyclable,1500.0,11.8,8.48,96.79
17.83,16.09,1.75,4,0,Organic,1200.0,71.0,13.06,32.1
55.24,51.27,3.97,12,2,Organic,1500.0,14.2,17.22,72.16
77.45,75.19,2.26,20,6,Recyclable,1000.0,5.7,9.6,90.83
31.49,28.2,3.29,21,1,General,800.0,70.2,12.14,43.93
40.82,37.87,2.95,16,5,Organic,1000.0,97.1,16.78,57.02
58.08,54.85,3.24,7,4,Recyclable,1200.0,23.6,11.3,71.69
27.36,25.51,1.85,4,5,General,1000.0,4.0,8.76,40.03
36.5,35.35,1.15,17,1,Recyclable,1500.0,31.5,11.5,49.0
30.33,29.3,1.03,10,6,General,1500.0,62.5,9.89,42.91
80.86,77.38,3.48,16,6,Organic,1200.0,98.1,17.74,99.66
55.71,52.51,3.21,14,6,General,1000.0,34.8,13.58,68.59
28.71,27.41,1.3,1,6,Recyclable,1200.0,63.2,6.83,32.38
36.61,32.17,4.44,6,3,Organic,1200.0,100.7,11.67,46.29
36.76,35.22,1.54,20,4,Organic,1200.0,7.1,9.28,47.15
10.69,7.54,3.14,13,3,General,1500.0,113.3,15.1,28.94
51.14,48.79,2.35,4,1,Recyclable,1500.0,62.7,10.75,61.39
10.54,6.87,3.67,3,6,Organic,1500.0,117.4,15.35,24.56
47.45,46.29,1.16,21,6,Recyclable,1200.0,17.6,13.73,60.7
66.06,62.85,3.21,16,2,General,800.0,83.2,14.44,82.4
23.62,20.81,2.81,15,6,Organic,800.0,22.2,17.99,43.35
18.52,16.16,2.37,13,2,Recyclable,1500.0,4.0,7.14,25.22
80.97,77.91,3.06,22,0,Organic,1500.0,117.0,8.33,87.37
14.3,12.19,2.12,16,2,General,1000.0,6.6,12.24,27.88
36.67,34.45,2.22,9,3,Recyclable,1500.0,31.2,10.25,46.77
55.51,55.23,0.28,7,6,Recyclable,1200.0,68.8,5.84,57.1
78.48,73.46,5.02,23,3,General,800.0,28.5,14.32,94.52
73.96,73.16,0.8,4,4,Organic,1200.0,8.1,10.96,84.6
27.73,24.51,3.22,22,3,Organic,800.0,37.0,11.03,37.37
67.77,67.04,0.74,3,5,Recyclable,800.0,8.7,9.45,76.06
32.09,28.7,3.38,19,6,Organic,1500.0,106.6,22.08,54.84
67.21,62.79,4.42,17,4,Organic,1500.0,99.3,19.56,90.94
33.0,29.63,3.38,9,0,Recyclable,1000.0,11.6,9.37,42.4
66.05,63.1,2.95,18,6,Recyclable,800.0,70.2,13.46,82.5
38.07,36.4,1.67,15,5,Recyclable,1200.0,68.6,9.65,48.57
18.46,17.3,1.16,14,1,General,1500.0,73.2,8.75,25.76
53.49,50.28,3.21,10,1,Recyclable,1200.0,9.2,8.82,61.62
90.16,87.78,2.38,23,0,General,1000.0,40.2,10.64,98.83
72.4,72.51,-0.11,1,3,Recyclable,1500.0,42.3,4.36,77.72
46.24,43.2,3.04,23,5,Organic,1200.0,66.7,21.89,69.15
85.68,85.8,-0.12,6,4,Recyclable,1000.0,70.1,4.4,90.42
83.36,80.98,2.37,5,3,Recyclable,800.0,19.8,10.4,90.04
77.34,72.05,5.29,3,3,General,1000.0,81.8,15.0,93.35
28.52,25.78,2.74,7,2,General,1000.0,80.1,8.72,37.1
57.31,53.39,3.92,14,3,General,800.0,42.4,15.18,73.06
76.28,72.32,3.97,0,4,Organic,1200.0,15.9,18.21,90.68
55.93,54.04,1.89,19,2,Recyclable,800.0,102.4,4.1,60.09
66.63,63.54,3.09,7,6,General,800.0,118.7,9.84,75.9
93.03,87.56,5.47,21,1,Organic,1500.0,49.8,19.62,100.0
51.57,48.79,2.78,7,4,Organic,1500.0,103.4,12.46,62.15
20.16,15.83,4.33,19,0,Organic,1200.0,69.6,17.33,39.66
76.33,76.59,-0.26,21,3,Recyclable,1500.0,81.5,4.74,80.99
20.67,16.93,3.74,15,2,Organic,1000.0,115.7,10.75,29.5
14.85,13.51,1.33,11,6,General,1200.0,14.4,8.23,22.72
68.59,65.49,3.1,5,0,Recyclable,1000.0,31.8,7.99,76.85
64.48,59.18,5.3,11,1,Organic,1000.0,57.0,13.11,79.21
72.25,68.4,3.85,12,0,General,800.0,111.0,13.56,88.27
89.1,88.28,0.82,10,3,Recyclable,1000.0,81.8,9.02,98.63
92.39,90.22,2.17,21,4,Recyclable,1200.0,46.6,8.68,99.62
40.15,38.08,2.07,14,5,Organic,1500.0,49.3,18.62,61.74
15.22,12.63,2.59,9,6,Recyclable,1000.0,98.0,11.94,26.45
61.15,58.36,2.79,5,2,Recyclable,1500.0,70.6,7.82,67.97
62.7,62.62,0.08,3,0,Recyclable,1200.0,84.4,4.3,67.51
31.61,30.07,1.55,19,2,Organic,1200.0,36.9,9.63,41.52
84.7,81.36,3.34,3,4,Recyclable,800.0,67.9,5.38,90.59
27.07,23.8,3.27,1,3,Organic,1500.0,39.2,15.03,43.24
67.67,67.23,0.45,22,1,General,800.0,40.1,7.95,72.46
45.93,43.31,2.61,9,0,Recyclable,1000.0,119.5,7.76,52.88
12.05,7.68,4.37,17,2,Organic,1200.0,15.7,16.55,30.21
81.01,75.47,5.54,10,3,General,1200.0,25.2,18.07,100.0
28.54,25.35,3.19,9,0,General,1200.0,112.4,6.68,38.72
61.43,58.04,3.39,22,0,Organic,800.0,28.0,15.58,78.14
29.28,25.61,3.67,14,6,General,800.0,80.6,13.48,44.38
43.81,40.8,3.01,18,2,Organic,1500.0,62.4,8.72,51.29
15.27,11.66,3.61,22,4,Organic,1200.0,10.4,15.08,32.4
87.99,88.31,-0.32,1,0,General,1000.0,93.8,7.14,96.32
60.08,57.67,2.42,16,0,General,1000.0,55.6,11.16,71.09
67.85,65.65,2.19,22,2,Recyclable,1000.0,21.6,10.05,78.16
17.75,12.25,5.5,18,2,Recyclable,1500.0,35.7,11.42,28.52
94.03,91.18,2.84,7,5,General,1500.0,6.9,6.22,100.0
27.66,24.53,3.13,12,1,Recyclable,1200.0,71.3,8.94,33.98
37.62,32.16,5.45,13,5,Organic,800.0,83.1,25.76,60.63
62.04,56.9,5.14,18,1,Organic,1500.0,4.0,18.36,83.6
54.36,51.36,3.0,16,4,Organic,1000.0,10.0,13.21,69.14
54.17,50.63,3.54,15,3,Recyclable,1500.0,119.6,7.22,65.16
27.71,21.9,5.81,22,2,General,1200.0,43.9,15.92,41.52
30.72,26.1,4.62,6,6,Organic,1200.0,79.4,16.77,48.17
31.64,27.62,4.02,15,3,Organic,1200.0,57.8,19.58,49.07
26.64,23.71,2.93,12,4,General,800.0,62.6,12.15,37.56
68.99,67.14,1.85,17,0,General,1000.0,23.6,7.93,77.56
59.71,57.77,1.94,22,4,Recyclable,1200.0,113.1,4.19,66.66
64.58,63.38,1.2,16,3,General,1000.0,34.5,10.24,75.19
78.71,75.19,3.52,21,2,Recyclable,800.0,74.2,9.02,88.3
77.21,77.77,-0.56,12,5,Recyclable,800.0,47.4,7.08,81.85
24.61,20.71,3.9,19,1,Organic,1500.0,63.1,9.23,36.79
34.95,32.57,2.38,14,2,General,800.0,33.4,10.91,47.85
67.72,63.0,4.72,9,4,Organic,1000.0,111.9,17.28,84.37
29.64,27.08,2.57,20,2,Organic,1200.0,107.9,8.69,35.61
74.43,72.51,1.92,1,5,General,1500.0,91.7,8.39,84.1
42.8,39.53,3.28,4,6,Organic,1200.0,46.1,11.92,54.16
46.4,42.78,3.62,22,5,Recyclable,1200.0,76.6,15.24,58.07
64.07,62.92,1.14,18,5,Recyclable,1200.0,49.0,8.46,73.59
22.17,16.99,5.18,3,6,Organic,1000.0,79.6,24.33,46.13
79.05,75.74,3.31,15,3,Organic,1200.0,11.7,11.74,92.23
76.73,72.62,4.11,5,1,General,1200.0,34.3,14.71,93.21
64.89,61.12,3.77,18,5,Organic,1000.0,62.2,19.51,84.14
30.03,27.64,2.39,18,3,General,1500.0,113.3,15.39,44.57
60.82,56.79,4.03,21,3,General,1200.0,11.7,15.87,76.83
50.42,46.44,3.97,11,6,Organic,800.0,102.2,23.46,75.83
71.23,69.64,1.59,16,2,General,1500.0,62.3,9.47,81.46
81.3,79.25,2.05,16,3,Organic,1500.0,81.2,9.48,88.76
14.01,12.0,2.01,14,1,Recyclable,1500.0,115.4,11.09,23.03
35.35,32.41,2.95,19,0,Recyclable,800.0,93.5,11.54,47.33
54.25,51.42,2.83,22,6,Recyclable,1500.0,54.0,8.78,63.07
16.24,10.93,5.3,23,5,Organic,800.0,80.3,14.95,29.44
79.72,78.53,1.19,16,2,Recyclable,800.0,78.6,5.57,86.37
94.64,91.65,2.99,19,2,Recyclable,800.0,53.4,8.77,100.0
10.02,8.73,1.29,21,5,Recyclable,1000.0,110.0,7.48,16.93
69.97,68.76,1.21,17,2,General,1200.0,38.3,9.98,81.96
13.03,10.96,2.06,15,1,Recyclable,1200.0,119.3,4.88,19.78
78.2,75.92,2.28,4,2,General,1200.0,42.3,9.92,88.45
10.84,8.43,2.41,3,2,Recyclable,1200.0,93.8,10.93,21.75
55.76,54.52,1.24,19,1,Recyclable,1200.0,119.1,5.99,58.32
44.3,42.89,1.4,18,5,General,1500.0,29.7,7.28,49.35
57.22,54.95,2.27,2,5,Organic,1000.0,36.4,13.81,70.93
38.06,36.99,1.08,15,1,Recyclable,1200.0,14.6,7.94,46.93
34.11,32.16,1.95,1,2,Recyclable,1000.0,40.5,9.74,42.91
24.61,23.07,1.54,20,4,General,1500.0,58.2,7.19,31.31
75.4,73.47,1.94,10,0,Recyclable,800.0,112.3,8.09,88.48
43.43,41.17,2.27,6,2,Recyclable,1000.0,66.3,7.02,48.65
65.65,61.22,4.43,0,5,General,1200.0,50.5,14.3,80.15
25.81,24.23,1.58,12,6,Recyclable,1200.0,114.2,7.49,34.12
82.5,77.65,4.85,4,4,Organic,1000.0,15.7,17.79,100.0
50.61,46.06,4.55,2,6,Organic,1200.0,58.4,21.69,71.63
73.39,70.81,2.58,17,2,General,1200.0,99.5,13.57,89.53
22.62,20.48,2.15,3,4,Recyclable,1000.0,72.4,6.85,26.44
35.49,33.75,1.74,23,0,Organic,1500.0,77.8,11.32,45.89
50.06,46.76,3.3,3,1,General,1200.0,57.8,7.93,57.23
58.94,57.07,1.87,4,2,Recyclable,800.0,102.7,4.58,63.13
17.63,15.66,1.97,1,0,Recyclable,1500.0,109.5,6.38,22.56
58.48,54.97,3.51,10,4,General,800.0,70.6,8.54,66.13
26.61,24.75,1.86,4,4,Recyclable,1000.0,21.6,8.28,34.57
90.93,88.43,2.49,23,6,General,1200.0,89.1,9.39,99.62
29.29,24.57,4.72,19,1,Organic,800.0,89.8,14.51,45.56
51.57,48.35,3.21,9,2,General,800.0,43.5,10.45,58.52
77.69,73.31,4.38,7,3,Organic,1500.0,100.3,18.15,96.98
13.49,13.07,0.42,0,0,Recyclable,800.0,89.9,8.36,19.96
49.46,46.95,2.51,19,6,Recyclable,800.0,75.1,11.27,60.23
73.63,71.16,2.47,2,3,Recyclable,1500.0,58.9,6.34,74.79
70.12,65.32,4.8,1,3,Recyclable,1000.0,31.8,8.2,79.17
40.43,38.2,2.22,16,5,Recyclable,1500.0,41.4,5.43,46.2
51.85,46.97,4.88,3,5,Organic,1500.0,84.7,27.48,78.98
86.28,83.58,2.7,11,3,Recyclable,1200.0,16.1,4.55,92.88
59.63,56.23,3.41,20,2,Organic,800.0,26.4,15.78,76.27
80.35,76.23,4.13,20,4,Organic,800.0,89.3,11.84,93.23
73.58,69.91,3.67,5,1,General,1500.0,100.7,11.18,86.93
89.06,85.13,3.94,13,1,Organic,800.0,64.3,18.07,100.0
61.05,58.32,2.73,9,4,General,1000.0,21.6,11.64,74.47
74.79,69.11,5.68,7,4,Organic,1200.0,71.8,20.92,95.68
33.77,30.73,3.04,3,1,General,800.0,18.1,10.08,44.86
53.07,48.63,4.44,17,4,General,1000.0,103.0,11.83,66.4
42.97,37.43,5.54,5,5,Organic,1000.0,36.0,26.66,71.25
11.02,9.36,1.66,17,5,Recyclable,1500.0,67.2,14.77,23.4
62.21,60.11,2.09,23,0,General,1200.0,29.9,11.18,74.97
52.92,52.71,0.21,9,1,Recyclable,800.0,92.7,5.56,58.05
43.43,40.37,3.05,18,1,Recyclable,800.0,74.8,4.8,49.8
29.67,27.55,2.11,16,2,General,1000.0,49.7,17.82,49.09
48.73,45.52,3.21,22,2,Recyclable,1000.0,58.9,9.05,57.38
61.88,59.14,2.74,12,2,Recyclable,800.0,66.5,11.3,70.14
18.46,15.7,2.77,17,4,Recyclable,800.0,3.9,8.12,26.94
82.33,79.38,2.95,22,5,General,1500.0,42.8,9.94,93.09
86.44,83.23,3.2,20,5,General,1000.0,75.6,12.49,100.0
67.49,61.6,5.9,15,3,Organic,800.0,37.5,18.65,85.06
94.62,91.44,3.18,12,4,Recyclable,800.0,55.1,11.55,100.0
81.28,78.63,2.65,9,0,General,1500.0,97.4,15.86,96.69
55.76,53.81,1.95,21,3,General,1500.0,109.8,6.87,59.98
40.89,38.26,2.63,3,4,General,800.0,112.7,12.77,51.15
27.41,22.15,5.26,5,6,General,800.0,96.2,15.29,41.58
93.55,90.5,3.05,7,3,Recyclable,800.0,77.8,6.44,98.94
83.91,80.04,3.87,2,5,General,1200.0,23.3,10.35,96.0
61.7,59.03,2.67,14,3,Recyclable,1000.0,54.5,7.15,66.0
91.09,90.16,0.93,13,1,Recyclable,1000.0,104.1,4.95,93.84
16.59,13.71,2.87,3,6,Recyclable,1200.0,35.3,13.47,30.26
36.41,32.34,4.07,22,0,Organic,1500.0,62.7,18.5,50.6
48.84,45.97,2.87,11,5,General,1500.0,58.1,17.57,68.57
50.85,48.75,2.1,22,4,Recyclable,1500.0,10.1,10.9,62.51
57.4,54.48,2.92,15,4,Recyclable,800.0,8.4,10.61,64.34
62.28,59.0,3.28,3,3,General,1500.0,22.7,12.51,77.81
16.4,14.36,2.04,1,4,Organic,1200.0,46.4,8.13,25.15
48.27,47.92,0.35,18,4,General,1500.0,32.1,7.83,57.41
75.83,73.86,1.97,19,4,General,1500.0,17.9,6.22,81.92
74.76,71.35,3.41,10,0,Recyclable,1500.0,107.4,4.08,77.85
76.74,73.99,2.75,15,5,Recyclable,1200.0,59.5,14.65,90.13
22.14,18.8,3.34,5,0,General,800.0,70.4,15.59,39.44
59.18,56.98,2.2,2,0,General,1200.0,11.7,6.55,65.36
50.14,47.31,2.83,5,2,General,800.0,86.1,14.7,65.13
89.7,86.68,3.02,21,6,General,1000.0,82.2,12.25,100.0
55.4,55.83,-0.43,18,0,General,800.0,83.2,7.49,67.45
20.98,18.83,2.16,3,4,General,800.0,8.8,6.56,26.94
94.17,91.56,2.61,16,5,General,1500.0,74.1,13.38,100.0
78.85,75.09,3.75,16,4,Organic,800.0,30.1,12.79,90.81
53.59,51.87,1.72,17,2,Recyclable,1200.0,101.7,5.46,60.1
66.1,64.89,1.21,5,2,Recyclable,1200.0,47.9,11.41,78.73
56.78,53.4,3.38,3,6,Organic,1500.0,62.6,21.31,77.44
68.46,66.82,1.64,19,4,Recyclable,1000.0,34.3,8.21,75.46
37.26,35.07,2.2,5,3,Organic,1500.0,24.7,14.87,52.29
93.58,88.79,4.8,8,6,Organic,1200.0,30.5,20.89,100.0
51.83,49.66,2.17,18,5,Organic,1000.0,118.4,10.54,64.78
67.56,61.56,6.0,11,4,Organic,1500.0,16.0,21.13,87.06
34.63,32.23,2.39,5,2,Recyclable,800.0,30.2,5.01,39.69
91.15,88.24,2.91,4,5,Recyclable,1200.0,96.4,15.36,100.0
81.81,78.81,3.0,16,3,General,1500.0,44.4,17.5,96.76
44.78,42.66,2.12,10,2,Recyclable,1000.0,40.9,4.08,48.52
47.94,46.05,1.89,19,6,Organic,1200.0,87.8,15.75,68.68
73.9,72.72,1.18,12,2,Recyclable,1200.0,69.1,5.25,75.74
58.39,55.57,2.83,1,2,Recyclable,1500.0,76.5,11.11,68.61
25.45,22.07,3.38,1,1,General,1500.0,61.5,9.1,34.34
23.9,21.86,2.05,13,5,General,1000.0,37.9,12.66,37.92
13.29,12.42,0.88,16,3,General,800.0,60.9,12.46,20.77
17.25,11.27,5.98,18,6,Organic,1500.0,104.2,25.39,42.91
18.77,14.96,3.81,1,3,Recyclable,1000.0,71.0,5.76,28.62
47.03,42.84,4.19,19,4,Organic,1200.0,17.2,20.75,64.76
21.53,20.48,1.05,5,4,Recyclable,1200.0,32.7,6.06,21.5
33.38,30.27,3.12,18,6,Organic,1500.0,77.4,23.79,56.81
12.09,9.6,2.5,0,4,General,1200.0,84.2,15.31,30.04
31.68,27.68,4.0,10,5,Organic,1500.0,92.6,20.21,51.13
60.38,60.03,0.35,8,1,Recyclable,1000.0,99.4,4.51,64.78
43.83,41.93,1.9,14,5,Recyclable,1500.0,111.9,8.06,47.45
73.71,72.36,1.35,11,1,Recyclable,1500.0,84.5,10.54,81.83
21.87,20.57,1.3,12,6,General,1200.0,86.5,7.34,28.09
58.68,55.49,3.2,10,0,Recyclable,800.0,18.2,8.01,69.16
12.12,5.98,6.15,7,1,Organic,1000.0,87.0,16.83,27.44
74.31,72.19,2.13,15,3,General,1500.0,70.7,8.3,80.12
81.43,76.83,4.6,15,5,Organic,1200.0,4.1,21.1,100.0
94.56,92.85,1.71,18,0,General,1200.0,116.1,10.61,100.0
27.5,24.94,2.56,13,1,General,800.0,43.6,15.3,45.52
25.65,22.54,3.11,2,5,Organic,800.0,14.5,21.84,46.09
80.93,78.42,2.5,4,3,Recyclable,1200.0,8.6,9.63,91.0
91.43,88.3,3.13,8,6,General,1200.0,5.9,9.14,100.0
14.09,11.85,2.24,23,6,Recyclable,1000.0,59.1,11.66,28.99
29.79,24.73,5.07,1,2,Organic,800.0,20.5,17.04,48.99
24.06,19.68,4.38,1,6,Organic,800.0,2.3,27.29,47.44
32.01,29.1,2.91,0,4,Organic,1500.0,105.7,14.41,46.95
56.38,53.01,3.37,12,0,Organic,1500.0,82.7,11.12,65.63
58.84,56.02,2.81,18,0,Recyclable,800.0,62.7,6.69,66.61
17.38,15.01,2.37,17,1,General,1500.0,29.9,13.74,35.27
14.65,13.03,1.62,21,1,General,800.0,4.1,8.18,17.28
94.29,88.28,6.0,19,5,Organic,1000.0,21.3,25.55,100.0
76.36,73.64,2.72,15,3,Recyclable,1500.0,109.4,4.86,81.1
18.36,14.72,3.64,10,0,Organic,800.0,55.0,16.03,35.56
84.43,82.62,1.81,17,5,General,800.0,34.0,12.89,95.39
35.46,32.96,2.5,16,3,General,1200.0,56.0,15.37,48.4
24.79,20.54,4.25,9,1,Organic,1000.0,7.5,20.16,43.81
16.53,13.02,3.51,0,3,General,1500.0,50.8,14.05,32.3
93.08,90.96,2.12,0,5,General,1200.0,115.8,7.36,99.44
32.16,28.27,3.89,1,5,Organic,1200.0,12.9,14.11,49.91
21.71,18.67,3.04,1,4,General,1000.0,8.4,15.06,37.04
51.07,50.82,0.25,9,2,Recyclable,1200.0,9.5,6.45,54.76
59.49,56.77,2.72,2,1,Organic,800.0,37.4,9.79,71.86
85.74,81.21,4.53,3,1,Organic,1200.0,98.0,13.46,100.0
12.45,10.07,2.38,20,2,General,1000.0,78.0,12.27,23.04
23.81,23.24,0.57,19,0,Recyclable,1200.0,115.2,8.05,30.84
11.7,10.5,1.2,18,1,Organic,1000.0,71.2,8.12,21.51
72.24,69.14,3.1,22,6,General,1000.0,29.5,10.43,80.54
80.54,78.33,2.21,21,6,Recyclable,800.0,51.0,11.73,91.33
27.36,21.74,5.62,15,4,General,1200.0,76.0,13.05,41.15
87.92,86.59,1.33,5,1,General,1500.0,96.5,11.66,100.0
28.51,27.39,1.12,13,5,Recyclable,1000.0,31.5,6.05,35.8
86.39,81.25,5.14,7,1,Organic,800.0,55.9,16.92,100.0
14.32,11.74,2.58,12,1,General,1200.0,57.3,10.83,24.99
34.26,30.4,3.86,2,1,Organic,1200.0,71.1,17.33,51.55
18.54,15.99,2.55,4,4,Organic,1500.0,62.1,13.78,34.58
64.0,60.51,3.49,9,0,Recyclable,1200.0,6.9,10.77,74.22
10.6,7.85,2.75,18,1,Organic,800.0,82.3,12.74,22.32
20.34,19.42,0.91,17,0,General,1000.0,76.7,7.58,29.07
21.84,18.72,3.12,11,3,General,1500.0,63.4,17.33,40.27
82.26,77.67,4.59,10,4,Recyclable,1200.0,36.1,10.44,94.87
64.84,60.86,3.98,10,6,Organic,800.0,4.0,20.88,85.17
60.95,58.69,2.25,19,4,Organic,800.0,42.3,8.69,63.3
20.67,18.49,2.18,5,0,Recyclable,800.0,92.3,9.34,32.66
62.11,58.91,3.21,18,2,General,1500.0,20.6,17.67,82.72
78.31,76.1,2.22,20,3,Organic,1200.0,98.5,11.54,88.19
56.49,54.53,1.96,17,3,General,1500.0,66.5,8.79,65.44
11.35,9.32,2.03,17,6,General,1500.0,74.7,8.42,18.8
78.19,74.58,3.61,3,1,General,800.0,47.4,13.63,89.76
74.5,71.99,2.51,16,0,Recyclable,800.0,14.5,9.6,81.34
55.53,51.29,4.24,18,4,Organic,1200.0,48.5,21.3,75.71
80.72,76.52,4.2,0,4,Recyclable,1000.0,49.6,10.77,92.33
54.86,50.63,4.23,9,1,Organic,1500.0,67.8,16.46,71.85
48.02,46.22,1.8,6,2,Recyclable,1000.0,26.8,5.36,52.93
92.07,90.09,1.98,16,0,Organic,1000.0,46.5,14.26,100.0
66.44,66.05,0.4,19,5,Recyclable,1200.0,30.0,6.0,68.61
59.59,57.22,2.38,13,1,Recyclable,1000.0,56.6,11.34,70.02
87.0,83.42,3.58,16,5,Organic,1500.0,16.9,16.21,100.0
72.45,70.42,2.03,19,1,General,1000.0,39.9,11.83,82.19
32.53,26.81,5.72,18,5,Organic,800.0,81.3,28.4,59.19
76.87,73.81,3.06,22,2,Organic,1500.0,62.1,19.23,97.95
55.87,53.88,1.99,1,3,General,1200.0,11.1,13.56,71.37
78.16,75.34,2.82,23,1,Recyclable,1200.0,57.0,9.1,87.94
53.54,52.72,0.82,2,0,Recyclable,1200.0,59.5,5.34,56.93
15.35,13.09,2.26,6,0,Organic,800.0,24.1,8.7,28.25
85.54,82.55,2.99,7,0,Recyclable,800.0,9.3,9.84,95.68
85.27,82.11,3.17,11,3,Organic,1500.0,3.2,10.23,93.48
52.42,49.23,3.19,13,3,Organic,1000.0,15.0,15.11,68.76
31.83,28.56,3.27,23,5,Organic,1000.0,12.9,12.03,44.6
27.79,25.33,2.46,6,6,Recyclable,800.0,10.6,13.96,43.02
88.77,84.08,4.69,13,1,Organic,1500.0,59.1,18.74,100.0
30.7,27.08,3.62,0,0,General,1000.0,111.9,12.93,41.59
76.35,73.48,2.87,7,3,Organic,1200.0,44.7,8.21,84.01
91.25,89.72,1.53,11,0,Recyclable,1200.0,10.3,5.41,96.66
92.63,89.38,3.25,10,2,Organic,1200.0,20.8,13.37,100.0
45.29,42.84,2.45,12,1,Recyclable,800.0,22.0,8.0,53.77
34.41,31.43,2.98,9,6,Organic,1500.0,40.7,26.63,62.83
94.21,91.03,3.18,18,5,General,1000.0,106.2,15.28,100.0
38.98,36.34,2.64,1,0,Recyclable,1200.0,108.1,10.91,48.43
75.88,73.45,2.43,0,6,Recyclable,1000.0,75.4,15.2,90.17
15.31,12.01,3.3,7,4,Organic,800.0,47.3,15.12,30.29
73.29,71.03,2.26,14,4,Recyclable,1000.0,115.8,6.42,79.24
76.55,75.16,1.39,10,2,Recyclable,800.0,54.2,6.49,80.63
41.22,38.74,2.48,11,6,General,800.0,64.1,11.71,54.94
33.59,31.83,1.76,12,4,Recyclable,1000.0,112.1,6.16,39.88
56.39,52.49,3.9,13,1,Organic,800.0,44.4,15.13,72.66
13.19,11.23,1.96,21,3,Recyclable,1200.0,86.6,4.42,17.28
49.16,48.31,0.85,23,2,General,800.0,35.8,7.9,59.92
16.21,12.19,4.02,10,0,Organic,1000.0,34.3,13.85,30.1
47.98,43.42,4.56,8,0,Organic,1000.0,54.8,18.86,67.64
30.42,26.72,3.7,17,3,General,1500.0,57.4,12.79,42.33
87.85,87.45,0.41,22,5,Organic,1200.0,74.6,11.49,99.77
92.27,89.74,2.53,4,4,General,1500.0,107.0,14.28,100.0
63.42,59.55,3.87,12,6,Organic,800.0,67.8,18.76,84.6
63.87,60.36,3.51,11,5,General,1000.0,18.6,15.93,82.12
56.65,53.55,3.1,17,3,Recyclable,1500.0,96.0,7.52,61.93
73.59,70.96,2.63,11,6,General,800.0,26.6,10.79,82.88
77.77,73.26,4.52,11,2,General,1500.0,33.8,16.02,93.36
76.67,76.44,0.23,19,5,Recyclable,1200.0,60.2,9.23,86.07
42.19,36.87,5.32,15,5,Organic,1000.0,114.6,22.52,66.41
22.24,20.31,1.93,21,0,Organic,1200.0,119.9,10.77,29.9
46.58,42.19,4.39,13,6,Recyclable,1000.0,39.8,15.57,65.55
93.46,92.99,0.47,16,2,Recyclable,1000.0,83.6,9.48,100.0
16.0,12.88,3.11,3,6,General,1200.0,112.2,11.38,24.43
70.69,69.38,1.31,4,0,Recyclable,1500.0,111.1,11.75,82.96
40.58,37.02,3.56,14,5,Organic,1500.0,49.9,21.86,62.42
70.75,66.68,4.07,9,6,Organic,1000.0,73.2,18.12,86.11
41.61,39.51,2.1,9,0,General,800.0,5.0,7.31,48.88
75.58,72.1,3.48,22,2,Organic,1000.0,110.0,19.31,96.31
23.23,17.89,5.34,10,4,Organic,1000.0,28.6,21.73,45.43
12.11,9.02,3.09,5,4,General,800.0,100.6,15.99,28.34
16.41,15.53,0.88,5,2,Recyclable,800.0,31.5,4.07,19.93
57.51,55.63,1.88,6,0,Recyclable,800.0,41.7,11.76,71.7
47.58,45.26,2.32,12,4,Recyclable,1500.0,41.4,5.16,50.98
41.13,37.09,4.05,3,4,General,1000.0,8.2,13.13,52.01
67.5,62.93,4.57,5,3,General,800.0,24.4,10.03,79.72
56.73,53.58,3.15,23,3,General,800.0,55.4,13.48,69.31
58.36,55.94,2.42,0,1,General,1200.0,106.0,9.7,70.22
50.01,46.34,3.67,12,2,Recyclable,800.0,7.8,7.28,56.43
51.04,47.19,3.85,13,3,Organic,1500.0,48.1,16.63,68.08
90.28,87.51,2.77,1,1,General,1000.0,27.0,11.51,99.63
17.37,14.98,2.39,4,5,Organic,800.0,73.4,13.96,30.32
52.64,51.4,1.25,15,5,General,800.0,87.6,11.66,65.58
24.59,20.64,3.96,10,3,General,1000.0,97.3,17.02,44.83
54.6,48.82,5.77,23,0,Organic,1500.0,77.4,17.32,73.21
74.29,71.79,2.5,5,2,Recyclable,1500.0,95.7,7.6,78.77
85.84,83.5,2.34,14,1,Recyclable,1000.0,52.9,5.52,90.28
22.73,19.06,3.67,4,2,Recyclable,800.0,9.7,8.17,34.95
77.66,75.22,2.43,3,6,Recyclable,1500.0,38.1,9.24,87.82
64.94,65.32,-0.38,10,3,Recyclable,1200.0,105.1,6.23,73.75
57.2,57.91,-0.71,13,0,General,800.0,64.3,10.24,70.71
39.9,37.78,2.11,19,1,Recyclable,1200.0,66.1,6.98,49.5
57.76,53.6,4.16,18,0,Recyclable,1500.0,89.4,10.43,71.1
73.36,70.8,2.56,8,5,General,1000.0,46.7,11.71,85.94
29.32,28.07,1.25,8,0,General,1500.0,42.0,8.45,38.87
23.09,22.02,1.07,14,6,Organic,1500.0,85.2,10.63,32.22
73.39,69.49,3.9,21,5,General,1500.0,6.1,14.89,91.02
45.41,45.48,-0.06,4,3,Recyclable,800.0,20.3,4.09,49.92
84.99,80.03,4.95,14,6,General,1200.0,53.2,16.05,99.64
59.92,58.14,1.78,11,0,Recyclable,1200.0,22.6,8.15,70.46
15.37,11.79,3.59,5,4,Organic,1200.0,72.6,14.51,30.79
29.74,28.04,1.7,3,4,Recyclable,1500.0,106.0,11.8,42.39
48.54,47.58,0.96,9,6,Recyclable,1000.0,118.7,12.86,57.14
71.99,69.07,2.91,8,1,Organic,1500.0,105.2,12.42,86.59
35.8,30.03,5.77,0,4,Organic,1500.0,49.0,19.56,53.64
18.33,13.8,4.54,12,5,Organic,1200.0,64.2,16.09,37.17
77.97,76.46,1.51,9,4,General,800.0,89.3,10.33,86.87
66.65,65.98,0.68,1,4,Recyclable,800.0,97.3,4.44,72.57
89.23,83.91,5.32,21,5,Organic,1000.0,92.9,24.96,100.0
91.79,91.38,0.41,17,4,Recyclable,1200.0,36.2,5.0,96.83
43.17,41.09,2.08,10,4,Recyclable,1200.0,14.5,6.91,47.48
16.1,13.97,2.13,15,6,General,800.0,28.8,14.39,33.71
63.38,60.44,2.93,7,2,Recyclable,1500.0,34.5,6.62,68.78
16.61,11.57,5.04,22,6,General,800.0,64.8,15.58,30.0
52.76,48.66,4.1,20,5,General,1000.0,11.8,15.58,70.58
51.28,49.28,2.0,4,0,Recyclable,800.0,85.1,5.45,54.63
10.42,5.46,4.96,11,4,Organic,800.0,112.5,19.96,28.0
50.55,46.32,4.23,13,1,General,800.0,100.5,13.33,63.03
63.45,59.14,4.32,11,6,Organic,1000.0,92.0,26.03,88.26
86.78,82.23,4.56,10,3,Organic,1200.0,10.2,13.28,100.0
18.4,16.56,1.84,15,2,Organic,800.0,97.8,15.44,35.12
64.24,60.38,3.86,12,6,General,1500.0,39.8,15.58,79.67
74.36,71.58,2.78,8,0,General,1000.0,38.1,9.83,84.44
21.6,15.58,6.03,14,1,General,800.0,29.0,16.36,35.38
85.44,81.97,3.47,20,0,Organic,1200.0,77.7,14.55,95.3
91.06,90.67,0.39,22,5,Recyclable,1000.0,77.8,9.36,98.0
16.43,13.2,3.23,13,0,Organic,1000.0,70.1,9.57,24.96
75.56,72.02,3.54,1,5,Recyclable,1500.0,6.6,13.81,92.01
35.77,32.51,3.26,7,5,General,1500.0,52.7,14.43,51.01
17.09,16.81,0.28,17,6,General,800.0,111.6,10.08,26.38
13.3,8.2,5.1,16,4,Organic,1200.0,24.0,16.7,33.11
10.02,7.7,2.32,19,4,Organic,1200.0,30.5,15.47,27.07
30.51,26.8,3.71,18,3,Organic,800.0,11.3,20.12,51.05
69.54,64.5,5.03,14,2,Organic,1500.0,49.4,20.02,89.8
34.16,29.42,4.75,8,4,Organic,1500.0,71.1,17.33,52.79
64.91,63.48,1.43,2,3,General,1500.0,19.8,9.95,74.79
49.76,47.9,1.86,17,0,General,1000.0,34.2,10.83,60.09
11.29,9.64,1.65,15,5,Recyclable,800.0,35.5,9.99,19.28
30.59,29.21,1.38,22,0,Organic,1500.0,111.1,13.43,41.86
78.48,74.86,3.61,0,0,Organic,1000.0,8.9,11.1,92.01
35.3,31.69,3.62,12,2,Organic,1200.0,5.9,14.44,50.15
40.32,38.36,1.96,17,6,General,1000.0,71.9,8.73,45.1
84.93,81.54,3.38,4,6,General,1200.0,51.1,8.45,92.62
78.37,74.87,3.5,9,4,General,1500.0,9.8,15.08,92.69
44.85,40.8,4.05,15,5,Recyclable,800.0,58.9,14.35,59.03
49.17,48.47,0.7,6,6,Recyclable,1500.0,81.2,8.14,58.8
75.85,73.4,2.45,2,6,Organic,1500.0,33.2,12.81,90.64
75.45,73.19,2.26,20,5,General,1000.0,14.3,12.18,86.51
72.13,70.79,1.34,19,1,Organic,1000.0,36.0,12.46,82.14
61.94,58.89,3.05,5,5,Organic,1500.0,75.7,18.38,79.78
42.16,37.06,5.1,18,1,Organic,800.0,90.5,20.42,59.62
21.45,17.66,3.79,3,1,General,800.0,39.1,15.81,38.76
31.66,30.24,1.41,17,5,General,800.0,109.9,8.94,39.66
29.09,25.22,3.87,5,1,Organic,1200.0,56.9,11.68,40.09
87.78,84.9,2.88,4,6,Recyclable,1200.0,36.6,6.06,91.1
86.72,83.56,3.16,12,5,Recyclable,1000.0,104.9,15.01,100.0
89.7,86.02,3.69,14,5,General,800.0,109.6,15.78,100.0
82.97,81.3,1.67,16,5,Recyclable,1500.0,66.5,7.85,90.77
34.2,31.29,2.91,2,5,General,1200.0,106.7,13.65,46.52
86.97,84.46,2.51,17,2,Recyclable,800.0,16.1,10.56,96.84
24.38,20.69,3.68,0,2,Organic,1000.0,40.0,15.5,41.14
14.29,9.7,4.59,15,4,Organic,800.0,7.2,15.73,32.19
10.03,6.79,3.25,21,4,General,1200.0,97.1,12.7,21.51
20.72,15.8,4.93,6,1,Organic,1500.0,16.5,20.54,40.14
74.46,74.03,0.43,5,0,General,1000.0,73.5,6.95,81.63
34.1,31.29,2.81,0,3,General,800.0,113.9,11.45,46.63
23.66,21.2,2.46,16,2,General,1500.0,117.4,13.11,36.6
46.58,44.63,1.95,16,0,General,1500.0,34.4,8.75,54.89
77.09,73.29,3.8,13,1,Organic,1200.0,5.7,12.17,90.99
92.67,88.78,3.9,1,0,Recyclable,1500.0,73.6,9.35,100.0
79.14,77.57,1.57,11,5,General,1200.0,89.7,9.69,88.12
16.86,16.07,0.79,15,6,General,1500.0,119.1,7.87,22.19
53.27,49.03,4.25,22,6,Organic,800.0,99.9,13.0,66.46
67.42,63.41,4.01,4,5,General,800.0,93.7,12.2,80.68
84.41,81.77,2.63,0,3,Recyclable,1500.0,85.1,5.58,89.09
82.73,79.53,3.2,15,2,Recyclable,1000.0,62.7,5.23,88.32
20.28,18.9,1.39,2,5,Recyclable,1500.0,11.3,11.48,29.53
24.86,19.88,4.98,22,1,Organic,1000.0,118.5,14.03,40.5
34.33,29.62,4.72,15,5,Recyclable,1000.0,52.0,15.35,50.26
20.93,16.27,4.66,10,0,Organic,800.0,4.2,19.38,39.47
52.88,48.7,4.18,3,2,Organic,1000.0,71.0,14.57,67.02
47.97,45.28,2.69,20,2,Organic,800.0,32.0,13.94,62.73
17.3,15.2,2.1,7,6,Organic,800.0,86.3,13.71,28.85
54.81,49.63,5.18,9,6,Organic,1000.0,88.6,20.49,77.22
46.69,43.39,3.3,0,2,Organic,1200.0,98.5,10.57,55.86
87.5,84.56,2.95,16,5,General,1000.0,93.5,7.62,97.58
74.65,67.3,7.35,4,2,Organic,1200.0,21.8,19.79,97.23
52.27,46.51,5.76,22,3,Organic,1200.0,13.1,17.48,68.78
81.87,77.45,4.42,13,3,Organic,1500.0,74.1,21.95,100.0
69.34,64.47,4.88,4,5,Organic,1200.0,36.4,25.56,97.09
82.58,78.19,4.39,8,6,Recyclable,800.0,18.5,12.47,93.7
16.89,14.94,1.95,12,0,Recyclable,1000.0,86.5,9.8,26.52
89.33,85.33,4.0,12,4,Organic,1200.0,103.3,20.37,100.0
82.28,81.08,1.2,7,6,General,1500.0,27.1,6.73,89.02
57.33,55.66,1.67,3,6,General,1000.0,113.7,7.3,66.61
91.74,88.03,3.7,17,5,General,1200.0,92.8,13.13,100.0
37.59,34.18,3.41,9,2,Recyclable,1500.0,87.1,10.27,50.51
33.29,28.76,4.53,1,6,Organic,1500.0,101.8,23.57,53.77
39.83,36.69,3.15,8,0,General,800.0,49.7,13.89,54.62
91.71,88.35,3.37,5,3,Recyclable,1000.0,56.2,9.99,100.0
66.27,64.48,1.78,4,4,Recyclable,800.0,56.9,7.27,70.79
79.83,76.88,2.95,4,6,Recyclable,800.0,5.4,11.17,87.9
14.69,9.6,5.08,21,1,Organic,1200.0,98.8,20.88,36.56
10.71,6.58,4.13,10,2,General,1500.0,21.9,16.16,29.64
20.21,18.41,1.8,12,1,Recyclable,800.0,65.1,4.01,24.31
14.07,12.12,1.95,16,1,Recyclable,800.0,102.3,11.55,23.17
36.57,34.18,2.38,6,6,Recyclable,1500.0,109.9,13.38,50.42
25.2,23.69,1.51,5,5,Recyclable,1200.0,108.4,8.46,32.91
91.74,88.4,3.34,23,4,General,1500.0,24.4,15.26,100.0
41.69,38.42,3.28,17,1,General,800.0,19.2,15.37,60.38
85.34,83.59,1.75,2,6,General,1200.0,100.9,11.27,93.6
85.99,81.31,4.67,8,1,Organic,1200.0,117.0,15.8,100.0
27.01,24.39,2.62,1,1,General,800.0,39.7,11.15,40.05
26.14,21.42,4.72,8,2,Organic,1000.0,15.0,19.31,44.62
36.91,34.37,2.54,18,4,General,1000.0,81.2,10.79,50.05
57.72,55.04,2.68,10,1,General,1500.0,106.2,16.44,74.2
16.25,13.81,2.45,2,2,General,1200.0,8.3,15.65,36.1
75.29,73.49,1.79,16,3,Organic,1000.0,90.2,9.31,87.96
85.01,84.86,0.15,0,0,General,1200.0,70.7,7.42,90.88
94.72,94.07,0.64,22,5,General,1500.0,90.6,8.77,100.0
17.82,15.0,2.82,22,3,Organic,1000.0,40.5,8.22,25.85
69.1,66.02,3.08,12,2,General,1000.0,18.8,8.93,77.34
88.91,86.85,2.06,22,2,Recyclable,800.0,8.5,8.54,98.92
10.07,9.49,0.57,15,6,Recyclable,1000.0,97.6,6.67,22.25
16.69,12.02,4.67,4,1,Organic,1200.0,73.2,17.31,30.26
13.95,11.82,2.13,9,0,General,1500.0,3.6,10.45,22.65
54.15,50.89,3.26,13,5,General,800.0,68.7,17.87,69.56
70.63,68.67,1.96,16,1,General,1500.0,79.8,11.9,83.41
52.83,50.24,2.6,0,4,General,1500.0,85.6,13.19,68.71
54.05,49.87,4.17,7,3,Recyclable,800.0,55.7,11.18,67.02
39.06,33.87,5.19,20,0,Organic,1200.0,111.1,14.85,54.43
71.81,68.52,3.29,5,5,Recyclable,1200.0,2.1,11.98,84.93
20.46,18.91,1.55,12,6,General,1500.0,118.4,7.65,24.81
28.96,26.98,1.98,17,0,Organic,800.0,8.7,8.29,34.13
87.01,85.7,1.3,17,0,Recyclable,1000.0,68.9,11.52,97.31
89.01,84.03,4.98,11,0,General,1500.0,23.7,17.46,100.0
66.26,65.17,1.09,21,5,Recyclable,1500.0,26.5,10.69,76.34
72.05,71.7,0.35,23,6,Recyclable,800.0,17.5,7.66,80.48
11.16,9.97,1.19,8,6,Recyclable,1200.0,37.8,6.43,20.1
44.89,40.72,4.18,8,2,General,1200.0,29.3,10.21,53.71
63.32,61.03,2.28,11,1,Recyclable,1000.0,39.3,4.07,64.65
76.0,74.19,1.81,7,2,Organic,800.0,90.4,16.4,96.13
29.06,29.35,-0.29,5,5,Recyclable,1000.0,47.9,9.73,35.07
79.93,80.24,-0.32,10,1,Organic,1200.0,26.8,9.47,88.02
78.14,73.9,4.24,21,2,General,1500.0,54.1,11.04,85.63
28.8,24.69,4.11,12,6,Organic,1500.0,33.8,20.9,49.28
17.44,13.28,4.16,23,5,General,1200.0,97.1,14.11,31.66
75.36,74.11,1.26,12,2,General,800.0,54.7,14.51,87.74
16.76,14.41,2.36,3,2,Organic,800.0,113.0,10.5,25.62
71.9,69.17,2.72,23,6,General,1000.0,40.2,6.95,78.57
40.54,36.58,3.97,22,1,General,1000.0,58.1,11.85,51.73
77.13,74.3,2.83,1,3,Recyclable,1200.0,80.3,11.94,87.78
55.03,51.47,3.56,6,5,Recyclable,1200.0,81.0,14.5,68.76
12.22,9.19,3.03,18,1,General,800.0,83.2,8.74,21.08
11.56,9.7,1.86,21,6,General,800.0,33.9,10.11,19.63
81.31,78.48,2.84,7,4,Recyclable,1200.0,37.1,6.58,89.25
19.93,17.86,2.07,15,2,Organic,1500.0,34.2,12.41,30.25
68.42,66.42,2.0,23,0,General,1200.0,13.3,13.2,80.24
67.29,64.32,2.97,13,3,General,800.0,8.7,8.31,76.81
35.54,33.73,1.81,21,1,Recyclable,1500.0,96.8,7.21,44.71
60.08,56.38,3.69,18,5,Organic,1000.0,55.6,16.52,77.84
40.05,34.49,5.55,9,0,Organic,800.0,77.8,19.29,61.09
92.71,91.29,1.42,17,1,Recyclable,1200.0,117.6,6.77,98.59
12.65,10.35,2.3,21,0,General,1200.0,104.7,13.08,26.97
25.57,21.82,3.75,21,3,General,1200.0,77.8,9.58,36.62
89.73,87.34,2.39,1,2,Recyclable,1200.0,20.1,7.17,92.98
21.04,19.05,1.99,1,4,Recyclable,1200.0,86.4,5.93,28.33
55.29,53.56,1.73,22,2,Recyclable,800.0,111.9,9.84,66.83
66.16,65.05,1.11,5,1,General,1500.0,114.2,12.83,76.22
37.22,38.0,-0.79,9,4,Recyclable,1500.0,109.8,5.08,39.41
74.85,68.76,6.09,10,3,Organic,1500.0,47.6,19.3,95.03
63.27,61.86,1.41,15,5,Recyclable,1200.0,82.8,7.25,69.76
36.58,32.87,3.71,21,0,Organic,1500.0,99.6,18.36,52.08
12.45,9.69,2.76,12,2,Organic,1000.0,41.9,21.79,35.85
41.76,40.35,1.41,4,2,Recyclable,1500.0,82.4,11.77,55.39
20.22,19.0,1.22,18,1,Organic,1000.0,85.0,12.03,33.13
88.29,86.77,1.52,18,1,Recyclable,800.0,39.9,6.43,94.59
70.52,67.15,3.37,10,5,Organic,1500.0,47.4,13.7,89.53
50.88,48.21,2.67,6,5,General,1200.0,46.4,10.21,61.28
79.36,78.04,1.32,7,2,General,1200.0,96.7,7.95,87.83
72.09,69.56,2.53,14,6,General,1500.0,6.8,10.03,80.93
38.08,34.64,3.44,5,0,General,1000.0,4.3,9.35,46.19
74.41,71.65,2.76,23,2,General,1500.0,70.7,9.51,81.38
44.53,44.37,0.16,16,0,Recyclable,1200.0,93.0,4.89,49.23
11.35,4.85,6.49,16,3,Organic,1000.0,67.8,18.65,31.23
84.06,79.72,4.34,6,4,General,1200.0,24.7,13.33,96.44
20.69,18.57,2.12,5,3,General,1200.0,71.5,9.6,26.38
18.24,16.45,1.79,4,5,General,1500.0,66.7,11.9,27.6
38.3,36.37,1.93,4,4,Recyclable,800.0,81.0,7.29,44.66
93.17,87.72,5.45,19,3,Organic,800.0,3.3,20.9,100.0
25.59,24.77,0.82,15,6,General,1500.0,91.5,8.23,30.49
69.16,65.12,4.04,13,2,General,1200.0,42.4,14.54,84.6
61.75,58.89,2.86,23,0,Organic,1200.0,23.2,9.98,73.34
20.84,18.75,2.09,9,4,Recyclable,1500.0,108.6,10.37,31.24
17.93,15.42,2.51,11,1,Recyclable,1200.0,63.5,10.28,28.47
77.0,73.83,3.17,21,6,Recyclable,800.0,32.6,13.82,88.77
62.4,56.92,5.48,12,1,Organic,1000.0,118.3,19.11,81.11
52.07,48.43,3.65,23,0,Recyclable,1000.0,17.4,10.86,64.3
86.76,84.67,2.09,6,6,General,1000.0,104.0,7.26,91.51
76.79,75.69,1.1,7,2,General,800.0,56.6,10.32,86.72
20.62,18.57,2.05,20,0,Organic,1200.0,5.1,10.29,30.77
74.82,71.44,3.38,18,2,General,800.0,100.3,13.08,87.98
81.68,79.28,2.41,15,5,General,800.0,44.7,19.2,100.0
83.35,78.38,4.97,18,0,Recyclable,800.0,55.0,11.74,92.61
49.85,44.2,5.65,10,2,Organic,1500.0,36.7,15.53,68.87
59.91,58.71,1.2,16,5,Recyclable,1200.0,9.9,8.57,68.46
17.67,15.6,2.07,5,2,General,1200.0,73.5,11.95,30.99
40.41,37.16,3.25,15,6,Organic,800.0,34.5,20.91,61.32
40.29,36.74,3.55,5,6,General,800.0,100.2,14.46,51.51
39.25,37.57,1.67,2,6,Recyclable,1200.0,119.7,10.64,52.8
58.61,56.02,2.58,14,5,General,1200.0,31.9,9.0,69.33
36.23,30.39,5.85,21,2,Organic,800.0,17.4,21.8,57.95
16.1,10.52,5.58,12,0,Organic,1500.0,90.2,17.37,32.82
93.72,92.47,1.25,0,1,Recyclable,1200.0,38.5,6.09,100.0
90.32,87.01,3.31,2,0,Organic,1500.0,18.7,14.18,100.0
55.28,51.49,3.79,20,5,Organic,800.0,77.4,24.21,74.07
28.71,26.92,1.79,11,3,Organic,800.0,35.3,8.21,37.89
65.26,63.09,2.17,14,4,Recyclable,1000.0,79.1,4.68,69.89
13.02,9.26,3.76,7,4,Organic,800.0,18.1,12.43,24.36
49.84,48.01,1.82,0,3,General,1000.0,112.8,7.35,57.47
83.88,82.27,1.6,21,1,Organic,1000.0,67.4,8.31,90.78
40.61,40.13,0.48,16,4,General,1200.0,116.2,8.6,51.08
22.62,22.72,-0.09,20,1,Recyclable,1200.0,50.8,4.39,26.72
77.48,73.72,3.76,6,1,Organic,1000.0,80.0,14.85,91.54
63.99,62.3,1.69,20,2,General,800.0,109.3,12.8,73.11
21.58,20.97,0.61,19,1,Recyclable,1500.0,106.7,6.59,29.23
66.03,62.04,3.99,5,3,Recyclable,1200.0,49.0,10.43,73.34
40.38,34.56,5.83,14,5,Organic,1000.0,9.8,27.87,68.64
31.84,29.65,2.2,19,6,Organic,800.0,80.4,15.65,48.15
16.73,12.99,3.74,4,2,Organic,1200.0,59.6,12.1,25.82
26.89,24.58,2.3,17,4,Recyclable,1000.0,35.1,5.4,33.32
28.34,25.91,2.43,2,0,General,1500.0,20.7,8.94,34.27
75.96,74.3,1.66,14,6,Organic,1200.0,96.1,12.91,88.48
88.84,85.86,2.98,16,5,Organic,800.0,9.8,10.56,100.0
79.98,76.07,3.91,21,6,Organic,1200.0,105.8,24.1,100.0
87.44,84.9,2.53,18,5,General,1000.0,119.2,12.22,96.98
80.9,75.57,5.33,6,2,Organic,1000.0,96.4,16.91,99.18
93.17,91.32,1.84,2,2,General,1000.0,97.6,11.43,100.0
46.13,41.53,4.6,12,0,Recyclable,800.0,34.5,10.62,56.67
44.66,41.04,3.62,11,2,Organic,1000.0,78.8,16.24,58.03
50.71,49.29,1.42,15,1,Recyclable,800.0,107.8,7.53,58.21
52.33,50.68,1.64,9,2,Organic,1000.0,67.4,8.5,58.77
90.51,90.47,0.04,3,6,Recyclable,1000.0,18.0,13.63,100.0
22.23,19.13,3.09,12,2,General,1200.0,3.1,13.6,37.69
36.83,34.22,2.61,4,6,Recyclable,1000.0,12.3,11.29,48.16
11.03,7.75,3.28,16,1,General,1200.0,63.2,10.37,16.72
37.45,32.8,4.65,21,3,General,800.0,30.0,14.28,53.06
34.61,32.25,2.36,20,2,General,1000.0,80.4,14.06,50.77
80.74,75.53,5.2,16,3,General,1500.0,75.6,18.51,97.45
78.54,73.88,4.66,19,0,General,1200.0,62.2,7.53,84.01
60.21,58.67,1.54,22,5,Organic,1000.0,72.7,12.03,70.49
18.83,16.19,2.64,14,2,General,1000.0,16.6,8.99,29.07
91.42,88.95,2.47,3,5,General,1500.0,102.8,7.74,100.0
67.07,65.57,1.5,19,1,Organic,1200.0,63.7,8.27,76.53
55.74,53.62,2.11,6,2,General,1000.0,109.1,8.61,63.26
92.76,92.61,0.16,7,5,Recyclable,1500.0,29.2,6.51,98.23
47.05,45.31,1.74,22,4,Recyclable,1000.0,55.4,5.31,52.82
14.91,12.12,2.79,19,3,Recyclable,1500.0,18.6,11.17,25.21
50.51,49.43,1.08,7,5,Recyclable,1500.0,92.1,6.52,54.73
54.36,54.03,0.33,15,4,Recyclable,1200.0,20.3,5.75,59.49
35.01,30.94,4.08,14,3,Recyclable,1200.0,12.2,8.96,45.77
35.63,33.57,2.06,22,5,General,1000.0,116.2,12.27,45.24
81.56,78.82,2.74,18,3,General,1500.0,70.8,13.61,98.79
36.25,32.01,4.24,7,5,Organic,800.0,36.5,22.53,57.59
10.71,8.79,1.92,3,1,Recyclable,800.0,11.8,8.48,20.26
15.21,11.89,3.32,12,6,General,800.0,64.0,15.03,34.15
45.71,44.07,1.64,13,0,Recyclable,1000.0,73.7,11.96,57.71
11.08,7.54,3.55,7,2,Recyclable,1500.0,84.0,8.92,22.63
29.06,23.43,5.63,6,2,Organic,1000.0,13.6,18.03,44.12
89.32,86.37,2.96,0,5,General,1200.0,112.7,14.17,100.0
46.45,45.65,0.8,3,5,Recyclable,1000.0,49.1,5.83,51.69
52.74,48.49,4.26,0,6,Organic,800.0,8.1,21.29,75.09
11.74,10.74,1.0,15,2,General,1000.0,44.9,11.26,25.89
46.39,46.77,-0.37,23,5,General,1000.0,25.1,7.48,48.42
19.39,17.86,1.53,4,0,General,1500.0,103.7,13.35,32.78
23.96,21.16,2.8,10,3,Recyclable,800.0,16.6,8.75,31.69
22.54,18.25,4.29,7,4,Organic,1500.0,96.0,10.88,31.56
19.74,14.93,4.8,22,4,Organic,1200.0,39.1,21.5,40.23
59.04,57.37,1.67,22,1,General,1200.0,34.4,8.46,68.14
82.38,80.6,1.78,22,5,Recyclable,1500.0,73.9,11.91,92.0
57.33,54.98,2.35,20,0,Organic,1200.0,80.1,8.16,62.91
60.7,59.31,1.39,19,0,Organic,800.0,34.4,9.63,73.05
38.29,33.62,4.67,23,1,General,1200.0,91.1,12.44,53.49
90.12,88.19,1.93,16,2,Organic,800.0,98.5,13.26,100.0
18.21,14.08,4.13,12,0,Organic,1500.0,114.3,16.75,36.69
82.43,79.14,3.29,15,0,General,800.0,68.0,15.48,100.0
88.84,83.96,4.88,18,0,Organic,800.0,56.1,18.65,100.0
60.88,56.68,4.2,9,2,Organic,1200.0,36.5,16.64,79.69
42.47,37.7,4.77,5,5,Organic,1200.0,68.6,19.82,60.65
48.61,44.64,3.98,15,5,Organic,800.0,86.9,25.57,77.01
36.88,34.94,1.95,1,3,General,800.0,117.2,7.45,43.57
94.29,92.36,1.94,15,6,Recyclable,1200.0,111.5,9.7,100.0
40.41,37.8,2.61,22,5,Organic,1000.0,113.1,15.73,57.19
33.47,28.69,4.78,8,6,Organic,1000.0,111.8,25.41,55.4
41.45,38.66,2.79,15,3,Organic,1200.0,89.4,15.24,58.4
74.17,72.19,1.98,4,0,General,800.0,40.9,9.31,84.29
46.8,43.52,3.28,21,1,Organic,1500.0,10.4,16.57,63.17
75.58,71.24,4.34,2,6,Organic,1000.0,63.7,19.86,93.25
46.79,42.67,4.12,22,1,General,800.0,60.2,14.0,62.22
57.81,54.16,3.66,7,6,General,1500.0,49.5,12.24,67.14
86.08,85.48,0.6,12,2,Recyclable,1000.0,48.4,9.26,96.88
30.79,26.0,4.8,22,5,Organic,1500.0,90.0,27.7,55.46
37.45,34.87,2.57,17,3,Organic,1000.0,58.8,17.25,54.87
53.19,49.52,3.67,1,1,Organic,1200.0,9.4,13.88,73.31
64.47,60.73,3.74,9,6,Recyclable,800.0,38.6,13.71,76.64
64.22,59.61,4.61,7,0,Recyclable,1500.0,92.8,11.27,75.44
33.03,31.8,1.23,6,5,Organic,800.0,35.7,13.53,49.86
77.83,75.29,2.54,15,2,General,800.0,68.4,9.98,86.96
69.68,67.21,2.47,18,4,Recyclable,800.0,87.1,9.41,81.63
78.83,73.65,5.18,23,3,Organic,1000.0,100.8,21.07,100.0
84.53,80.86,3.68,23,5,General,1200.0,16.9,10.13,94.02
77.31,74.16,3.15,4,1,Organic,800.0,70.8,17.62,98.34
87.42,83.01,4.41,12,3,Recyclable,1000.0,101.9,8.29,97.14
86.45,82.66,3.8,11,2,General,1000.0,111.4,10.4,96.16
20.42,17.27,3.15,15,2,General,1000.0,111.5,12.91,34.12
20.75,18.64,2.11,17,4,Organic,1000.0,50.9,12.74,35.59
48.08,45.83,2.25,4,4,General,1000.0,24.3,8.37,56.32
35.85,32.1,3.76,18,1,Organic,1500.0,93.0,11.48,45.61
68.43,65.99,2.44,15,0,General,1500.0,76.7,13.28,84.55
34.58,31.38,3.2,4,6,General,1200.0,38.6,7.46,43.78
53.64,51.55,2.08,15,1,Recyclable,800.0,99.4,11.15,67.72
77.59,77.28,0.32,17,0,Recyclable,800.0,116.3,9.01,85.34
78.12,73.76,4.36,3,0,General,1500.0,113.3,14.76,94.5
73.58,69.36,4.22,1,3,Organic,1000.0,18.4,15.07,86.62
70.21,67.33,2.88,19,4,General,1200.0,45.4,9.5,82.06
31.24,26.72,4.52,15,1,Organic,800.0,74.7,12.98,43.65
81.7,78.54,3.17,5,6,General,1200.0,23.0,15.77,97.01
42.85,37.3,5.55,20,5,Organic,1000.0,26.9,23.44,68.89
50.13,46.99,3.14,15,2,General,1200.0,47.2,17.81,68.73
44.56,42.6,1.96,7,6,General,1200.0,68.2,9.96,55.44
68.38,65.51,2.87,18,0,Recyclable,1000.0,63.4,10.83,79.36
78.77,74.91,3.86,9,3,Organic,1500.0,30.9,19.24,98.7
51.91,48.09,3.82,18,5,General,1200.0,68.6,16.54,69.84
93.85,91.63,2.22,6,1,General,1200.0,86.4,7.78,98.22
59.3,56.16,3.14,23,5,Organic,1200.0,86.9,11.68,64.92
34.99,30.32,4.67,16,6,Organic,1000.0,68.1,22.9,57.65
23.38,20.23,3.15,16,0,Organic,1000.0,81.2,15.12,37.87
32.47,30.0,2.48,12,6,General,800.0,64.3,14.38,44.28
12.58,9.86,2.72,20,3,General,1500.0,119.8,15.84,27.91
40.11,38.31,1.8,21,0,Recyclable,1500.0,80.1,11.4,49.62
48.79,46.88,1.9,13,6,Recyclable,1000.0,47.5,6.75,55.47
21.45,16.57,4.88,3,5,General,1000.0,19.8,11.63,31.39
42.32,40.4,1.92,16,0,General,1200.0,104.8,10.28,51.43
48.9,47.08,1.82,18,4,General,1500.0,32.5,12.56,60.43
20.28,16.66,3.63,5,2,Recyclable,1500.0,21.9,9.8,33.39
19.01,19.08,-0.07,23,3,General,1000.0,15.2,8.8,27.91
25.23,24.29,0.94,4,0,Organic,1200.0,78.4,12.88,36.72
57.33,52.85,4.48,4,5,Organic,1000.0,111.6,23.8,80.13
22.06,16.58,5.49,16,0,Organic,800.0,38.0,21.42,40.75
43.62,41.03,2.58,11,6,Recyclable,1200.0,40.0,10.71,55.94
85.72,83.35,2.37,4,0,Recyclable,800.0,13.1,7.69,92.28
47.47,42.76,4.71,8,6,Organic,1500.0,76.8,18.01,66.23
49.87,46.62,3.25,4,6,Organic,1200.0,41.4,16.73,65.57
90.43,86.69,3.75,1,4,Organic,800.0,88.5,9.62,100.0
59.88,58.26,1.62,7,0,Recyclable,1200.0,100.3,9.58,67.04
62.77,60.34,2.43,7,0,Organic,1200.0,107.1,12.76,74.76
14.36,11.67,2.7,21,1,Organic,1000.0,46.9,8.86,21.9
33.31,30.28,3.03,8,2,Organic,800.0,66.6,11.1,42.13
40.23,37.54,2.68,9,1,Organic,1500.0,95.3,13.69,52.13
41.92,40.44,1.48,9,2,Recyclable,800.0,60.7,6.1,49.8
51.67,48.15,3.52,14,1,General,1500.0,44.3,9.93,61.54
49.74,47.42,2.32,22,2,Recyclable,1200.0,49.7,10.87,60.95
45.96,43.29,2.67,18,0,General,800.0,34.9,18.26,60.15
84.14,79.41,4.72,12,2,Organic,1500.0,7.6,16.33,100.0
33.42,27.85,5.57,5,4,Organic,1000.0,96.5,20.79,54.11
17.94,14.94,3.01,1,4,General,1200.0,61.9,12.68,33.61
55.22,52.21,3.0,11,5,Organic,1500.0,62.3,16.19,68.33
86.68,83.33,3.35,2,1,Recyclable,1000.0,110.3,6.99,94.46
61.02,58.48,2.55,9,4,Organic,1500.0,15.9,13.03,72.11
53.78,51.44,2.34,21,4,General,1500.0,82.9,11.78,65.78
50.5,49.27,1.23,12,0,Recyclable,1500.0,40.4,8.7,58.09
49.3,43.34,5.96,14,2,General,800.0,50.7,18.75,65.69
27.59,26.43,1.16,3,3,Recyclable,1200.0,108.2,10.14,38.01
53.04,51.04,2.0,13,5,General,1500.0,81.3,9.6,62.56
21.98,19.87,2.11,16,5,Recyclable,1500.0,27.7,10.4,29.28
72.38,70.89,1.49,10,3,General,1000.0,10.7,7.41,77.58
23.85,21.46,2.39,7,0,General,1000.0,41.7,8.61,32.06
49.92,45.38,4.54,5,2,Organic,1000.0,94.4,18.47,71.95
64.21,63.21,1.0,3,3,General,1500.0,3.1,9.12,73.47
77.36,73.38,3.98,12,0,Organic,1200.0,38.2,17.63,96.99
75.32,73.88,1.44,11,2,Recyclable,1000.0,28.2,7.93,83.6
92.52,89.19,3.33,1,2,Organic,1200.0,113.8,10.06,100.0
33.07,32.62,0.44,23,2,Recyclable,1200.0,23.9,10.58,39.52
44.87,43.12,1.75,4,3,Organic,800.0,14.6,8.49,53.69
17.58,15.16,2.42,0,0,Recyclable,800.0,26.9,10.15,24.39
51.49,49.57,1.92,0,3,Recyclable,800.0,86.0,4.3,55.0
27.0,21.78,5.22,13,0,General,1500.0,17.4,16.62,42.34
93.84,90.46,3.38,3,5,Organic,1000.0,65.0,21.78,100.0
75.02,73.58,1.44,3,1,Recyclable,1500.0,4.6,11.02,87.8
26.86,21.78,5.09,19,2,General,1000.0,60.3,12.79,42.42
44.79,42.06,2.74,0,4,General,1000.0,107.7,12.61,56.41
78.94,74.98,3.96,13,3,General,1000.0,103.4,15.96,95.59
17.2,13.73,3.48,17,3,General,1200.0,75.5,16.98,36.02
90.71,85.46,5.25,1,6,Organic,800.0,104.6,25.66,100.0
89.33,85.18,4.14,6,0,General,800.0,97.1,11.22,99.9
75.32,72.56,2.76,18,5,General,1500.0,26.2,10.66,84.5
41.64,39.68,1.96,1,5,Organic,800.0,87.0,11.46,55.65
14.67,10.34,4.33,19,6,Recyclable,1200.0,81.5,14.94,30.14
78.15,73.74,4.41,19,4,Recyclable,1000.0,90.3,11.92,90.82
11.96,10.16,1.81,18,3,General,800.0,46.0,7.7,20.78
10.02,5.43,4.59,19,6,Organic,800.0,21.9,25.78,34.74
89.77,87.59,2.18,16,3,Recyclable,1200.0,16.5,7.61,98.53
61.42,57.53,3.89,2,3,General,1000.0,74.5,14.7,75.48
42.82,36.22,6.6,12,6,Organic,1500.0,94.9,27.74,72.5
21.46,20.02,1.44,17,1,Organic,800.0,109.8,13.98,35.74
77.76,75.28,2.47,10,1,Organic,1000.0,54.3,12.95,93.06
58.51,56.16,2.35,1,5,Organic,1500.0,59.1,21.1,80.65
35.82,31.88,3.94,9,2,Organic,1200.0,41.7,10.49,45.83
43.38,38.4,4.98,18,3,Organic,1500.0,74.7,13.46,58.61
61.7,54.43,7.27,14,5,Organic,1200.0,28.0,27.75,88.35
87.02,83.47,3.55,13,0,Recyclable,1000.0,100.5,7.88,94.09
38.3,34.8,3.5,13,2,Organic,1200.0,22.8,13.23,52.44
74.85,72.3,2.55,10,5,Recyclable,1500.0,91.6,11.9,91.82
11.2,9.28,1.91,5,4,Recyclable,800.0,2.8,8.03,20.06
87.29,84.14,3.16,1,2,Organic,1200.0,3.0,8.4,97.62
32.97,29.01,3.96,1,4,Organic,1500.0,61.5,10.83,46.38
75.45,71.98,3.47,5,4,Organic,800.0,104.3,12.36,86.8
49.89,48.44,1.45,2,6,Recyclable,1500.0,15.8,11.68,62.15
86.82,83.11,3.71,23,3,General,1000.0,50.4,10.6,96.34
36.92,34.32,2.6,22,4,Recyclable,1000.0,32.5,8.21,44.29
84.58,81.05,3.52,2,6,General,1200.0,89.7,8.43,94.97
54.47,53.27,1.2,6,2,Recyclable,1200.0,76.7,5.03,60.15
71.11,68.11,3.0,21,5,General,1000.0,92.5,9.48,83.87
65.27,62.49,2.78,11,0,Organic,1200.0,38.9,9.51,77.05
35.72,34.37,1.35,17,3,Recyclable,1200.0,33.7,6.12,41.93
51.01,48.06,2.96,22,0,General,1200.0,42.3,8.11,58.12
34.21,32.51,1.71,13,1,General,1200.0,4.9,13.87,49.7
74.11,71.42,2.69,0,6,Organic,1000.0,4.4,12.11,86.6
81.17,78.6,2.57,8,3,General,1500.0,3.8,7.45,93.05
65.17,63.85,1.33,23,6,General,1000.0,68.9,7.19,71.88
63.12,60.31,2.81,17,2,General,1500.0,94.0,11.97,77.15
50.59,48.49,2.1,23,3,Recyclable,800.0,60.4,5.42,53.31
80.88,76.27,4.61,6,1,Organic,1500.0,67.3,20.62,96.39
44.39,38.89,5.5,7,5,Organic,800.0,54.6,22.67,67.19
46.07,45.31,0.76,14,1,General,1200.0,103.5,12.91,56.77
49.99,46.73,3.26,6,5,Recyclable,1500.0,47.8,12.26,61.4
24.5,21.44,3.06,17,4,Organic,1500.0,18.1,20.25,45.19
70.98,67.87,3.11,18,6,General,1200.0,92.0,18.35,92.48
23.57,20.52,3.05,10,6,Organic,1200.0,26.2,16.25,39.24
67.88,62.92,4.96,12,5,Organic,1200.0,107.9,25.89,97.6
34.78,31.85,2.93,4,4,General,800.0,35.4,13.05,49.71
77.18,76.11,1.08,11,3,Recyclable,1500.0,24.9,9.65,83.32
77.96,74.02,3.94,18,4,Organic,1000.0,70.5,14.63,92.5
28.19,23.18,5.01,3,2,Organic,1000.0,58.1,15.65,43.89
93.65,91.31,2.35,17,4,Recyclable,800.0,4.3,10.3,100.0
52.62,48.7,3.91,10,0,Organic,1500.0,105.1,16.23,64.99
79.96,75.63,4.34,4,0,General,1000.0,7.0,15.42,91.64
93.24,91.0,2.24,19,0,Organic,1000.0,12.5,14.05,100.0
48.75,44.95,3.8,12,0,Recyclable,800.0,90.4,11.98,61.75
15.04,12.53,2.52,10,4,Recyclable,1200.0,79.6,9.34,28.44
56.26,52.4,3.86,5,6,Organic,1200.0,20.2,24.64,79.0
10.37,9.38,0.99,11,3,Recyclable,1000.0,78.1,4.37,14.31
57.15,52.04,5.11,0,6,Organic,800.0,11.5,18.17,76.01
76.86,73.23,3.63,0,0,Recyclable,1200.0,116.9,7.38,85.1
38.36,36.15,2.21,11,6,Recyclable,800.0,6.5,8.88,44.2
20.76,15.42,5.34,3,0,Organic,1000.0,68.7,20.02,41.68
55.17,52.93,2.24,19,2,Recyclable,1000.0,25.7,7.94,65.65
65.48,60.83,4.65,5,3,Organic,1200.0,92.8,16.72,84.44
20.58,18.07,2.52,5,0,Recyclable,1200.0,116.5,10.46,31.03
14.51,10.97,3.53,18,3,Organic,1000.0,30.7,16.86,33.26
85.94,83.33,2.62,20,4,Recyclable,800.0,24.9,10.9,98.84
90.66,88.76,1.9,18,0,Recyclable,800.0,102.0,7.76,100.0
61.74,57.34,4.4,16,1,General,1200.0,49.1,18.83,79.15
25.02,23.15,1.87,6,3,Recyclable,800.0,104.1,4.34,27.4
16.99,15.91,1.08,5,2,General,1200.0,51.4,12.98,27.75
34.9,32.01,2.88,10,6,Recyclable,1000.0,42.8,7.33,40.44
64.55,61.56,2.99,1,5,Organic,1000.0,57.7,11.91,79.39
39.28,36.41,2.87,5,2,Recyclable,1500.0,83.9,7.65,46.06
43.51,41.72,1.8,8,6,Recyclable,800.0,81.9,12.65,55.44
49.03,47.12,1.91,5,0,Recyclable,800.0,31.7,10.52,66.34
11.43,8.51,2.92,2,6,Recyclable,1500.0,63.4,5.41,14.79
47.06,44.69,2.37,13,0,Organic,1200.0,75.5,8.73,52.9
14.25,11.82,2.43,19,0,Recyclable,1200.0,59.5,6.36,22.3
14.2,9.87,4.33,7,1,Organic,1500.0,102.2,11.43,27.75
77.72,76.78,0.94,2,5,Recyclable,1200.0,72.8,5.47,80.66
61.12,57.6,3.52,3,2,General,1000.0,95.2,10.63,74.01
48.5,46.68,1.82,15,6,General,1500.0,62.5,12.38,59.67
47.61,46.4,1.21,0,4,General,1500.0,78.3,9.27,57.23
55.41,52.26,3.15,5,3,General,1200.0,82.1,13.06,68.2
16.04,13.11,2.92,20,5,Organic,800.0,107.3,21.0,37.51
60.73,59.72,1.01,16,0,Recyclable,1200.0,52.5,4.43,66.16
15.64,13.55,2.1,8,0,Recyclable,1000.0,22.2,10.6,26.03
27.96,26.03,1.92,13,3,Organic,1200.0,47.1,14.92,46.16
42.15,40.68,1.47,0,3,Organic,1200.0,85.8,9.02,52.09
36.35,32.4,3.95,13,2,Organic,1000.0,31.7,13.49,48.53
65.49,63.68,1.81,5,3,Recyclable,1200.0,103.0,7.59,73.05
67.62,66.17,1.45,11,0,General,800.0,58.3,7.32,75.13
57.86,54.61,3.25,8,5,Organic,800.0,72.1,19.17,80.7
57.92,56.62,1.3,8,5,Recyclable,800.0,26.9,5.79,65.31
91.84,89.71,2.14,13,6,Recyclable,800.0,4.9,9.54,100.0
43.11,40.51,2.6,23,3,General,1500.0,62.3,9.48,52.59
86.74,84.49,2.25,16,5,Recyclable,1000.0,115.6,11.59,96.96
44.44,42.63,1.81,1,3,Recyclable,1500.0,37.9,8.94,53.76
32.57,26.1,6.47,0,0,Organic,1500.0,69.5,18.51,51.58
82.05,77.86,4.2,4,2,Recyclable,1000.0,119.1,11.13,91.04
42.5,40.53,1.98,19,6,General,1000.0,112.3,11.69,52.34
14.08,12.95,1.12,1,4,Recyclable,1200.0,106.1,7.76,19.81
31.79,28.47,3.33,16,3,Organic,1200.0,87.9,14.46,48.15
60.81,55.05,5.76,12,6,Organic,1500.0,3.8,27.7,91.84
29.22,28.09,1.13,23,3,Recyclable,1000.0,101.9,7.1,35.18
92.27,88.51,3.76,13,0,General,1500.0,58.4,16.91,100.0
15.53,15.41,0.12,18,6,General,1000.0,45.5,10.36,26.85
34.41,31.59,2.83,17,0,Recyclable,1000.0,112.9,8.44,40.34
10.95,9.65,1.3,13,1,General,800.0,30.6,9.55,19.58
48.74,46.38,2.36,3,6,General,800.0,22.9,9.72,57.81
40.96,36.16,4.8,23,2,Organic,1500.0,26.8,16.55,56.32
13.78,12.56,1.22,23,4,Recyclable,1500.0,90.8,8.89,23.09
53.82,50.25,3.56,9,1,Organic,1000.0,32.9,10.45,66.25
25.53,21.56,3.96,20,4,General,800.0,90.6,12.47,36.24
40.05,35.71,4.34,15,5,General,800.0,58.9,14.25,53.69
66.77,66.09,0.69,19,4,Recyclable,1500.0,97.1,6.16,72.94
66.89,62.7,4.19,8,3,Organic,1200.0,76.6,13.05,82.52
42.03,37.52,4.51,0,4,Organic,1000.0,85.5,14.07,52.63
69.43,66.49,2.95,20,5,Organic,1500.0,78.1,10.74,77.29
76.01,72.91,3.1,2,2,Recyclable,1000.0,39.9,8.32,85.13
46.53,44.62,1.9,17,2,General,1500.0,60.3,9.62,60.47
82.41,80.0,2.4,13,6,General,800.0,63.9,18.3,100.0
85.64,83.8,1.84,19,1,General,1500.0,78.8,11.75,97.22
18.26,11.98,6.28,6,1,Organic,1000.0,17.6,15.7,34.0
48.19,46.68,1.51,4,0,General,1000.0,35.9,7.04,54.65
38.86,35.46,3.4,16,1,Recyclable,1500.0,14.8,11.6,51.5
54.63,51.25,3.38,17,6,Recyclable,800.0,45.5,13.04,69.33
18.52,13.54,4.98,18,1,General,800.0,112.0,13.73,34.74
14.72,9.55,5.16,1,4,Organic,1000.0,35.6,17.72,31.34
40.67,36.89,3.78,0,0,Recyclable,800.0,74.2,10.68,51.31
53.72,48.72,5.01,22,3,Organic,1500.0,71.5,12.37,66.0
45.23,43.88,1.35,10,6,General,1200.0,101.4,12.89,57.54
83.02,79.52,3.5,17,1,General,1200.0,11.1,17.88,99.57
60.57,56.61,3.96,11,4,Organic,1500.0,40.3,18.04,77.67
29.56,27.59,1.96,19,6,Recyclable,1200.0,32.2,13.57,41.76
86.88,85.01,1.87,9,3,General,1500.0,25.4,7.92,94.71
67.81,64.95,2.86,2,1,Organic,1200.0,8.9,12.75,77.24
82.99,79.79,3.2,9,1,General,1000.0,49.6,14.75,99.73
51.26,47.36,3.9,17,5,General,1000.0,43.8,13.48,65.86
44.98,42.77,2.21,3,1,Organic,1500.0,20.7,13.45,56.37
57.7,56.32,1.37,7,3,Recyclable,1200.0,37.4,10.07,70.31
24.87,19.4,5.47,6,6,Organic,1200.0,72.4,22.94,49.54
87.99,86.68,1.3,18,6,Recyclable,1200.0,66.5,11.32,99.96
17.83,12.9,4.93,21,1,Organic,800.0,30.4,21.91,39.02
26.45,22.58,3.86,12,6,Organic,1200.0,107.3,19.9,48.15
81.61,80.87,0.74,0,5,General,1200.0,57.0,6.34,89.25
31.64,29.9,1.74,5,2,Recyclable,1000.0,111.0,8.87,40.95
70.61,68.69,1.92,0,5,General,1200.0,6.8,9.68,79.05
65.64,62.26,3.38,9,5,General,1500.0,96.7,7.33,72.01
74.17,71.88,2.29,5,4,Recyclable,1000.0,12.5,9.74,83.07
38.45,38.76,-0.3,16,4,Recyclable,1500.0,62.1,4.39,42.31
33.28,31.78,1.5,11,2,Recyclable,800.0,17.5,7.27,34.72
43.32,40.77,2.55,1,2,General,1500.0,108.8,13.18,58.63
13.4,8.72,4.68,2,6,Organic,1200.0,41.2,24.86,39.3
94.09,92.11,1.98,19,5,General,1200.0,34.2,13.31,100.0
63.9,59.27,4.62,17,0,Organic,1500.0,4.8,13.74,78.79
58.41,56.33,2.08,11,0,Organic,1500.0,105.4,14.07,69.89
71.41,66.74,4.67,0,3,Organic,1000.0,100.6,8.25,80.15
37.54,34.33,3.2,5,6,Recyclable,1500.0,82.1,8.2,45.03
93.81,90.4,3.4,22,3,Recyclable,800.0,92.5,9.51,100.0
83.3,79.78,3.53,20,3,General,1200.0,102.8,9.47,89.14
74.34,70.89,3.44,3,0,Organic,1500.0,7.6,10.5,82.53
37.97,32.44,5.53,16,4,Organic,1200.0,65.0,18.67,56.58
27.9,25.85,2.04,13,1,Organic,1000.0,42.0,16.71,46.93
24.85,21.34,3.51,8,3,Recyclable,800.0,40.4,6.19,33.35
66.72,63.95,2.77,8,1,Organic,1000.0,35.4,9.27,78.03
26.04,23.69,2.35,20,2,General,800.0,69.1,12.23,38.22
74.72,70.46,4.26,4,6,General,1000.0,118.6,14.19,90.35
94.83,89.22,5.61,17,1,Organic,1200.0,23.3,20.76,100.0
89.21,88.57,0.64,17,1,General,1000.0,35.7,12.33,100.0
69.72,66.71,3.01,22,6,Organic,1500.0,113.2,18.11,90.38
57.46,52.44,5.03,4,6,Organic,1500.0,5.7,25.59,85.16
52.67,49.88,2.79,18,3,Organic,1200.0,71.4,8.27,58.78
40.69,38.36,2.33,16,2,General,1200.0,102.6,11.41,52.68
90.96,86.87,4.09,7,4,Organic,1000.0,4.9,12.6,100.0
71.77,68.12,3.65,12,5,Organic,800.0,107.6,18.38,90.58
74.86,69.14,5.72,22,6,Organic,1200.0,80.4,24.22,97.12
75.07,71.99,3.08,17,2,Organic,1000.0,10.2,11.42,87.06
14.03,10.43,3.59,18,5,Organic,800.0,74.3,21.6,31.85
31.59,25.49,6.1,8,0,Organic,1200.0,38.2,19.94,52.82
56.62,54.86,1.76,13,3,Recyclable,800.0,15.7,5.58,62.56
14.98,10.95,4.03,8,1,Organic,1200.0,18.8,12.16,31.62
75.63,73.45,2.18,4,0,General,800.0,103.6,12.4,90.84
81.14,79.24,1.9,2,0,Organic,1000.0,5.3,9.6,91.19
58.09,54.55,3.55,17,6,General,1200.0,38.9,9.18,64.16
78.07,75.95,2.12,2,3,Recyclable,1000.0,60.2,9.75,90.06
10.37,7.74,2.64,18,2,General,1500.0,34.3,11.91,22.16
74.47,72.73,1.74,14,2,Recyclable,1200.0,45.9,7.43,80.21
88.35,84.9,3.45,5,1,General,1000.0,112.1,9.49,97.45
85.05,84.6,0.45,17,3,General,1000.0,85.5,9.49,93.65
71.6,70.91,0.69,3,0,Recyclable,1500.0,43.3,4.15,75.66
24.43,23.79,0.64,21,6,Recyclable,1500.0,79.0,5.31,28.53
56.37,54.41,1.96,23,1,Organic,800.0,19.4,12.52,68.34
51.54,48.25,3.29,8,3,General,1000.0,107.0,12.3,61.88
45.35,42.55,2.81,6,0,Recyclable,1200.0,38.0,4.79,51.6
32.11,27.81,4.3,19,5,Organic,1000.0,113.1,23.21,53.82
10.66,8.32,2.34,19,0,General,1200.0,58.1,12.74,23.98
85.65,80.09,5.56,21,2,Organic,800.0,94.7,21.03,100.0
69.96,67.63,2.33,23,2,Recyclable,1200.0,51.3,8.43,78.88
43.96,42.47,1.49,3,3,Organic,1500.0,118.3,8.35,51.74
57.32,55.02,2.3,8,3,Organic,1000.0,39.7,10.0,68.25
28.05,23.94,4.11,19,2,General,1500.0,103.2,12.86,42.06
76.6,73.72,2.88,16,6,General,1500.0,69.9,19.06,91.48
85.58,81.76,3.82,9,5,Organic,800.0,81.7,20.27,100.0
45.33,43.09,2.25,9,0,General,1500.0,94.9,8.94,55.34
94.94,94.45,0.49,10,3,Recyclable,1500.0,38.4,6.17,100.0
85.09,82.21,2.87,8,2,Recyclable,1200.0,20.9,10.72,97.01
63.35,59.86,3.5,3,4,General,1200.0,46.3,13.4,78.07
28.38,25.11,3.27,0,1,Organic,1000.0,10.2,8.25,35.04
27.01,20.43,6.57,5,4,Organic,1000.0,13.2,21.49,47.19
53.04,49.3,3.75,23,6,Recyclable,1000.0,72.1,14.63,67.44
48.3,48.06,0.24,15,4,Recyclable,1200.0,52.0,7.85,57.23
67.73,64.07,3.66,14,4,General,1000.0,73.6,16.95,80.44
38.68,35.19,3.49,21,5,Organic,1500.0,16.5,16.51,53.63
18.52,15.41,3.11,6,0,General,1500.0,91.0,10.95,29.26
65.01,65.18,-0.17,19,5,Recyclable,1000.0,110.3,6.78,63.68
70.78,68.86,1.92,14,6,Recyclable,1500.0,77.5,14.5,84.5
50.19,46.4,3.79,7,6,Organic,800.0,108.2,22.75,74.35
21.11,16.92,4.19,22,4,Organic,1500.0,27.4,15.21,34.75
42.09,37.47,4.62,4,2,Organic,1000.0,95.1,19.28,61.75
92.43,90.17,2.26,23,6,Recyclable,1500.0,5.0,7.35,96.56
79.63,76.51,3.12,23,6,Organic,1000.0,10.3,15.74,98.59
16.6,16.49,0.11,5,0,Recyclable,1000.0,19.1,6.25,19.8
81.06,80.19,0.87,7,5,Recyclable,1500.0,16.5,13.19,93.29
39.96,39.81,0.15,17,2,Recyclable,800.0,49.6,4.8,41.07
74.78,68.0,6.78,16,1,Organic,1200.0,52.7,21.32,94.25
63.52,59.12,4.4,12,3,Organic,1000.0,95.8,21.98,83.33
11.8,7.37,4.43,8,2,General,800.0,41.7,12.88,24.06
55.4,51.87,3.53,1,1,Organic,1000.0,27.8,16.64,70.5
49.43,44.27,5.16,8,6,General,1000.0,8.9,15.48,66.71
88.88,85.39,3.49,6,4,General,1200.0,32.8,13.72,100.0
21.21,17.64,3.58,21,1,Organic,1200.0,60.5,9.26,32.9
94.72,90.87,3.85,1,1,General,1500.0,46.3,15.49,100.0
27.52,27.28,0.25,22,1,Recyclable,1000.0,49.5,7.27,35.01
74.67,70.88,3.79,19,1,Recyclable,800.0,9.1,10.03,83.95
32.48,28.27,4.21,6,3,Organic,1200.0,17.3,15.87,44.49
33.33,31.36,1.97,23,4,General,1000.0,105.7,14.05,46.91
93.72,91.79,1.93,16,4,General,1000.0,98.1,10.89,100.0
74.13,71.99,2.14,8,0,General,1500.0,70.8,10.29,85.21
53.97,50.66,3.31,10,4,Recyclable,1200.0,10.8,11.55,62.41
14.44,11.27,3.17,16,2,Organic,800.0,3.2,11.6,26.68
67.64,65.04,2.6,8,0,General,1500.0,36.9,14.58,84.23
83.96,80.73,3.23,11,0,General,800.0,70.3,17.65,100.0
49.97,46.62,3.36,14,2,Organic,1000.0,104.9,10.56,62.45
86.15,82.81,3.34,18,2,Organic,800.0,70.2,17.34,100.0
89.97,86.5,3.48,15,3,Recyclable,1500.0,24.9,11.72,100.0
74.31,73.08,1.23,15,3,General,1000.0,38.5,9.86,84.52
34.69,29.59,5.1,6,5,Organic,1200.0,42.1,25.29,60.56
75.59,73.32,2.27,6,5,Recyclable,1000.0,110.5,13.53,90.96
24.68,22.92,1.76,16,5,Recyclable,1200.0,3.5,6.17,32.78
41.03,34.74,6.28,12,1,Organic,1500.0,64.8,21.09,62.46
77.34,75.23,2.11,0,0,Recyclable,1000.0,91.5,6.85,84.81
69.63,66.19,3.43,15,2,Organic,800.0,86.5,18.17,84.8
23.14,21.4,1.74,16,1,General,800.0,106.6,10.09,31.85
20.1,17.96,2.15,0,0,General,1500.0,102.3,10.71,27.26
39.75,37.31,2.44,22,0,Recyclable,800.0,54.4,8.8,45.37
20.34,15.71,4.62,9,4,Organic,800.0,9.7,17.69,36.35
76.3,71.82,4.48,4,5,Organic,1000.0,58.4,24.17,100.0
87.77,84.78,2.99,4,6,General,1500.0,118.7,15.2,100.0
18.37,15.32,3.05,12,1,Recyclable,1200.0,117.6,5.85,23.8
79.32,75.25,4.07,12,5,Organic,1200.0,83.0,23.93,100.0
85.68,84.15,1.53,11,2,Recyclable,800.0,110.1,9.64,93.65
18.36,15.86,2.5,7,4,Organic,1000.0,40.6,10.43,28.29
37.99,35.22,2.76,1,3,Recyclable,1200.0,12.4,10.76,48.6
56.59,54.23,2.36,11,0,General,800.0,55.5,9.55,66.6
41.69,39.77,1.92,16,3,Recyclable,1000.0,101.3,10.99,52.47
66.4,61.49,4.91,19,2,General,1500.0,19.9,14.08,76.61
24.89,22.83,2.07,3,6,Organic,800.0,93.4,15.42,41.29
93.1,91.85,1.25,23,6,Recyclable,1000.0,2.5,5.59,99.52
67.8,66.06,1.74,2,0,Recyclable,800.0,87.0,11.14,78.53
19.8,15.95,3.85,14,1,General,1000.0,111.5,16.7,37.68
81.12,80.46,0.66,13,5,General,1500.0,22.6,8.07,91.58
47.36,42.36,5.0,1,6,General,1200.0,9.1,15.74,64.78
74.35,72.69,1.66,5,2,General,1500.0,66.2,9.39,85.29
63.0,59.79,3.2,10,2,Organic,1000.0,44.2,10.9,74.43
78.72,76.0,2.72,14,1,General,1200.0,20.9,19.0,99.17
44.31,42.13,2.18,3,1,General,1200.0,49.7,11.1,55.57
20.66,18.23,2.42,16,1,General,1200.0,24.4,9.7,32.02
45.52,44.18,1.34,8,2,Recyclable,1200.0,31.0,4.55,50.57
67.04,64.96,2.08,16,6,Recyclable,800.0,5.8,9.79,76.02
47.44,44.64,2.81,12,0,Organic,1000.0,31.8,8.98,55.63
83.3,79.51,3.78,10,1,Organic,800.0,42.7,18.37,100.0
12.46,11.12,1.34,1,2,General,1200.0,15.3,7.19,20.86
92.3,90.49,1.81,21,6,General,1500.0,114.6,10.38,100.0
39.36,36.55,2.81,9,5,General,1000.0,90.8,8.36,50.19
23.11,20.04,3.08,17,2,Recyclable,1500.0,41.4,10.59,37.72
37.01,35.97,1.04,0,2,Recyclable,1000.0,29.4,9.05,44.65
62.32,58.72,3.6,9,1,Recyclable,1500.0,13.9,10.44,73.79
23.28,20.2,3.08,7,0,General,800.0,115.0,10.53,30.68
16.2,11.31,4.89,7,0,General,1500.0,96.8,15.23,30.75
90.45,89.65,0.8,13,4,Recyclable,1500.0,31.1,7.22,98.31
33.52,32.01,1.52,6,6,General,1000.0,14.3,10.47,44.74
13.23,10.02,3.21,22,0,Organic,1500.0,73.5,17.54,31.13
45.14,44.14,1.0,18,0,Recyclable,800.0,10.6,8.4,54.49
60.43,58.65,1.78,16,5,General,800.0,29.5,12.41,72.76
77.36,74.48,2.88,20,0,Organic,1200.0,17.4,12.42,90.42
53.27,49.77,3.49,18,0,General,1000.0,119.0,14.6,62.06
56.74,52.3,4.44,14,0,Organic,1000.0,41.1,17.49,71.42
49.58,46.99,2.59,7,0,Organic,800.0,57.1,13.31,59.96
37.42,35.79,1.62,10,3,General,1500.0,10.0,9.31,47.16
13.33,9.76,3.57,15,5,General,1500.0,112.4,16.35,29.24
76.18,70.76,5.42,12,5,Organic,1500.0,93.6,22.56,100.0
55.35,52.85,2.5,11,0,Recyclable,800.0,99.2,8.49,60.75
13.35,9.7,3.65,1,0,General,1500.0,44.9,9.71,23.57
70.11,66.72,3.39,23,5,General,800.0,40.9,15.3,87.76
28.36,25.08,3.27,19,5,Organic,1500.0,88.0,22.17,48.97
38.81,36.42,2.4,16,2,Recyclable,1000.0,46.8,10.24,48.99
93.46,90.92,2.54,17,2,Recyclable,1200.0,84.8,5.68,96.93
87.38,83.74,3.65,19,0,Organic,1500.0,34.3,16.76,100.0
39.85,36.21,3.64,4,6,Recyclable,800.0,39.0,12.27,51.46
85.99,80.9,5.09,20,1,General,1000.0,116.0,15.07,100.0
69.55,67.94,1.61,22,0,Recyclable,1500.0,79.2,8.63,76.31
52.54,49.42,3.13,12,0,General,1500.0,95.6,9.46,59.44
15.7,12.6,3.1,4,0,General,1500.0,78.7,14.65,28.16
56.5,55.91,0.59,19,1,General,1200.0,114.7,8.26,64.59
38.67,36.45,2.22,8,3,Recyclable,1200.0,76.7,10.2,48.13
81.48,79.75,1.72,2,4,General,1500.0,7.9,8.82,89.79
83.48,78.07,5.4,20,6,Organic,1200.0,83.8,26.21,100.0
48.77,45.42,3.35,0,0,Organic,1500.0,26.3,14.85,65.13
89.96,88.06,1.91,11,0,General,1200.0,80.3,15.39,100.0
32.15,29.08,3.07,16,2,General,1200.0,65.5,7.24,38.19
13.7,11.63,2.07,10,6,Organic,800.0,27.6,11.71,23.37
22.14,20.18,1.96,10,1,Recyclable,1500.0,13.9,11.78,36.14
46.93,45.29,1.64,5,0,General,1000.0,19.8,15.78,60.67
65.4,61.1,4.31,20,3,Recyclable,800.0,24.3,10.87,77.07
38.19,34.53,3.66,5,4,Organic,1000.0,23.4,14.77,50.77
20.3,18.12,2.17,0,6,General,1500.0,2.7,8.32,27.55
49.77,46.5,3.27,17,2,Recyclable,1500.0,69.0,10.33,59.63
34.56,33.91,0.64,4,2,Recyclable,1500.0,22.3,7.4,43.19
28.5,24.19,4.31,3,3,Organic,1500.0,18.1,11.43,39.46
38.08,35.19,2.89,3,0,General,800.0,82.4,8.92,46.79
42.98,37.37,5.61,1,3,Organic,1500.0,47.3,19.14,63.49
81.4,77.01,4.39,1,2,Organic,1500.0,70.7,15.09,94.29
87.91,87.49,0.42,20,5,Recyclable,1500.0,37.3,11.66,99.77
25.88,25.17,0.71,21,6,Recyclable,1000.0,79.3,5.37,31.48
44.27,44.03,0.24,4,0,General,1200.0,46.1,6.8,51.24
16.07,12.39,3.68,22,3,Recyclable,800.0,104.9,10.26,29.76
80.42,74.71,5.72,20,6,Organic,1000.0,117.7,27.06,100.0
58.04,56.96,1.08,3,4,General,800.0,49.6,9.33,69.21
85.58,82.7,2.88,21,5,Organic,1500.0,80.5,11.3,95.24
36.04,33.33,2.72,19,6,General,1500.0,57.5,13.99,44.97
62.12,57.1,5.01,10,4,Organic,800.0,64.7,17.27,81.31
31.14,27.11,4.03,2,2,Organic,1500.0,82.0,18.9,50.62
59.43,56.59,2.84,16,2,Recyclable,1500.0,17.4,4.48,66.0
58.61,57.02,1.58,18,4,General,1500.0,13.3,8.38,67.52
32.4,29.82,2.59,23,2,Recyclable,1500.0,26.6,5.73,39.58
42.95,38.15,4.8,17,0,Organic,1200.0,52.2,16.94,63.5
65.21,61.58,3.63,2,5,Organic,1500.0,57.2,24.99,89.38
86.12,82.9,3.22,19,2,Organic,1200.0,104.2,16.45,100.0
16.94,14.47,2.47,6,0,General,1500.0,18.0,12.49,30.29
18.21,16.33,1.88,21,0,Organic,800.0,6.7,13.88,33.09
15.46,14.74,0.72,11,4,Recyclable,1000.0,65.5,4.23,19.04
58.27,52.75,5.51,3,4,Organic,1000.0,117.3,18.01,72.75
68.94,67.16,1.78,11,0,Recyclable,1200.0,110.2,5.63,71.02
81.82,78.41,3.41,9,6,Organic,1500.0,111.1,25.87,100.0
65.68,61.24,4.44,19,5,Organic,800.0,54.6,22.57,88.46
61.25,60.47,0.78,4,3,General,1000.0,67.9,8.18,71.26
24.2,21.12,3.08,2,6,Recyclable,1200.0,28.3,14.38,39.56
64.37,59.62,4.75,13,6,General,1500.0,22.4,18.26,84.12
79.19,76.85,2.34,8,6,Recyclable,1000.0,87.2,10.56,87.71
19.24,15.18,4.06,0,1,Organic,1000.0,90.7,18.26,36.42
44.57,39.4,5.17,6,1,Organic,1200.0,39.4,16.54,61.39
14.79,11.62,3.17,11,0,General,800.0,64.0,16.54,32.47
20.27,15.03,5.24,9,1,Organic,1500.0,28.1,18.28,36.36
31.98,30.9,1.08,1,6,Organic,1500.0,57.2,13.54,46.26
31.13,27.84,3.28,13,6,General,1000.0,12.8,17.94,49.92
65.82,63.8,2.02,19,5,Organic,1000.0,100.8,11.39,81.37
62.75,63.02,-0.27,20,3,General,1500.0,51.5,7.51,71.8
23.73,21.02,2.71,16,2,General,1200.0,99.1,10.91,32.37
26.86,24.14,2.73,22,6,Organic,800.0,88.4,13.92,40.37
93.64,92.54,1.1,1,5,General,800.0,55.7,6.36,98.91
26.53,23.11,3.42,12,2,General,1200.0,90.5,13.09,43.35
50.23,48.54,1.69,23,5,General,1200.0,89.8,10.31,60.96
60.72,57.21,3.51,17,6,Organic,1200.0,35.9,19.16,74.87
77.34,76.78,0.57,16,5,Organic,1200.0,115.4,12.24,86.89
82.64,80.35,2.29,13,1,General,1000.0,119.9,10.7,92.86
90.48,89.14,1.33,12,6,Organic,1500.0,11.2,12.23,100.0
91.58,87.39,4.19,9,0,Organic,1200.0,56.1,17.63,100.0
85.15,81.88,3.26,15,5,General,800.0,11.9,18.52,100.0
38.41,35.92,2.49,14,6,General,1200.0,26.5,13.53,50.31
91.59,89.62,1.97,18,2,Recyclable,1500.0,63.4,6.67,100.0
59.72,56.52,3.2,13,2,General,800.0,80.5,9.34,69.5
62.98,59.47,3.51,14,1,Organic,1000.0,80.6,14.09,73.28
51.53,48.83,2.7,9,0,Recyclable,1200.0,15.4,8.42,60.78
54.0,50.83,3.17,5,3,General,1200.0,21.7,12.6,64.64
10.93,6.37,4.56,22,5,Organic,1200.0,106.6,26.55,36.89
76.84,74.21,2.63,15,3,Recyclable,800.0,107.0,10.5,89.73
14.76,11.07,3.69,14,4,Organic,1000.0,61.8,16.58,31.8
40.46,39.3,1.17,19,6,Recyclable,1200.0,54.0,9.66,46.4
55.37,51.73,3.63,21,2,Recyclable,800.0,41.9,10.54,63.93
67.94,61.66,6.28,11,0,Organic,1200.0,26.4,19.16,87.39
61.28,58.29,2.99,20,3,General,1500.0,5.7,7.89,68.88
85.92,81.01,4.91,8,6,Organic,1500.0,42.4,28.11,100.0
46.22,45.54,0.68,6,6,Recyclable,800.0,88.2,7.67,53.9
63.8,61.73,2.07,21,0,Recyclable,800.0,87.0,5.03,70.0
88.28,86.99,1.29,5,6,Organic,1500.0,42.6,12.1,98.96
16.37,14.32,2.05,19,0,Recyclable,1000.0,15.0,8.15,25.08
11.46,7.79,3.67,9,1,General,1000.0,113.8,15.74,24.64
45.25,41.77,3.48,8,0,General,1000.0,6.3,14.47,62.1
57.91,55.58,2.32,17,2,Organic,1200.0,97.8,11.45,73.23
31.71,28.84,2.86,22,0,Recyclable,1200.0,106.4,7.46,36.38
37.48,35.54,1.93,2,4,Recyclable,1500.0,32.7,6.4,47.33
92.95,87.97,4.97,7,4,Organic,1500.0,45.3,15.61,100.0
65.99,64.16,1.83,7,2,Recyclable,1200.0,19.8,5.2,71.38
30.92,28.05,2.87,21,1,Organic,1200.0,70.1,13.39,42.72
61.12,56.96,4.16,10,6,General,1500.0,74.0,11.54,72.76
90.28,87.56,2.72,14,1,General,1000.0,13.9,17.79,100.0
24.42,20.99,3.43,14,5,Organic,1500.0,59.1,15.37,41.95
69.07,65.68,3.39,13,5,Recyclable,1500.0,49.4,15.28,80.34
27.07,25.34,1.73,9,0,Recyclable,1200.0,93.4,6.41,32.73
59.45,58.89,0.56,8,5,Recyclable,1500.0,63.6,9.74,71.38
13.69,8.33,5.36,8,6,Organic,800.0,9.8,22.32,35.11
69.78,67.57,2.21,7,5,Organic,1000.0,25.9,20.68,88.44
40.04,36.91,3.13,10,4,Recyclable,1500.0,97.4,9.42,49.01
53.39,49.33,4.06,22,0,Organic,1500.0,20.8,15.55,68.65
55.7,54.59,1.11,6,2,Organic,1000.0,72.0,9.96,66.07
26.03,23.64,2.4,12,1,Organic,1000.0,68.3,13.54,40.52
28.65,25.58,3.06,4,2,General,1200.0,88.6,14.42,43.19
13.9,12.28,1.63,12,4,Recyclable,800.0,15.2,4.75,19.81
93.85,90.59,3.26,10,0,Organic,1000.0,52.9,13.52,100.0
36.9,38.66,-1.76,16,2,Recyclable,1200.0,116.0,4.65,42.51
29.69,26.96,2.74,21,5,General,1200.0,65.9,11.01,40.68
81.78,78.42,3.36,9,5,Recyclable,1000.0,76.5,7.45,88.45
74.73,67.95,6.78,20,1,Organic,1000.0,84.2,21.17,94.4
36.45,34.06,2.39,20,1,Organic,1000.0,102.3,11.51,48.35
42.65,41.52,1.12,16,0,General,800.0,88.6,10.46,55.0
63.78,59.82,3.96,21,2,Organic,1200.0,16.3,14.11,81.24
27.97,24.13,3.85,22,5,Organic,1000.0,33.4,15.74,46.03
59.4,57.27,2.13,18,2,Recyclable,800.0,115.1,9.74,69.19
37.78,35.39,2.39,23,6,Recyclable,1000.0,22.3,6.95,45.32
75.58,73.44,2.14,19,4,Recyclable,1500.0,9.6,10.83,86.56
34.78,32.73,2.05,17,2,General,1500.0,29.7,12.05,49.01
28.69,28.96,-0.26,22,1,Recyclable,800.0,116.6,6.59,37.09
81.01,78.79,2.22,13,3,Recyclable,1500.0,74.7,8.29,86.69
35.99,33.67,2.32,15,4,Recyclable,1500.0,56.2,8.1,43.7
50.77,48.91,1.86,15,0,Organic,1000.0,106.7,10.77,57.8
37.98,35.45,2.52,8,2,General,1000.0,69.4,9.48,49.97
53.34,50.83,2.51,12,4,General,1000.0,103.8,10.93,65.27
13.77,11.32,2.45,7,3,Recyclable,1000.0,38.4,10.66,26.99
46.61,45.57,1.04,1,4,Recyclable,1200.0,61.2,5.58,54.0
67.48,64.9,2.58,17,2,Organic,1500.0,29.2,9.84,74.2
41.65,39.61,2.04,12,4,General,1500.0,39.6,11.47,53.91
55.66,54.99,0.67,8,1,General,800.0,94.7,11.88,64.66
79.12,76.56,2.56,16,1,General,1000.0,113.0,9.35,88.93
36.23,33.93,2.3,15,1,Organic,1200.0,73.7,14.24,52.16
29.65,28.01,1.64,12,3,Organic,1200.0,106.9,12.63,42.84
44.91,42.67,2.23,3,3,Organic,1200.0,35.0,18.23,60.25
85.04,83.95,1.09,0,3,Recyclable,800.0,23.7,9.19,95.39
87.97,85.9,2.07,20,2,General,1200.0,56.2,7.41,99.15
28.71,26.21,2.5,3,2,General,1200.0,100.7,15.33,42.9
68.3,67.08,1.23,7,0,Recyclable,1200.0,68.1,5.64,70.23
42.98,39.57,3.41,21,5,Recyclable,1000.0,60.0,7.3,48.16
42.05,40.45,1.6,7,6,Recyclable,800.0,3.0,7.35,52.04
76.68,74.68,2.0,6,2,Recyclable,1500.0,72.3,5.51,82.53
19.54,18.01,1.52,7,2,Recyclable,1200.0,118.9,4.15,21.47
39.49,38.11,1.39,11,3,Recyclable,800.0,26.6,6.58,42.29
31.3,27.46,3.84,23,0,Organic,800.0,41.4,16.34,47.23
83.51,81.88,1.63,15,2,Recyclable,1000.0,84.0,7.43,93.05
55.15,50.95,4.2,21,2,General,800.0,82.6,15.92,71.54
84.08,79.43,4.65,16,3,Organic,1000.0,6.0,17.64,100.0
65.8,63.09,2.7,3,1,Organic,1000.0,21.4,11.16,78.46
37.24,33.68,3.55,3,2,Organic,1200.0,25.5,17.62,56.69
20.56,17.93,2.62,8,1,Recyclable,1500.0,112.7,8.07,25.49
90.11,84.09,6.02,6,3,Organic,1200.0,81.2,21.96,100.0
87.8,85.81,1.99,9,4,Organic,1200.0,49.7,9.17,96.44
80.91,76.8,4.12,5,1,Organic,1500.0,37.9,19.2,97.96
89.95,89.16,0.78,1,4,General,800.0,108.2,7.31,99.13
43.97,41.27,2.7,12,2,Recyclable,1500.0,24.3,10.42,53.56
61.09,60.24,0.85,10,6,General,1200.0,67.6,11.48,71.1
54.77,50.01,4.76,11,2,Organic,1500.0,65.5,21.07,75.8
27.36,26.36,1.0,17,1,General,800.0,92.5,8.8,35.77
87.26,85.04,2.22,11,5,Organic,1200.0,98.9,10.92,100.0
61.51,58.63,2.88,9,2,Recyclable,800.0,44.4,9.47,69.9
26.91,22.06,4.85,12,6,General,800.0,89.7,18.11,46.47
35.35,33.32,2.04,17,4,General,1500.0,90.1,17.83,53.03
31.45,29.34,2.11,16,2,General,1000.0,15.5,11.7,45.35
67.27,63.99,3.28,7,3,Organic,1200.0,73.9,19.05,82.24
66.19,63.86,2.32,19,4,Recyclable,1200.0,80.1,5.15,73.14
53.58,49.18,4.4,15,6,General,1200.0,58.1,15.46,68.15
64.64,64.26,0.38,13,3,Recyclable,1500.0,63.3,9.75,77.12
42.44,39.23,3.21,10,6,General,800.0,39.7,15.88,55.38
16.14,12.58,3.56,20,5,Recyclable,1200.0,89.9,7.85,25.88
85.25,81.73,3.52,16,1,General,1200.0,58.9,7.87,93.77
58.72,56.79,1.93,14,1,Recyclable,1200.0,118.1,5.43,64.13
58.55,54.45,4.1,5,5,Recyclable,800.0,57.8,15.55,70.9
70.51,64.39,6.12,10,5,Organic,1200.0,89.5,27.62,99.91
93.06,89.88,3.18,15,2,Organic,1000.0,96.0,11.46,100.0
27.98,25.93,2.05,19,1,General,1200.0,67.7,7.89,34.17
28.69,26.12,2.57,13,6,General,800.0,113.8,9.86,39.58
88.66,87.24,1.42,2,0,Recyclable,1000.0,67.9,4.8,91.32
23.91,20.93,2.98,1,6,Organic,800.0,104.8,25.47,50.43
37.1,35.57,1.54,12,3,Organic,1500.0,119.2,9.33,42.84
29.94,27.98,1.95,17,5,Recyclable,1500.0,24.7,7.79,38.65
75.83,70.92,4.92,1,0,Organic,800.0,112.6,19.47,98.25
12.28,10.13,2.15,12,4,General,800.0,85.5,13.06,26.67
89.7,85.03,4.67,19,2,General,800.0,49.9,14.79,100.0
76.71,72.33,4.39,20,2,General,800.0,111.7,14.19,89.22
84.5,82.19,2.31,17,3,General,1500.0,102.6,16.35,100.0
60.72,60.7,0.02,13,4,Recyclable,800.0,47.9,4.29,59.89
46.05,42.28,3.78,21,1,Organic,1500.0,102.3,14.5,60.2
24.92,22.24,2.68,15,3,Recyclable,800.0,31.2,4.97,30.99
12.95,12.6,0.36,0,6,Organic,1500.0,57.3,11.75,26.02
91.85,88.83,3.03,18,0,General,1200.0,100.1,14.69,100.0
12.17,11.46,0.71,4,1,General,1500.0,87.8,9.78,17.08
77.21,72.97,4.24,20,6,General,1200.0,25.7,15.22,91.41
53.42,50.32,3.1,4,6,Organic,800.0,98.1,19.67,72.4
52.54,48.68,3.85,11,2,Organic,800.0,3.7,12.64,67.23
54.84,53.01,1.83,19,0,General,1200.0,29.0,12.54,65.04
21.85,20.26,1.59,22,4,Recyclable,1000.0,61.9,7.3,30.33
11.51,10.97,0.54,16,5,Recyclable,1200.0,53.9,5.6,17.72
41.59,40.72,0.87,17,6,General,800.0,34.2,7.78,48.19
69.66,66.92,2.74,2,1,General,800.0,55.2,13.2,82.0
14.17,13.4,0.77,8,4,Recyclable,1000.0,14.8,5.58,21.36
28.11,24.45,3.65,1,0,General,1200.0,14.2,15.34,41.2
13.06,10.3,2.76,5,5,General,1000.0,100.1,6.39,20.65
62.38,60.51,1.88,10,0,Recyclable,1500.0,23.6,11.84,73.8
90.65,86.72,3.93,4,1,Organic,1000.0,44.1,11.41,100.0
17.37,12.74,4.63,7,0,Organic,1000.0,15.8,17.84,33.72
53.05,49.2,3.85,19,0,General,1000.0,44.6,9.63,62.88
73.25,68.4,4.85,18,1,Organic,1000.0,91.7,12.73,87.97
18.47,14.9,3.56,20,6,Organic,1000.0,48.8,24.27,45.04
20.14,16.5,3.64,2,4,Organic,1500.0,14.1,11.97,30.45
46.07,42.23,3.84,9,3,General,1500.0,110.1,14.62,65.03
11.78,10.42,1.36,12,0,Recyclable,1500.0,114.3,4.6,17.08
18.84,16.6,2.25,10,6,Recyclable,1200.0,69.7,8.7,29.18
55.91,52.75,3.16,9,6,General,1000.0,60.3,11.92,66.07
26.22,23.82,2.39,0,5,General,800.0,39.9,6.78,29.75
48.19,46.6,1.58,21,2,Recyclable,800.0,53.0,4.12,50.19
63.94,62.73,1.21,14,0,General,800.0,81.3,8.52,68.54
82.01,76.28,5.73,16,1,Organic,1200.0,60.0,11.13,96.35
91.95,86.94,5.01,0,5,General,1500.0,40.3,14.8,100.0
10.02,7.45,2.57,19,3,Recyclable,800.0,97.0,8.86,17.33
78.05,77.23,0.82,9,3,Recyclable,1500.0,116.7,5.5,86.83
56.0,53.68,2.32,23,0,General,1000.0,114.9,6.2,61.45
57.83,53.66,4.17,0,0,Recyclable,1500.0,117.0,9.75,65.09
35.8,35.13,0.66,5,6,Recyclable,800.0,94.4,8.22,41.28
80.5,77.16,3.35,3,5,Organic,1000.0,73.1,12.41,90.55
49.72,50.03,-0.31,0,2,Recyclable,1200.0,22.7,4.57,51.72
93.25,92.42,0.83,16,6,Organic,800.0,32.4,12.83,100.0
46.85,44.62,2.23,12,5,Recyclable,1000.0,57.1,9.51,56.03
85.38,85.21,0.16,5,1,Recyclable,800.0,88.4,5.22,84.4
15.11,13.82,1.29,23,0,Recyclable,1500.0,116.8,8.72,24.5
74.31,74.19,0.12,18,6,Recyclable,1200.0,100.2,6.96,83.74
17.87,16.52,1.35,16,1,General,800.0,86.1,8.49,26.04
24.49,20.88,3.61,22,3,General,1500.0,43.6,14.7,36.9
31.92,31.02,0.9,10,5,General,800.0,13.1,8.13,36.14
29.81,24.37,5.44,19,0,Organic,1500.0,111.7,19.1,48.66
70.21,69.07,1.14,11,0,Recyclable,1500.0,12.6,7.69,79.75
22.49,20.94,1.55,21,6,General,1200.0,69.6,8.22,32.93
88.71,83.74,4.97,22,1,Organic,1200.0,4.8,20.11,100.0
23.3,22.11,1.19,23,0,Recyclable,800.0,31.5,4.64,28.51
84.32,80.37,3.95,1,1,Organic,800.0,72.7,17.03,100.0
39.74,35.18,4.55,9,3,Organic,1000.0,91.9,12.41,51.81
74.49,73.92,0.57,12,2,Recyclable,1000.0,13.5,7.47,81.8
34.56,31.38,3.18,9,1,Organic,1500.0,96.4,12.2,45.15
55.97,50.51,5.46,18,6,Organic,1200.0,86.8,26.8,84.01
75.49,72.46,3.03,0,0,General,1500.0,98.9,9.86,84.29
58.36,53.78,4.58,18,6,Organic,800.0,107.4,24.92,81.1
15.93,12.92,3.01,6,0,Recyclable,1500.0,103.5,9.51,22.8
74.25,69.79,4.46,4,2,General,800.0,98.0,13.8,87.67
50.44,49.93,0.52,7,2,Recyclable,1500.0,79.1,5.45,56.49
43.59,41.21,2.37,7,6,Organic,1200.0,79.1,14.52,58.48
42.12,41.27,0.85,20,1,Recyclable,800.0,97.5,4.29,46.49
81.89,80.34,1.55,22,6,Recyclable,1000.0,40.3,6.48,87.48
76.76,69.97,6.8,19,5,Organic,1500.0,56.1,25.13,100.0
90.33,87.25,3.08,23,1,Organic,1500.0,118.4,10.0,100.0
20.97,18.41,2.56,21,2,General,1200.0,55.9,9.64,28.88
47.72,45.38,2.34,18,6,General,800.0,4.6,14.18,64.15
49.34,48.75,0.59,2,6,Recyclable,1500.0,118.7,5.99,55.09
74.64,70.17,4.47,12,1,General,1200.0,63.7,15.68,92.46
66.18,64.56,1.62,4,6,General,1000.0,67.0,7.86,74.72
34.47,29.32,5.15,7,2,Organic,1500.0,88.8,20.89,59.99
61.48,58.99,2.49,6,3,Organic,800.0,118.1,9.64,70.08
27.64,25.88,1.76,10,1,General,1500.0,32.9,14.32,42.86
77.99,74.11,3.87,22,4,Organic,1500.0,74.0,15.76,92.38
92.39,89.27,3.11,8,0,General,1000.0,25.3,12.21,100.0
75.4,73.6,1.79,18,5,Recyclable,1500.0,85.4,9.16,81.84
11.79,8.54,3.25,8,1,Recyclable,1200.0,103.3,11.18,26.41
78.32,76.07,2.25,3,6,Recyclable,1500.0,106.6,9.27,89.64
80.11,76.62,3.48,18,5,General,1200.0,119.3,19.03,99.08
44.93,40.33,4.6,19,5,Organic,1000.0,73.0,20.08,66.58
79.39,75.05,4.34,14,4,General,1200.0,102.5,19.12,98.78
68.78,65.92,2.86,1,6,Recyclable,800.0,11.1,10.56,77.95
11.16,8.5,2.66,2,4,General,1200.0,50.6,11.62,23.72
37.91,36.51,1.39,15,5,General,1500.0,104.7,9.72,44.86
75.12,72.12,2.99,15,6,General,1000.0,54.5,11.89,87.06
40.74,36.68,4.06,10,6,General,800.0,112.0,17.82,59.3
43.5,41.07,2.43,0,2,Recyclable,1200.0,22.1,5.85,46.39
39.56,37.88,1.68,12,3,General,1000.0,49.2,13.15,54.66
15.1,9.71,5.38,0,2,General,800.0,59.6,15.82,31.85
88.16,85.19,2.97,6,5,General,1000.0,79.1,9.35,94.23
60.97,55.49,5.48,23,2,Organic,1500.0,68.9,15.35,80.37
66.06,65.28,0.78,20,1,Recyclable,1200.0,6.9,8.27,74.07
39.56,39.55,0.01,8,0,Recyclable,1000.0,82.2,5.5,43.89
39.08,35.39,3.69,7,6,General,1500.0,41.6,14.52,53.49
13.61,12.73,0.88,17,4,Recyclable,1000.0,56.6,7.86,21.0
72.38,72.35,0.03,9,6,Recyclable,1500.0,119.4,6.13,81.09
45.31,43.72,1.59,7,2,Recyclable,800.0,24.0,4.93,49.82
46.04,44.88,1.16,22,5,Organic,1000.0,62.2,15.73,62.02
67.56,65.68,1.89,19,3,Recyclable,800.0,84.3,10.73,74.88
85.54,84.01,1.53,0,5,General,800.0,56.8,9.69,92.68
26.33,22.83,3.5,23,4,General,800.0,80.7,9.14,36.26
36.67,30.89,5.78,16,4,Organic,1000.0,30.9,20.09,53.94
38.41,36.05,2.37,12,5,Recyclable,1200.0,106.0,13.38,51.61
69.29,66.87,2.41,4,5,General,1500.0,58.1,9.71,78.13
81.54,73.54,8.0,11,3,Organic,800.0,95.1,21.78,100.0
88.06,84.81,3.24,1,1,Organic,1000.0,103.3,10.84,99.84
75.03,73.15,1.88,6,6,General,1000.0,49.8,7.86,82.45
77.1,75.79,1.31,10,5,Organic,1500.0,21.8,12.41,90.82
26.22,19.9,6.32,2,6,Organic,1200.0,97.2,25.5,53.24
88.36,88.26,0.1,11,1,Organic,1200.0,22.4,9.74,100.0
43.01,39.71,3.3,10,1,General,1500.0,32.1,15.22,57.0
55.29,51.29,4.0,23,5,General,800.0,75.7,13.82,66.96
39.37,34.6,4.78,4,4,Organic,1500.0,45.9,21.75,66.33
57.22,55.61,1.61,20,4,Recyclable,800.0,14.6,8.28,69.42
54.47,52.09,2.38,5,5,Recyclable,1000.0,24.2,13.52,69.81
31.06,26.29,4.76,14,4,General,1000.0,102.9,18.3,49.61
51.79,48.59,3.21,14,3,Organic,1000.0,105.0,13.74,65.03
12.13,9.98,2.15,21,2,Recyclable,1500.0,69.3,9.79,21.79
93.43,90.5,2.93,13,3,Organic,1200.0,25.5,14.42,100.0
81.04,78.39,2.65,1,6,Organic,800.0,89.2,19.76,100.0
63.18,60.98,2.2,7,2,Recyclable,1000.0,47.4,11.75,76.62
55.65,55.06,0.58,8,4,Recyclable,1500.0,38.5,8.19,66.02
29.15,23.5,5.65,15,6,Organic,1000.0,117.0,20.24,50.37
39.17,35.73,3.44,21,5,General,1200.0,81.7,7.31,46.5
47.97,44.26,3.71,18,3,General,1500.0,44.8,12.52,58.57
53.15,51.8,1.35,23,0,Recyclable,800.0,83.7,5.05,59.7
46.35,43.27,3.08,10,6,General,1000.0,84.8,16.92,66.53
40.52,38.43,2.1,15,4,Organic,1000.0,29.2,11.14,52.31
60.46,58.28,2.18,18,1,General,800.0,9.9,9.79,67.46
27.81,24.52,3.3,16,2,Recyclable,1500.0,51.2,9.17,37.38
29.79,27.35,2.44,16,6,General,1000.0,111.0,10.68,38.46
42.67,39.63,3.04,0,2,General,800.0,89.1,10.16,53.89
51.99,47.48,4.51,6,3,General,1200.0,12.1,15.41,65.63
17.89,14.95,2.94,18,5,Recyclable,1500.0,95.3,10.07,24.68
45.96,45.11,0.86,21,3,General,800.0,18.2,6.08,50.23
56.34,55.06,1.28,20,3,Recyclable,1000.0,34.7,6.34,59.36
37.7,33.81,3.88,0,4,Organic,800.0,94.3,20.92,57.06
60.06,56.55,3.51,6,6,General,1000.0,70.0,12.74,72.89
20.85,18.71,2.13,21,4,Recyclable,800.0,53.1,7.66,30.07
90.2,87.79,2.41,20,4,Recyclable,1200.0,93.3,4.57,93.36
20.58,17.9,2.68,21,3,Organic,1500.0,42.7,10.82,33.07
35.55,33.86,1.69,3,6,General,800.0,69.4,10.52,42.63
81.04,73.59,7.46,13,1,Organic,1500.0,73.8,20.45,100.0
42.71,41.27,1.44,22,2,Organic,800.0,93.6,9.45,53.09
74.23,70.12,4.11,1,1,General,800.0,88.0,14.88,91.08
32.02,28.36,3.67,10,3,General,800.0,42.6,16.09,48.77
66.76,60.68,6.08,0,2,Organic,1500.0,102.9,18.77,85.97
65.33,60.84,4.49,11,1,General,1000.0,23.0,16.3,80.97
57.83,53.69,4.14,10,6,Recyclable,1000.0,11.8,12.97,71.43
27.27,25.12,2.15,18,3,Recyclable,1200.0,10.0,8.03,35.14
80.57,78.06,2.51,0,0,General,1000.0,76.9,13.11,92.62
18.81,14.82,3.99,0,6,General,1000.0,66.1,15.25,38.37
44.51,39.11,5.4,3,1,Organic,1200.0,81.9,20.83,65.93
83.85,81.76,2.1,1,6,General,1200.0,51.0,10.72,92.65
47.86,46.66,1.2,22,5,General,1200.0,43.9,7.43,59.66
50.1,44.63,5.47,10,2,Organic,1200.0,89.8,20.46,67.51
40.91,39.22,1.69,17,1,General,1500.0,70.5,8.52,48.76
41.92,38.31,3.62,20,3,General,1500.0,61.4,9.65,50.28
39.11,38.02,1.1,4,0,Organic,1200.0,11.1,8.61,48.13
18.51,18.98,-0.46,5,2,Recyclable,1000.0,97.3,5.96,27.06
48.85,45.15,3.69,23,6,Organic,1200.0,49.2,22.04,67.27
49.6,47.37,2.23,2,1,Organic,1200.0,8.8,8.37,56.54
75.06,73.5,1.56,2,3,General,1000.0,89.8,7.47,82.18
86.02,83.7,2.33,20,4,Recyclable,1000.0,8.7,9.36,94.3
28.98,26.87,2.11,9,2,Recyclable,1200.0,77.8,6.83,37.63
86.3,81.62,4.69,18,1,Organic,1200.0,116.0,14.97,99.42
19.73,15.95,3.78,13,0,Organic,1500.0,16.1,19.06,40.37
16.6,14.87,1.73,9,0,Recyclable,800.0,72.4,6.99,20.62
44.59,42.36,2.23,20,5,Organic,800.0,52.9,18.23,57.72
20.69,18.71,1.97,18,4,General,1200.0,58.1,11.16,29.22
94.85,93.17,1.68,6,6,Recyclable,1500.0,58.9,8.84,100.0
54.51,51.68,2.84,23,0,Organic,800.0,11.3,12.05,62.96
67.25,66.61,0.64,17,6,Recyclable,800.0,52.0,5.31,72.64
37.42,37.43,-0.01,2,5,Recyclable,1500.0,99.1,11.03,49.79
26.32,23.43,2.89,12,0,Recyclable,800.0,59.6,7.47,34.04
82.91,78.36,4.55,20,5,Organic,1500.0,8.9,20.15,100.0
44.56,42.74,1.81,8,6,Organic,800.0,104.2,14.78,58.39
54.63,51.05,3.58,19,2,Organic,1500.0,67.3,13.92,66.66
77.41,72.88,4.52,20,4,Recyclable,1200.0,118.7,11.83,94.41
45.94,40.03,5.9,15,0,Organic,1200.0,9.8,17.98,64.07
92.18,89.7,2.48,14,2,General,1000.0,81.1,14.53,100.0
65.56,60.91,4.65,15,6,Organic,800.0,100.9,19.48,83.9
77.59,76.42,1.17,19,2,Recyclable,1000.0,50.3,9.91,86.07
62.93,61.16,1.77,3,6,General,800.0,20.2,13.81,72.05
44.15,41.31,2.83,8,0,General,800.0,58.7,13.39,59.27
30.54,24.2,6.33,19,5,Organic,800.0,83.6,25.81,59.54
63.79,61.66,2.12,4,0,General,1500.0,118.1,9.18,71.54
38.49,34.86,3.63,0,2,Recyclable,1200.0,41.6,7.47,46.56
12.52,9.87,2.64,10,0,General,1500.0,47.0,16.06,30.2
85.21,81.91,3.3,6,5,General,800.0,117.8,8.13,91.55
89.67,88.59,1.08,8,5,Organic,1000.0,71.2,11.45,99.64
40.2,37.57,2.63,5,2,General,1200.0,41.9,10.32,50.41
43.58,39.19,4.39,18,2,General,1000.0,68.6,17.21,60.6
88.05,86.31,1.74,5,5,Recyclable,800.0,47.0,11.9,97.43
85.41,84.01,1.39,0,2,General,1000.0,7.8,9.19,92.71
44.14,43.07,1.07,17,5,General,1200.0,24.0,7.25,53.44
71.23,68.06,3.16,3,2,General,800.0,99.9,14.42,86.08
90.05,86.55,3.5,11,5,Organic,1500.0,79.4,25.75,100.0
34.76,30.67,4.09,14,3,General,800.0,97.4,17.11,49.07
68.18,65.94,2.23,0,1,General,1200.0,75.5,11.29,81.75
82.69,80.47,2.22,5,2,General,1000.0,23.0,10.37,96.27
11.76,8.44,3.32,2,6,General,1200.0,14.2,11.56,18.34
77.25,74.45,2.79,12,6,Recyclable,1500.0,75.9,8.84,86.86
62.28,60.42,1.86,22,4,Recyclable,800.0,117.5,6.28,70.54
69.56,69.16,0.4,19,5,Organic,1000.0,4.7,11.04,82.02
38.96,37.24,1.73,2,1,General,1500.0,57.2,10.58,45.63
58.69,57.22,1.47,6,6,Recyclable,1000.0,21.6,10.33,72.86
87.28,86.15,1.13,12,1,General,1200.0,95.2,11.72,95.84
57.89,52.27,5.62,11,6,Organic,1000.0,11.0,24.79,82.72
91.05,90.44,0.61,17,0,Recyclable,1000.0,23.6,8.37,100.0
25.41,24.38,1.03,17,6,Recyclable,1500.0,41.0,5.27,34.65
73.89,72.42,1.47,12,6,General,1200.0,75.2,11.49,82.39
91.65,87.71,3.94,18,2,General,1000.0,83.2,17.47,100.0
57.47,56.32,1.15,21,0,Recyclable,1200.0,94.8,5.85,64.41
54.88,50.59,4.3,14,3,Organic,800.0,36.1,17.67,74.93
70.34,65.42,4.92,21,5,General,1200.0,64.2,13.98,83.89
56.47,53.48,2.99,23,5,Recyclable,1000.0,110.6,6.78,61.82
66.59,64.57,2.02,8,0,Recyclable,1000.0,45.8,7.91,77.28
89.8,87.41,2.38,11,2,General,800.0,52.4,16.4,100.0
54.81,49.79,5.03,20,6,Organic,1000.0,27.9,26.92,83.15
37.36,35.19,2.16,5,6,Recyclable,1200.0,20.2,10.56,49.79
58.92,55.33,3.59,8,3,General,1000.0,56.7,7.67,66.59
27.54,21.95,5.6,21,6,General,1500.0,67.0,9.98,38.06
61.75,59.43,2.31,13,0,General,1200.0,9.7,7.35,69.75
81.65,79.01,2.65,1,1,Organic,1000.0,90.1,9.81,91.77
55.55,54.49,1.06,17,6,General,800.0,85.3,7.73,67.07
65.89,60.36,5.52,5,1,General,800.0,69.3,13.17,82.85
47.0,42.73,4.27,3,1,Organic,1000.0,52.5,22.0,68.93
84.48,80.06,4.42,23,4,General,1500.0,106.3,12.09,96.45
58.06,54.87,3.19,9,0,Organic,1200.0,13.3,8.36,67.63
89.83,86.3,3.53,17,5,Organic,1200.0,97.5,14.93,100.0
75.81,73.2,2.61,17,5,General,1200.0,30.3,10.04,88.14
60.77,57.37,3.39,15,3,General,1500.0,86.6,10.7,71.58
14.71,11.08,3.63,8,5,General,1000.0,74.7,12.19,28.77
83.48,82.02,1.45,15,2,General,1200.0,2.4,10.53,95.35
34.6,32.36,2.23,5,0,Organic,800.0,74.5,10.25,48.78
59.87,58.21,1.66,17,2,Recyclable,1000.0,73.4,6.33,70.95
16.19,9.83,6.36,15,5,Organic,1000.0,112.8,23.09,36.1
49.23,48.18,1.05,19,0,Organic,1200.0,112.7,9.53,57.21
29.77,27.33,2.44,13,6,Recyclable,1200.0,105.9,12.55,41.02
14.12,10.98,3.14,9,1,General,1000.0,49.8,11.75,27.23
58.53,57.12,1.41,1,4,General,1200.0,6.6,12.0,69.1
50.08,44.32,5.77,20,0,Organic,1500.0,93.9,17.33,66.65
80.2,76.95,3.25,2,2,General,1000.0,38.9,10.57,94.85
19.1,18.68,0.41,23,0,Recyclable,1500.0,36.5,4.13,23.85
62.34,60.55,1.79,19,5,Recyclable,1200.0,67.0,11.77,74.62
87.93,82.65,5.28,21,5,Organic,1500.0,77.8,22.19,100.0
43.32,40.59,2.73,8,6,Recyclable,1200.0,78.2,7.83,48.6
56.62,52.91,3.71,2,2,General,1000.0,35.6,14.79,69.29
25.14,22.08,3.06,22,3,Recyclable,1500.0,84.6,10.57,35.13
66.46,65.09,1.37,0,5,Recyclable,1200.0,108.1,8.78,75.55
27.45,23.67,3.78,23,5,Organic,1500.0,45.0,15.45,43.18
59.89,54.12,5.77,5,4,Organic,1500.0,91.8,19.38,81.38
68.54,67.13,1.41,16,4,General,1200.0,107.2,10.15,78.94
38.83,34.17,4.66,2,5,Organic,1200.0,37.2,21.4,61.07
51.99,50.34,1.65,8,6,Recyclable,1500.0,50.4,10.99,62.61
59.99,54.55,5.44,19,3,Organic,1000.0,32.3,21.79,82.71
39.05,33.1,5.95,13,3,General,1000.0,40.4,17.69,60.64
10.82,7.5,3.32,19,0,Recyclable,1200.0,10.7,5.34,16.23
39.63,37.38,2.25,1,2,Organic,1200.0,60.2,12.0,51.67
60.38,58.04,2.34,4,4,Organic,800.0,59.4,15.87,74.39
42.42,39.51,2.92,9,1,Recyclable,1000.0,18.3,8.24,49.22
14.72,14.2,0.52,6,0,Recyclable,1500.0,75.8,5.14,21.21
37.93,35.49,2.44,22,6,General,1500.0,5.2,11.84,50.98
30.24,26.36,3.88,4,4,General,1500.0,52.0,15.28,41.82
44.54,45.24,-0.7,8,4,Recyclable,1500.0,5.7,4.2,49.87
60.09,57.89,2.2,17,5,Organic,1000.0,18.8,15.38,73.25
90.6,87.39,3.21,20,2,General,800.0,15.7,13.72,100.0
32.55,29.51,3.04,4,3,Recyclable,1200.0,80.8,8.59,38.93
59.66,57.61,2.05,5,4,Organic,1500.0,47.7,11.33,71.87
15.6,14.35,1.26,16,5,Recyclable,800.0,74.6,8.56,28.53
28.77,26.12,2.65,13,2,Organic,800.0,86.5,12.28,40.85
19.07,16.57,2.49,0,2,Recyclable,800.0,76.5,11.57,31.13
29.18,24.66,4.53,4,6,General,800.0,87.6,15.6,46.89
38.49,37.69,0.8,21,5,Recyclable,800.0,48.2,5.66,44.2
13.18,11.46,1.72,1,1,General,1500.0,98.8,12.22,24.89
65.46,61.7,3.77,15,4,Recyclable,1500.0,21.3,9.28,74.34
84.06,79.0,5.05,1,3,Organic,1200.0,92.8,14.0,96.22
86.11,82.66,3.45,13,4,Organic,800.0,6.2,9.53,97.36
74.39,69.28,5.12,15,1,Organic,800.0,64.0,18.7,95.38
47.02,43.99,3.03,1,2,Recyclable,1000.0,68.0,11.72,58.38
62.76,60.15,2.61,4,2,Organic,1500.0,106.1,9.19,71.6
40.83,35.61,5.22,13,4,Organic,800.0,16.8,20.65,59.16
90.42,89.34,1.08,23,5,Recyclable,1200.0,35.2,11.91,100.0
43.2,39.49,3.72,15,6,General,1500.0,57.7,13.13,56.68
76.18,74.84,1.33,7,5,Organic,1500.0,40.7,10.71,88.69
29.54,23.87,5.68,23,3,Organic,800.0,41.9,13.57,41.96
35.25,32.74,2.51,16,6,General,1000.0,29.6,11.29,47.03
85.54,82.13,3.41,12,1,Organic,1000.0,46.9,15.39,98.96
14.84,11.57,3.27,10,1,General,1200.0,26.3,18.09,33.25
44.97,41.08,3.89,2,1,Recyclable,1200.0,43.0,11.71,56.58
40.15,36.96,3.19,8,1,Recyclable,1200.0,106.7,9.58,50.66
15.71,11.3,4.41,23,0,Organic,1000.0,31.8,12.23,30.24
79.81,79.74,0.07,12,2,Organic,1000.0,77.1,8.18,86.4
32.71,31.04,1.67,12,0,General,1500.0,27.7,10.8,40.19
25.38,24.23,1.15,11,5,Recyclable,1000.0,56.5,7.79,34.61
87.31,86.85,0.46,9,2,General,800.0,81.2,9.12,97.08
75.0,70.94,4.05,6,1,Organic,1200.0,93.9,16.84,89.8
89.6,88.43,1.17,19,5,Organic,800.0,36.2,11.78,100.0
46.38,44.76,1.63,22,3,Recyclable,1500.0,40.5,7.98,54.99
25.26,22.13,3.13,12,0,Recyclable,1000.0,53.1,8.6,35.81
24.01,22.43,1.58,3,1,Recyclable,1500.0,85.3,6.33,33.82
66.48,65.87,0.62,21,5,Organic,1000.0,94.6,11.49,75.95
60.85,58.08,2.77,20,1,General,800.0,48.0,9.17,73.44
65.97,60.86,5.11,21,2,Organic,1000.0,73.2,17.64,83.81
42.43,39.54,2.89,18,4,General,1200.0,88.7,11.25,54.64
25.01,23.17,1.84,7,6,General,1500.0,76.9,11.32,38.5
64.98,62.89,2.09,1,2,Recyclable,1500.0,119.1,5.45,71.25
79.11,78.0,1.11,12,0,Recyclable,1500.0,101.7,5.57,84.31
36.63,31.92,4.72,19,6,Organic,1200.0,84.8,22.66,58.78
45.29,42.01,3.28,18,0,Organic,1500.0,76.2,13.16,55.65
52.13,49.92,2.21,3,1,General,800.0,3.5,6.41,56.77
76.62,75.64,0.98,13,4,Recyclable,1000.0,54.7,6.99,83.81
92.47,90.26,2.21,15,4,General,1500.0,42.7,14.96,100.0
54.39,51.15,3.25,19,3,Organic,800.0,44.5,12.83,66.77
10.81,7.24,3.56,23,5,General,1500.0,115.2,13.55,25.92
81.7,81.29,0.4,16,5,Recyclable,1500.0,44.6,8.83,89.06
65.63,62.82,2.82,21,2,Organic,1500.0,32.0,13.46,78.8
27.16,25.04,2.13,20,0,General,800.0,20.3,6.88,31.03
54.75,50.97,3.78,9,3,Recyclable,1000.0,62.9,8.8,64.21
11.5,7.97,3.53,21,4,Organic,1000.0,31.7,12.83,21.92
33.93,32.35,1.58,22,1,Recyclable,1500.0,109.2,11.72,46.4
35.72,33.98,1.75,18,4,General,1000.0,104.4,11.26,43.88
65.42,65.3,0.12,10,4,General,800.0,85.6,11.07,76.66
71.93,67.04,4.89,5,0,Organic,800.0,42.7,16.56,88.17
15.44,14.35,1.09,0,3,General,800.0,65.4,8.46,21.91
60.23,58.63,1.6,9,1,General,1000.0,65.0,10.54,73.09
16.03,12.85,3.18,20,3,Organic,800.0,61.0,12.34,26.89
81.97,79.69,2.28,14,3,Organic,800.0,20.7,13.72,97.27
13.67,12.21,1.46,4,3,Recyclable,1000.0,100.9,9.39,22.23
54.59,49.93,4.66,13,3,General,1200.0,98.3,14.18,69.83
25.23,23.4,1.84,21,2,Recyclable,1200.0,11.7,10.52,35.7
35.58,31.06,4.52,15,2,Organic,1000.0,2.1,18.14,51.34
62.48,60.07,2.41,23,6,Organic,800.0,114.3,11.76,72.47
25.21,21.64,3.56,15,1,Organic,1200.0,60.1,17.42,45.66
86.97,85.5,1.47,10,1,Recyclable,800.0,66.3,4.5,90.97
28.22,25.81,2.41,2,6,General,1000.0,57.6,11.76,36.86
20.43,20.69,-0.26,12,2,Recyclable,1500.0,6.4,7.57,31.57
57.02,54.92,2.1,15,2,General,1000.0,113.1,13.47,73.16
44.79,39.85,4.94,11,6,Organic,1200.0,80.1,13.33,56.88
30.59,27.84,2.75,19,5,Recyclable,1500.0,40.6,9.61,40.16
23.22,19.72,3.5,4,6,Organic,1200.0,115.7,17.37,39.15
63.33,58.96,4.38,10,3,Organic,1500.0,2.0,19.42,81.37
94.7,90.86,3.85,15,5,Organic,800.0,37.3,21.47,100.0
35.7,35.08,0.62,6,0,Organic,1000.0,87.5,10.17,45.96
28.96,26.43,2.53,1,2,Organic,1000.0,73.4,8.09,35.56
64.37,64.07,0.31,3,4,Recyclable,1200.0,114.3,9.0,71.76
69.93,65.41,4.51,0,6,Organic,1200.0,36.3,28.37,100.0
28.26,24.92,3.34,6,4,Organic,1500.0,76.4,13.81,39.22
45.18,42.21,2.96,2,5,Recyclable,1000.0,70.2,10.07,54.19
67.26,64.89,2.37,20,4,General,1200.0,32.1,12.97,79.91
51.8,48.14,3.66,3,3,Recyclable,1200.0,88.5,8.59,59.84
18.16,16.48,1.68,3,5,Recyclable,800.0,48.7,10.29,27.76
65.12,63.83,1.29,20,5,Recyclable,1000.0,36.2,13.76,82.26
40.48,37.69,2.79,15,0,Recyclable,1200.0,18.6,11.58,53.38
62.39,57.77,4.62,3,2,Organic,800.0,22.1,16.48,78.9
83.87,82.66,1.21,10,1,Organic,1200.0,77.9,10.04,92.97
59.93,58.07,1.85,13,0,Organic,1200.0,38.7,12.88,72.92
39.04,34.16,4.88,6,0,Organic,1500.0,5.4,16.65,56.13
43.57,41.82,1.75,10,3,Recyclable,1200.0,63.0,4.68,54.33
20.71,18.17,2.54,2,2,Recyclable,1000.0,29.7,8.62,30.7
14.72,12.6,2.12,4,0,General,1000.0,19.6,14.52,30.7
61.51,57.21,4.29,14,2,Recyclable,1500.0,58.8,11.79,75.57
32.31,27.24,5.06,0,2,General,1000.0,29.4,15.27,46.24
72.52,70.02,2.5,5,5,Recyclable,800.0,98.1,13.13,88.52
14.47,11.53,2.94,21,6,General,800.0,32.1,11.78,27.96
77.43,75.56,1.87,22,2,General,800.0,52.6,8.01,82.43
77.55,77.69,-0.15,5,5,Recyclable,1200.0,23.6,6.36,82.48
63.88,59.32,4.56,15,6,Organic,800.0,52.4,22.81,90.22
25.05,23.28,1.78,6,0,Recyclable,1500.0,64.3,11.38,35.12
57.97,55.25,2.72,3,2,Recyclable,1200.0,103.0,10.08,66.26
43.02,39.99,3.02,6,1,Recyclable,1200.0,53.4,6.52,47.71
62.11,59.39,2.72,11,6,Recyclable,1500.0,105.6,8.97,73.59
34.42,34.07,0.35,17,0,General,1000.0,11.1,10.57,45.75
51.55,48.11,3.45,15,0,General,1200.0,65.4,15.02,66.91
80.71,76.94,3.78,11,0,Organic,800.0,91.3,15.25,94.51
18.48,15.83,2.65,23,5,Recyclable,1000.0,95.1,9.46,27.99
56.75,56.04,0.71,3,5,Recyclable,1200.0,71.8,6.31,64.59
17.96,15.51,2.44,8,1,General,1200.0,25.9,11.96,31.36
75.36,75.02,0.34,7,5,Recyclable,800.0,18.7,6.04,80.89
69.01,66.73,2.28,13,6,General,800.0,100.2,12.65,80.36
47.91,44.94,2.97,1,1,Organic,1500.0,38.8,11.98,61.93
28.17,27.9,0.26,22,6,Recyclable,1500.0,80.7,8.29,37.04
62.81,61.19,1.62,14,0,Recyclable,1200.0,12.8,8.17,73.97
46.32,43.96,2.36,6,3,General,1000.0,116.8,11.39,62.48
39.55,37.87,1.67,7,6,Recyclable,1000.0,75.1,11.68,50.86
23.35,20.92,2.43,17,1,General,800.0,55.0,10.63,30.57
86.3,83.44,2.86,11,3,Organic,1500.0,6.5,8.87,95.21
38.18,36.52,1.66,21,2,Recyclable,1500.0,115.0,7.6,46.15
46.13,43.2,2.93,2,2,Recyclable,1500.0,111.1,9.82,53.94
23.92,20.0,3.93,1,3,Organic,800.0,6.7,12.41,34.6
21.83,17.41,4.42,13,1,General,1200.0,116.8,14.7,36.34
79.71,75.92,3.78,20,6,Organic,1200.0,72.9,21.64,100.0
93.15,89.5,3.65,11,2,Recyclable,1200.0,57.6,11.78,100.0
75.12,73.22,1.9,12,1,General,1200.0,89.3,14.49,87.5
60.13,61.2,-1.07,2,5,Recyclable,1500.0,116.5,11.67,73.28
52.05,46.58,5.48,10,5,Organic,1500.0,42.9,25.43,79.83
63.13,62.28,0.84,17,1,Recyclable,1000.0,97.7,5.71,68.18
84.57,80.95,3.62,6,4,General,800.0,14.3,8.46,91.01
69.8,65.73,4.07,22,2,Recyclable,1000.0,18.1,9.29,81.17
83.59,79.38,4.21,20,1,Organic,800.0,53.7,20.51,100.0
61.79,58.06,3.73,15,5,Recyclable,1000.0,15.7,13.49,78.11
34.26,29.04,5.23,1,3,Organic,1000.0,37.1,18.28,54.62
61.92,56.46,5.47,7,1,General,1200.0,23.2,14.01,74.59
11.85,7.42,4.43,7,5,Organic,1200.0,30.3,24.68,38.24
28.3,26.31,1.99,3,2,General,800.0,86.8,11.23,39.81
65.01,59.98,5.03,13,3,General,800.0,21.0,10.62,74.85
89.3,86.23,3.07,23,3,General,800.0,86.9,10.69,99.89
57.75,55.64,2.12,13,5,Recyclable,1500.0,66.4,13.65,72.92
55.88,52.48,3.4,0,5,General,800.0,37.9,14.21,71.2
66.76,64.55,2.21,16,3,Recyclable,800.0,4.0,9.41,76.28
78.1,75.05,3.05,8,4,General,1200.0,58.0,11.32,89.26
21.64,20.87,0.77,15,3,General,1200.0,35.7,7.66,31.15
17.7,16.46,1.24,9,2,Organic,1500.0,43.7,8.49,25.87
31.33,27.23,4.1,2,2,General,1500.0,20.5,13.21,45.99
77.05,76.4,0.64,6,2,General,1200.0,85.2,7.68,83.98
15.2,11.93,3.27,15,6,Organic,800.0,46.2,17.43,33.82
14.27,13.75,0.52,5,2,General,1000.0,99.9,8.93,25.62
29.9,23.57,6.33,5,5,Organic,1000.0,45.8,23.74,54.94
76.85,71.91,4.94,21,2,Organic,1200.0,41.4,16.56,94.55
63.89,60.5,3.4,23,1,General,1200.0,71.5,11.49,76.9
91.85,87.77,4.08,5,4,Organic,1500.0,48.1,14.07,100.0
41.7,36.57,5.13,18,1,General,1000.0,58.6,15.58,56.54
36.01,32.61,3.41,17,0,Recyclable,1200.0,25.2,11.47,46.44
34.9,32.34,2.56,15,5,General,1000.0,36.9,7.83,42.88
27.78,22.73,5.05,12,3,Organic,1500.0,21.2,20.4,46.33
84.65,82.75,1.89,0,4,Recyclable,1000.0,55.1,8.95,91.58
30.27,24.84,5.42,3,5,Organic,1000.0,2.2,24.08,52.6
81.5,80.88,0.62,4,2,General,1000.0,22.1,7.95,90.08
43.82,39.43,4.39,12,2,Organic,800.0,97.7,20.64,65.94
20.04,17.52,2.52,17,1,Organic,1000.0,87.6,10.36,28.76
44.02,43.03,1.0,18,6,General,800.0,89.3,9.68,53.66
60.54,57.08,3.46,6,5,Organic,1000.0,52.3,13.69,75.5
78.84,77.1,1.74,0,6,General,1500.0,90.6,15.69,94.51
25.06,23.41,1.66,16,5,Recyclable,1500.0,36.5,14.55,40.19
31.06,29.63,1.43,14,6,General,800.0,50.2,11.55,44.3
43.3,40.26,3.04,19,5,Recyclable,1000.0,95.6,8.95,53.47
62.3,59.05,3.25,17,3,Recyclable,800.0,30.3,6.39,69.5
61.13,57.93,3.2,17,4,Organic,800.0,90.9,19.45,79.58
14.39,13.43,0.96,9,2,Recyclable,1000.0,92.6,6.36,17.5
65.35,62.53,2.82,0,5,Organic,1200.0,50.8,27.5,92.79
22.33,18.38,3.95,10,4,Organic,1200.0,3.7,17.78,40.84
32.92,27.85,5.07,17,1,Organic,1500.0,94.8,15.7,49.38
10.62,5.95,4.68,9,0,Organic,1200.0,33.1,21.85,35.41
31.82,30.2,1.62,8,3,Recyclable,1500.0,54.4,10.34,45.01
25.38,22.17,3.22,19,2,Organic,800.0,65.8,16.99,42.2
78.46,74.39,4.07,5,1,General,800.0,77.3,8.28,86.43
92.17,87.78,4.39,16,3,General,1000.0,87.8,16.74,100.0
10.61,8.15,2.45,13,1,Recyclable,1000.0,82.4,6.6,16.54
30.58,24.47,6.11,21,5,General,800.0,87.1,15.66,46.27
77.83,76.34,1.48,16,2,General,1500.0,24.4,9.82,88.43
22.64,18.87,3.77,16,1,General,800.0,59.4,13.14,36.63
93.02,90.08,2.93,1,2,Recyclable,1500.0,55.0,8.76,100.0
19.39,16.93,2.46,11,4,Recyclable,1200.0,57.6,7.92,26.11
42.92,41.74,1.17,23,4,General,1500.0,54.7,7.41,50.74
84.08,82.53,1.55,13,6,Recyclable,1000.0,88.2,5.88,90.14
78.53,75.56,2.97,18,0,Organic,1500.0,90.5,11.56,92.72
19.12,15.58,3.54,3,6,Organic,1000.0,18.5,14.58,33.43
55.97,53.28,2.69,22,1,Organic,800.0,13.7,10.19,67.29
64.61,62.77,1.83,15,0,General,1500.0,61.2,10.78,73.96
11.63,7.84,3.78,14,5,Organic,800.0,118.3,18.08,28.4
21.53,17.9,3.63,1,4,General,1000.0,25.9,11.22,33.63
84.28,79.69,4.58,17,0,Organic,800.0,61.1,16.63,97.21
17.53,12.14,5.39,17,6,Recyclable,1500.0,47.6,13.61,35.29
54.14,53.45,0.68,16,1,Recyclable,1000.0,98.7,9.08,65.13
24.68,19.36,5.33,13,4,Organic,1500.0,102.6,17.72,40.48
72.84,70.56,2.28,16,0,General,1000.0,65.9,18.49,89.66
81.27,79.5,1.77,9,6,Recyclable,800.0,23.9,9.46,90.86
49.8,49.25,0.54,15,3,General,800.0,108.9,11.93,61.59
40.71,35.37,5.34,12,5,Organic,1200.0,63.2,27.66,66.6
27.59,25.68,1.91,4,6,General,1500.0,41.6,6.7,32.53
11.1,7.64,3.46,20,1,Organic,1500.0,92.9,14.31,25.51
83.06,81.46,1.6,18,3,General,1500.0,113.2,15.65,100.0
67.84,63.39,4.45,23,3,General,800.0,108.8,14.07,82.29
48.1,44.33,3.78,17,0,Organic,1000.0,13.5,9.1,57.99
72.24,71.63,0.61,12,5,Recyclable,1500.0,39.9,6.3,77.7
76.51,75.56,0.94,3,4,Recyclable,1000.0,85.5,5.27,82.45
20.55,16.56,4.0,11,0,Organic,800.0,61.8,17.21,37.71
13.85,10.35,3.51,16,0,Organic,800.0,44.7,14.22,27.65
57.93,55.43,2.51,15,1,General,1500.0,114.2,12.28,70.15
51.15,46.72,4.44,11,3,General,1000.0,57.2,19.08,73.77
61.58,57.62,3.95,20,6,Organic,1500.0,41.1,18.79,80.31
82.87,81.01,1.85,4,2,Recyclable,1200.0,26.2,4.39,86.67
13.91,12.0,1.91,15,5,Recyclable,1200.0,105.5,6.69,22.35
80.99,77.56,3.43,13,5,General,1000.0,24.7,14.01,94.78
48.09,46.22,1.86,0,1,Recyclable,1200.0,116.9,7.93,58.26
53.73,50.28,3.45,9,4,General,800.0,69.2,11.29,65.72
17.26,14.79,2.47,2,1,General,800.0,75.9,12.82,32.05
92.37,88.12,4.26,6,0,Organic,800.0,20.5,16.28,100.0
84.64,83.36,1.28,21,1,General,1500.0,97.5,6.18,90.16
22.93,19.84,3.09,3,1,General,1000.0,62.8,10.65,36.44
11.32,6.63,4.68,21,1,Organic,1200.0,105.8,18.3,32.1
84.86,79.2,5.65,1,3,Organic,1500.0,32.8,18.83,100.0
38.92,36.11,2.82,5,0,Organic,800.0,62.7,9.85,48.09
25.33,24.2,1.13,13,4,General,1200.0,58.6,14.39,39.88
35.81,33.72,2.08,17,5,Recyclable,1000.0,50.5,8.67,46.46
32.41,28.35,4.06,15,3,Recyclable,1500.0,16.9,11.89,42.17
71.61,70.07,1.54,8,2,General,1500.0,74.2,9.3,82.64
60.6,56.86,3.74,18,5,Organic,1500.0,22.1,16.76,80.17
18.73,17.12,1.61,9,6,Organic,1500.0,53.8,15.11,32.29
46.47,43.2,3.27,20,3,Organic,1000.0,4.1,15.94,63.32
33.6,30.36,3.23,6,5,Organic,800.0,108.0,14.81,47.66
37.08,33.15,3.92,14,2,General,1000.0,93.1,14.53,52.23
48.98,47.1,1.88,9,4,Recyclable,800.0,26.6,11.66,61.79
15.47,14.1,1.37,4,6,Recyclable,1500.0,33.8,6.89,21.45
29.54,25.13,4.41,12,3,Recyclable,1500.0,98.4,10.79,41.11
28.51,26.61,1.9,1,3,General,800.0,22.8,13.14,40.24
46.43,43.1,3.34,22,0,General,1000.0,29.6,10.72,55.9
58.7,56.73,1.97,2,4,Recyclable,1500.0,119.6,7.13,62.51
81.59,79.44,2.15,19,1,General,1000.0,90.1,9.56,88.01
44.57,42.74,1.83,14,6,Recyclable,1500.0,66.6,12.48,55.2
35.37,33.67,1.71,4,3,Recyclable,800.0,62.7,4.65,35.18
72.18,71.32,0.86,9,4,Recyclable,800.0,70.3,6.23,79.91
65.66,63.77,1.9,15,3,Recyclable,1000.0,24.3,7.85,73.71
40.11,35.53,4.58,23,6,Organic,1200.0,83.9,24.39,65.81
84.13,83.25,0.88,9,2,Organic,1000.0,63.0,9.47,95.18
38.63,36.15,2.48,21,1,Organic,800.0,48.9,9.23,48.59
33.43,31.88,1.55,17,3,Organic,1200.0,83.8,8.5,41.23
57.66,53.42,4.24,18,0,Organic,1200.0,79.7,21.17,76.14
82.56,78.7,3.87,9,4,Organic,1000.0,91.1,13.54,96.16
65.8,61.36,4.44,23,5,Organic,800.0,57.0,24.72,89.24
58.91,57.91,1.01,6,5,Recyclable,800.0,48.5,11.63,71.33
37.22,33.94,3.28,20,1,General,1200.0,111.1,13.04,49.87
49.83,45.97,3.86,8,1,General,1500.0,11.2,10.92,60.3
22.66,20.71,1.94,2,4,Organic,1500.0,84.5,8.5,28.36
25.39,22.0,3.4,17,2,General,1200.0,7.3,16.22,39.36
48.57,46.4,2.17,11,0,Organic,1200.0,102.5,14.71,60.0
56.35,53.59,2.76,22,6,Organic,800.0,87.9,10.73,65.91
53.36,50.8,2.56,18,0,Recyclable,1500.0,2.5,8.76,63.34
21.89,18.7,3.19,23,5,General,1200.0,49.0,9.57,32.79
93.9,89.88,4.02,10,3,General,800.0,36.9,10.93,100.0
93.15,91.98,1.17,6,4,Organic,1000.0,81.6,11.82,100.0
63.2,61.13,2.06,10,3,Recyclable,1500.0,84.7,8.06,72.53
27.16,24.03,3.13,11,2,General,1500.0,95.7,13.83,39.75
58.67,56.22,2.44,15,6,Recyclable,1500.0,58.7,14.68,71.67
57.37,55.19,2.18,4,2,Recyclable,1500.0,82.8,5.68,64.34
86.6,82.87,3.74,14,3,Organic,1500.0,100.0,17.1,100.0
88.14,86.23,1.91,12,0,Recyclable,800.0,113.7,6.12,90.23
22.73,16.81,5.92,7,2,Organic,800.0,51.5,21.08,41.16
58.78,54.81,3.97,12,3,General,1200.0,17.1,18.85,78.24
33.41,31.01,2.4,7,2,General,1000.0,3.9,15.51,46.02
73.79,70.14,3.66,16,4,Recyclable,1200.0,24.8,8.05,82.1
87.79,82.7,5.09,8,5,Organic,1500.0,87.5,18.12,100.0
61.93,59.04,2.88,9,0,General,1200.0,97.7,7.95,71.46
73.65,70.09,3.56,11,5,Organic,1000.0,105.2,17.08,89.37
35.9,34.32,1.58,8,3,Recyclable,1000.0,8.3,9.81,45.48
37.11,36.83,0.28,16,0,Recyclable,1200.0,53.0,5.33,41.05
73.02,70.84,2.19,13,1,Recyclable,1500.0,6.7,10.02,82.96
34.89,33.52,1.37,16,6,General,1500.0,83.8,9.63,48.11
77.53,75.01,2.52,5,0,Recyclable,1000.0,88.4,10.54,88.02
15.58,11.94,3.64,6,4,Organic,1200.0,91.2,9.58,24.9
58.85,56.17,2.68,22,4,General,1200.0,68.2,8.4,71.15
79.65,73.03,6.62,2,4,Organic,800.0,7.2,21.86,100.0
34.03,29.96,4.07,9,1,General,1000.0,23.7,13.86,46.91
14.43,8.43,6.0,5,2,Organic,800.0,13.7,16.59,33.57
27.79,24.1,3.7,6,0,General,1200.0,82.3,10.0,36.49
12.17,7.88,4.29,2,4,Recyclable,1500.0,83.4,11.87,23.55
34.69,32.69,2.0,18,6,General,1500.0,79.8,8.36,42.37
71.44,68.6,2.84,1,6,General,1200.0,99.7,15.56,85.48
94.42,92.14,2.27,4,5,General,800.0,52.2,11.6,100.0
64.63,64.14,0.49,5,4,Recyclable,1000.0,20.3,4.72,71.45
39.42,36.93,2.49,6,1,Organic,1000.0,7.1,10.09,47.25
82.82,79.44,3.38,12,2,Recyclable,1200.0,67.1,7.8,91.42
48.31,44.99,3.32,7,4,Recyclable,1500.0,45.9,11.37,60.03
73.37,69.6,3.77,21,3,Organic,1200.0,77.1,10.07,82.0
52.85,48.09,4.76,21,3,Organic,1200.0,87.8,17.16,66.38
28.14,25.75,2.4,23,0,Organic,1500.0,112.3,14.55,44.14
30.16,28.24,1.92,11,4,Organic,800.0,83.7,10.24,38.78
24.6,19.54,5.07,20,3,Organic,1200.0,14.3,16.37,37.07
35.33,32.04,3.28,1,2,Organic,1000.0,117.4,22.0,59.05
89.12,86.53,2.59,13,4,Organic,800.0,16.1,12.81,100.0
85.56,84.45,1.11,12,1,General,1000.0,93.1,10.41,98.7
23.24,19.69,3.55,7,4,General,1200.0,17.1,11.04,33.71
90.04,89.46,0.59,13,0,General,1200.0,39.8,9.23,100.0
50.26,50.74,-0.48,11,1,Recyclable,1200.0,38.1,5.08,57.26
53.94,53.76,0.19,2,1,General,1000.0,13.7,6.12,58.81
52.44,50.02,2.42,0,4,General,800.0,38.8,8.76,58.18
41.91,41.2,0.72,9,1,Recyclable,1000.0,43.7,8.83,48.31
60.1,54.21,5.89,19,2,Organic,800.0,8.5,21.81,83.87
92.21,89.16,3.05,3,3,Organic,1500.0,114.1,14.85,100.0
60.78,57.93,2.85,14,6,Recyclable,1200.0,83.0,6.09,69.5
89.96,87.18,2.78,22,3,General,800.0,90.6,7.33,97.33
49.5,46.48,3.02,21,6,Organic,800.0,101.5,11.94,62.33
36.93,35.09,1.84,1,5,Organic,1000.0,107.8,19.6,57.92
16.75,14.19,2.57,7,2,Recyclable,800.0,114.1,10.01,20.11
41.79,39.24,2.55,17,0,General,1500.0,97.6,8.82,49.78
81.69,80.26,1.43,15,3,General,1000.0,53.5,13.41,92.21
69.73,66.34,3.39,20,3,General,1200.0,119.4,10.68,79.65
94.8,93.44,1.36,3,6,Recyclable,1000.0,80.6,12.27,100.0
66.63,66.23,0.4,15,6,Recyclable,1200.0,116.2,9.35,74.46
28.25,23.07,5.18,19,5,Organic,1000.0,49.8,26.05,52.68
78.04,76.73,1.31,3,3,General,1500.0,59.7,11.0,87.39
44.16,43.46,0.7,0,6,Recyclable,1000.0,89.6,6.75,50.81
65.91,62.08,3.82,0,2,General,1000.0,98.2,14.14,77.9
53.45,49.2,4.25,15,2,General,1500.0,20.9,15.75,66.92
52.37,47.18,5.19,1,3,Organic,800.0,74.7,21.48,74.81
14.26,9.29,4.97,9,2,Recyclable,1000.0,106.1,10.84,24.79
32.57,30.62,1.95,10,3,General,800.0,114.9,13.88,48.21
79.24,76.54,2.7,3,4,General,1500.0,100.7,11.07,92.3
60.45,59.18,1.28,20,0,General,800.0,5.7,12.27,75.12
37.21,34.89,2.32,22,3,General,800.0,84.6,9.15,45.05
15.14,13.1,2.04,2,3,Organic,1200.0,57.1,12.97,27.0
17.62,13.55,4.06,17,2,Organic,1500.0,27.5,12.55,27.71
69.79,65.39,4.4,15,4,Organic,1500.0,47.7,16.18,86.7
58.45,54.15,4.3,14,4,Organic,1000.0,90.5,16.22,71.34
87.6,83.87,3.74,1,6,General,1500.0,46.5,10.95,100.0
23.77,19.29,4.48,7,6,Organic,1000.0,100.8,19.24,42.48
73.06,69.65,3.4,18,4,Organic,1000.0,86.3,12.25,89.92
53.49,51.5,2.0,13,2,Recyclable,1000.0,5.4,9.26,63.14
53.12,52.3,0.83,0,6,Recyclable,1500.0,18.7,7.76,59.04
76.9,72.65,4.25,3,4,Organic,800.0,75.6,18.88,95.98
44.12,39.59,4.53,10,0,Organic,1500.0,64.4,21.21,61.67
92.14,88.79,3.35,1,3,Recyclable,1200.0,43.1,11.8,100.0
74.84,74.15,0.68,6,4,Recyclable,800.0,53.9,4.96,78.17
92.19,89.1,3.09,20,3,Organic,1500.0,92.5,11.97,100.0
12.45,4.88,7.56,14,4,Organic,1000.0,2.0,20.91,31.73
57.15,55.2,1.95,16,0,General,1000.0,30.1,7.22,66.18
38.56,35.56,3.0,8,6,General,1000.0,92.8,11.36,48.88
70.63,70.12,0.51,20,5,General,1000.0,65.2,6.77,75.92
73.64,71.1,2.54,1,0,Recyclable,1000.0,70.2,10.24,80.85
62.95,57.64,5.31,16,5,Organic,1500.0,54.5,27.0,91.91
42.97,39.07,3.9,19,3,Recyclable,800.0,61.4,11.33,53.43
14.98,12.47,2.51,21,3,General,1500.0,114.4,7.21,23.56
20.77,18.82,1.96,23,4,Recyclable,1500.0,109.0,10.18,29.17
81.71,76.67,5.04,15,4,General,1500.0,72.2,15.61,98.68
48.35,43.39,4.96,19,6,General,1000.0,104.2,14.3,62.4
20.52,18.91,1.6,7,0,General,1500.0,54.6,6.29,27.25
17.77,14.4,3.37,9,3,Recyclable,1500.0,66.1,11.07,27.31
80.61,78.91,1.7,14,5,Recyclable,1500.0,52.4,10.53,92.99
14.77,12.78,1.99,1,3,Organic,800.0,98.2,11.59,26.7
17.26,15.28,1.98,21,4,Recyclable,1500.0,32.9,7.94,26.22
66.23,63.95,2.28,8,1,Organic,800.0,56.3,10.44,78.41
71.5,68.12,3.38,21,0,General,1500.0,41.2,13.08,83.63
30.83,30.25,0.57,13,4,Organic,1200.0,93.2,10.12,42.65
57.61,54.93,2.67,19,3,Recyclable,1200.0,108.3,10.1,65.48
12.84,7.7,5.14,3,1,General,1200.0,86.7,13.94,25.73
22.72,21.29,1.44,23,1,Recyclable,1200.0,90.0,4.47,27.32
44.23,39.8,4.43,5,3,Organic,1200.0,24.4,15.72,59.47
63.53,59.67,3.86,9,5,Organic,1000.0,41.2,17.84,80.84
36.02,33.05,2.97,8,1,Recyclable,1200.0,56.7,4.74,43.2
59.11,56.37,2.75,22,5,Organic,1500.0,15.4,22.14,81.16
11.19,7.91,3.28,14,6,General,1500.0,53.8,12.97,25.59
57.91,56.56,1.35,13,5,Organic,800.0,120.0,18.86,79.76
52.07,51.02,1.05,22,1,Recyclable,1500.0,119.4,10.5,63.54
40.07,38.8,1.27,6,1,Recyclable,1200.0,89.3,6.0,48.69
52.46,47.47,4.99,10,0,Organic,1200.0,85.7,20.91,74.08
48.04,45.82,2.21,3,5,Organic,800.0,82.1,11.02,60.38
64.38,60.33,4.05,22,1,Organic,1000.0,78.0,10.79,74.84
32.01,29.7,2.31,14,6,General,1500.0,108.4,15.49,46.7
36.74,32.24,4.5,4,4,Organic,1000.0,28.9,18.73,52.54
31.05,28.62,2.43,2,0,General,1500.0,82.8,11.01,43.76
66.91,62.85,4.05,10,3,Organic,1500.0,35.2,15.0,80.09
28.87,26.49,2.38,6,6,General,800.0,115.9,12.6,42.29
42.87,39.88,2.99,23,0,Organic,1000.0,96.7,11.63,54.61
47.81,43.59,4.22,12,4,Organic,1200.0,87.7,18.64,64.24
93.78,90.14,3.64,23,4,Organic,1200.0,9.6,11.94,100.0
19.14,14.4,4.75,18,4,General,1500.0,24.9,18.2,37.95
57.17,53.66,3.5,5,6,Recyclable,1500.0,111.4,14.89,71.98
88.66,86.1,2.55,9,4,General,800.0,5.0,11.66,100.0
44.69,41.81,2.88,21,5,General,1200.0,50.2,8.02,54.57
51.11,47.4,3.71,6,4,Recyclable,800.0,119.4,11.55,61.19
86.35,83.88,2.47,5,3,Recyclable,1500.0,54.9,10.75,100.0
40.95,36.16,4.8,7,6,Recyclable,1200.0,84.9,12.04,50.73
91.21,91.01,0.2,11,6,Recyclable,1000.0,53.7,9.29,100.0
43.56,41.78,1.77,19,4,Recyclable,1000.0,110.5,7.71,51.68
15.82,14.08,1.74,9,4,Organic,800.0,107.9,10.37,23.72
65.76,63.39,2.37,21,3,Organic,1500.0,111.0,9.51,76.88
40.1,39.73,0.37,11,6,Recyclable,1500.0,5.4,8.18,47.61
49.44,46.52,2.92,5,5,Organic,1500.0,34.6,16.95,68.75
42.96,40.91,2.05,18,2,General,1500.0,56.8,9.0,53.58
54.41,51.21,3.21,12,5,Organic,1500.0,72.8,19.81,77.94
51.9,47.95,3.95,10,3,Recyclable,1200.0,112.7,11.85,66.1
32.87,31.14,1.73,15,2,Recyclable,1200.0,115.1,4.88,38.17
20.4,16.94,3.46,18,0,Organic,1500.0,96.6,15.75,38.35
72.67,70.12,2.55,13,6,General,1500.0,108.4,16.71,91.35
14.53,11.48,3.05,7,6,General,1200.0,86.4,11.22,27.45
88.14,84.65,3.49,1,4,Recyclable,1200.0,93.8,11.99,100.0
93.76,87.26,6.5,12,6,Organic,1000.0,65.9,23.37,100.0
56.06,53.54,2.52,14,3,Organic,1200.0,22.1,12.56,69.98
93.77,88.8,4.97,14,2,Organic,1000.0,51.8,21.34,100.0
53.12,48.02,5.11,8,5,Organic,1500.0,17.3,14.94,65.83
74.01,68.73,5.28,11,3,General,800.0,115.5,19.1,92.37
74.12,71.62,2.5,1,3,Recyclable,1000.0,86.2,8.78,84.82
88.94,86.4,2.54,23,1,General,1200.0,82.6,15.15,100.0
21.91,19.22,2.69,14,6,Organic,800.0,86.5,13.0,34.75
44.26,41.7,2.56,14,6,Organic,1500.0,119.6,12.68,56.06
29.9,28.16,1.74,21,6,Recyclable,1200.0,24.6,6.23,33.34
57.6,54.39,3.21,10,3,Recyclable,1000.0,7.3,11.37,68.19
63.98,60.53,3.45,21,6,General,800.0,30.0,13.7,77.84
90.87,85.54,5.33,22,0,Organic,1200.0,19.8,19.61,100.0
71.28,69.81,1.46,6,6,Recyclable,800.0,119.7,13.13,83.51
23.87,20.33,3.53,13,4,Recyclable,800.0,3.7,11.48,33.07
12.24,10.07,2.17,9,2,Recyclable,1500.0,99.4,8.64,21.21
42.86,41.63,1.23,6,0,Recyclable,800.0,12.1,5.03,47.27
15.4,12.69,2.71,7,3,General,1000.0,34.5,10.95,23.08
64.29,62.8,1.49,16,5,Recyclable,1200.0,70.0,10.5,75.04
26.97,24.63,2.34,1,1,General,1500.0,70.8,12.5,39.81
43.86,41.29,2.57,14,5,Organic,800.0,98.9,11.8,57.03
34.92,31.54,3.37,8,1,Organic,1500.0,70.6,8.9,40.75
77.02,76.7,0.32,2,3,General,1200.0,98.0,6.15,81.32
42.71,39.51,3.2,20,0,Organic,800.0,26.9,15.16,60.98
10.4,6.7,3.7,11,5,Recyclable,800.0,90.4,13.85,26.6
86.09,84.14,1.95,6,1,General,1500.0,95.0,10.49,98.01
58.22,54.94,3.29,12,4,Recyclable,1500.0,29.3,7.21,59.97
34.8,32.28,2.52,21,3,Organic,1500.0,61.9,10.06,46.01
21.65,20.37,1.28,15,1,Recyclable,1200.0,93.2,5.05,26.3
49.03,45.36,3.68,0,6,Recyclable,1200.0,119.4,10.05,54.73
84.22,84.71,-0.49,22,3,Recyclable,800.0,22.1,6.91,91.25
28.94,28.69,0.25,10,3,Recyclable,1200.0,96.7,5.51,33.4
43.36,41.57,1.79,11,6,Recyclable,800.0,68.6,9.78,52.77
62.46,59.86,2.61,9,0,Recyclable,800.0,61.4,9.46,73.77
62.87,62.94,-0.07,10,3,Recyclable,1500.0,116.0,6.79,65.29
13.81,12.27,1.55,10,6,General,800.0,36.5,9.03,21.11
23.22,19.98,3.24,7,2,Organic,1500.0,71.5,10.68,35.83
39.17,35.92,3.25,2,6,General,1500.0,64.5,8.09,50.2
84.08,78.08,5.99,23,6,Organic,1200.0,57.7,27.36,100.0
94.94,94.76,0.19,6,0,Recyclable,1500.0,71.6,6.15,100.0
66.57,63.53,3.04,21,6,General,1500.0,107.6,8.2,76.04
74.71,71.39,3.32,11,3,General,1000.0,93.2,13.42,88.69
33.96,30.3,3.66,19,3,General,1500.0,27.8,13.51,45.73
45.71,44.23,1.48,10,1,Recyclable,1200.0,106.5,8.88,54.41
66.11,62.67,3.44,3,6,General,1000.0,117.5,10.41,75.86
50.75,47.68,3.07,14,3,Recyclable,1000.0,32.8,10.65,61.84
93.13,89.2,3.93,19,5,General,1500.0,101.9,10.82,100.0
14.3,13.19,1.11,23,4,Recyclable,1200.0,103.3,4.83,22.44
26.3,23.95,2.35,5,6,Organic,1200.0,86.4,16.46,44.41
16.03,15.11,0.92,12,6,Organic,800.0,39.7,13.39,28.4
14.97,11.01,3.96,23,4,Organic,1200.0,66.4,10.86,25.66
16.66,12.93,3.73,21,0,Organic,800.0,4.5,8.74,26.96
23.87,24.91,-1.04,5,5,Recyclable,1200.0,55.9,7.52,31.99
67.31,64.66,2.65,6,5,Organic,800.0,83.0,13.75,81.09
40.74,37.6,3.14,1,0,General,1200.0,34.5,9.6,48.77
84.55,84.07,0.48,16,2,General,1500.0,45.9,8.44,92.22
35.26,32.4,2.86,2,1,Recyclable,1200.0,58.9,5.17,43.08
83.36,81.18,2.18,15,3,Organic,800.0,104.6,14.28,94.35
30.45,28.08,2.37,13,1,General,1200.0,69.1,14.28,42.46
27.25,23.21,4.04,21,5,General,1000.0,52.5,11.98,37.81
32.15,29.4,2.75,16,5,Recyclable,1000.0,74.7,13.99,45.76
42.35,37.51,4.84,3,0,Organic,1000.0,9.5,19.7,62.01
31.69,28.41,3.28,13,2,Organic,1000.0,72.9,17.62,46.24
25.45,21.04,4.42,22,3,General,1000.0,72.9,9.93,36.58
48.88,45.5,3.39,12,3,Organic,1200.0,118.8,13.44,56.05
55.84,55.34,0.5,5,2,Recyclable,1000.0,34.8,5.66,59.38
30.54,28.35,2.2,6,2,General,1200.0,56.7,7.73,31.67
35.09,32.09,3.0,16,3,Recyclable,800.0,51.8,8.6,46.62
16.97,14.78,2.2,7,3,General,1000.0,64.2,9.99,28.11
93.59,93.58,0.02,1,5,General,1500.0,44.3,6.81,100.0
54.33,53.59,0.74,20,4,General,1000.0,78.6,8.12,60.13
37.77,34.49,3.28,21,6,Organic,1500.0,45.8,15.71,54.7
94.02,94.67,-0.65,1,1,Recyclable,1200.0,85.8,4.2,99.85
17.9,12.77,5.14,14,5,Organic,1000.0,75.3,21.73,40.79
16.14,13.99,2.16,6,6,Recyclable,1500.0,107.4,9.64,25.19
61.58,59.28,2.3,2,4,Recyclable,1200.0,97.4,4.48,66.99
16.1,10.22,5.88,10,5,General,800.0,59.4,18.56,36.21
61.71,58.59,3.12,4,4,General,1000.0,60.0,6.18,67.1
82.95,80.51,2.44,5,4,Organic,1000.0,31.6,9.76,92.62
49.73,47.09,2.64,10,1,General,800.0,81.3,13.32,60.34
33.04,28.19,4.85,10,4,Organic,1000.0,66.2,19.57,50.13
63.14,60.25,2.89,2,1,Organic,800.0,96.1,13.59,77.5
23.4,21.72,1.68,18,4,Organic,1000.0,10.4,8.62,34.98
55.04,55.22,-0.18,16,0,General,1200.0,34.3,7.98,65.86
61.02,60.53,0.49,13,4,Recyclable,800.0,50.4,4.94,67.76
17.2,15.74,1.46,9,6,Recyclable,1200.0,101.2,6.4,22.27
27.94,25.84,2.09,3,2,Recyclable,1000.0,2.8,5.44,33.35
23.73,22.34,1.39,21,1,General,1200.0,61.2,7.03,30.81
86.62,84.17,2.45,13,2,Organic,1500.0,7.6,11.78,99.31
20.58,18.33,2.25,20,3,General,1200.0,61.4,7.86,28.03
78.32,76.55,1.77,17,6,Recyclable,1500.0,115.6,12.89,92.0
18.71,15.51,3.2,18,0,Recyclable,800.0,85.8,8.25,25.64
24.86,22.39,2.47,10,6,Organic,1000.0,75.9,13.57,37.11
79.76,78.04,1.71,4,6,General,1200.0,109.9,10.02,88.03
86.56,82.27,4.29,13,5,Recyclable,1000.0,82.7,13.61,100.0
79.95,75.95,4.0,3,0,Recyclable,1500.0,53.4,11.82,93.28
54.36,53.0,1.36,0,0,General,800.0,114.4,10.64,65.85
84.56,80.61,3.95,12,6,General,800.0,50.9,16.47,100.0
23.91,22.59,1.32,6,4,Recyclable,1500.0,12.2,11.22,37.01
82.93,79.54,3.38,20,2,Organic,800.0,73.3,12.29,94.83
49.74,47.23,2.51,19,1,General,1500.0,102.3,14.9,66.43
39.12,35.62,3.5,12,3,Organic,800.0,82.7,13.94,51.29
23.47,22.49,0.97,13,3,General,1200.0,117.5,7.28,29.2
66.38,64.36,2.01,22,0,General,1000.0,58.9,9.47,74.56
66.23,64.89,1.34,2,6,General,800.0,48.3,8.27,73.93
60.92,55.13,5.79,22,1,Organic,1000.0,30.5,21.61,84.29
12.28,10.61,1.67,7,6,Recyclable,1000.0,19.7,10.39,21.52
74.24,73.25,0.98,18,5,General,1000.0,86.0,8.7,84.94
82.19,81.07,1.13,7,6,Recyclable,800.0,37.5,10.47,92.73
77.03,72.99,4.05,16,3,General,1200.0,119.4,16.08,96.91
37.03,33.67,3.36,13,4,Organic,1500.0,15.7,9.05,49.7
66.19,63.25,2.94,21,2,General,1500.0,106.0,11.61,80.66
28.59,25.54,3.05,21,5,Organic,800.0,81.0,14.1,38.59
15.7,14.46,1.24,14,6,Recyclable,1500.0,61.3,7.37,21.75
45.83,42.57,3.26,0,4,Recyclable,1500.0,72.5,8.62,52.44
85.18,83.57,1.61,3,0,Recyclable,1000.0,92.5,9.43,94.46
72.17,69.93,2.25,19,4,General,1500.0,117.5,7.18,75.34
44.81,39.85,4.96,23,5,Organic,800.0,109.1,19.48,65.11
62.36,59.02,3.33,18,6,General,800.0,113.2,13.54,77.7
54.27,51.53,2.75,4,6,General,1200.0,117.3,15.05,68.14
65.84,61.87,3.97,13,1,General,1000.0,101.7,17.4,82.72
16.62,11.49,5.13,20,2,Organic,1000.0,8.6,20.38,37.27
35.56,33.27,2.29,18,4,Organic,1200.0,74.4,11.48,42.24
78.61,74.67,3.94,9,6,Organic,1000.0,55.8,18.67,95.18
13.09,9.24,3.84,7,2,Organic,1500.0,28.5,16.17,30.28
41.2,36.82,4.38,2,0,Organic,1000.0,103.4,20.43,59.7
55.06,52.9,2.16,14,5,General,800.0,5.1,16.03,70.1
30.57,27.75,2.82,13,2,Recyclable,1200.0,118.2,10.16,35.82
55.62,50.13,5.49,14,2,Organic,1500.0,90.4,16.91,73.33
36.31,35.31,1.0,9,3,Organic,1500.0,52.4,9.26,44.19
62.28,59.4,2.88,7,4,Organic,1200.0,16.3,16.16,79.32
55.52,54.36,1.16,20,6,General,800.0,118.9,6.7,63.48
75.75,71.63,4.12,23,4,Organic,1500.0,105.7,12.3,86.06
66.94,64.0,2.93,20,4,Recyclable,1200.0,50.1,5.44,72.68
87.97,86.27,1.7,21,6,Recyclable,1500.0,38.0,5.24,89.37
83.24,81.17,2.07,4,6,General,1000.0,62.2,8.54,91.91
63.38,57.58,5.8,13,0,General,1200.0,105.7,18.24,80.79
60.45,56.69,3.75,9,3,Organic,1500.0,119.7,19.52,83.22
44.34,42.27,2.06,0,4,Recyclable,1200.0,97.2,6.23,47.46
67.91,63.41,4.51,1,3,General,1500.0,73.5,14.37,81.36
35.77,32.49,3.28,10,6,Organic,800.0,33.9,18.35,55.77
28.31,25.06,3.25,11,3,Organic,1000.0,65.4,13.16,37.31
10.31,7.07,3.24,0,2,Organic,1000.0,94.2,13.03,28.29
49.72,48.99,0.72,3,0,Recyclable,1000.0,24.5,9.59,62.23
72.39,68.35,4.04,10,1,Organic,800.0,80.8,20.41,91.73
27.4,21.46,5.95,19,5,Organic,800.0,110.1,20.66,50.42
10.35,7.08,3.27,19,4,General,1000.0,113.0,7.46,18.85
49.13,46.21,2.92,5,5,Recyclable,800.0,99.5,14.11,60.54
94.12,90.9,3.23,6,1,General,1000.0,17.8,9.24,100.0
19.48,19.94,-0.45,20,1,Recyclable,1000.0,51.1,7.0,23.37
79.84,77.45,2.39,11,2,Recyclable,1500.0,68.8,6.47,85.18
88.2,84.86,3.34,18,5,Organic,1500.0,7.5,20.86,100.0
80.08,78.72,1.36,15,3,Recyclable,1200.0,12.2,11.06,92.61
90.98,89.26,1.72,9,3,Recyclable,800.0,94.5,5.69,95.0
29.01,28.37,0.64,12,3,Recyclable,1500.0,87.4,7.34,35.2
49.43,48.1,1.33,17,3,Recyclable,1000.0,52.0,6.9,58.86
56.9,54.19,2.71,0,4,Recyclable,1000.0,50.8,10.15,68.65
42.87,40.87,2.0,19,1,Recyclable,1500.0,69.4,6.67,50.21
32.76,29.39,3.37,10,1,Organic,1500.0,35.3,10.68,41.77
53.25,51.73,1.52,23,1,Recyclable,1500.0,110.8,5.18,61.4
47.62,46.4,1.22,1,1,General,800.0,63.8,9.86,59.19
51.03,47.75,3.28,0,5,General,1000.0,18.0,14.91,67.8
61.54,59.83,1.71,9,4,General,1200.0,25.7,11.86,73.28
29.52,26.52,3.0,11,1,Recyclable,1200.0,116.8,10.28,40.46
86.5,83.85,2.66,8,3,General,800.0,84.1,10.53,95.54
25.74,20.84,4.9,8,5,Recyclable,800.0,26.3,11.91,41.51
73.69,71.92,1.77,18,2,Recyclable,1200.0,103.3,10.99,83.17
81.41,75.73,5.67,23,6,Organic,800.0,19.6,20.02,100.0
59.47,57.16,2.31,1,4,Recyclable,1000.0,51.6,5.97,60.96
85.59,83.24,2.35,18,5,Recyclable,800.0,36.1,12.56,97.48
13.1,12.18,0.92,14,5,Recyclable,1000.0,2.4,13.68,24.78
30.9,30.84,0.07,11,3,Recyclable,800.0,24.0,5.98,37.29
47.52,42.49,5.03,19,3,Organic,800.0,36.5,20.68,67.02
90.1,84.37,5.73,3,1,Organic,1000.0,73.9,16.35,100.0
68.69,67.3,1.38,21,2,General,1500.0,49.4,7.39,74.87
53.81,50.6,3.21,1,2,General,1500.0,65.2,14.6,67.42
87.98,84.32,3.66,15,3,General,1000.0,50.2,15.42,100.0
43.4,39.92,3.48,15,4,Recyclable,1200.0,84.8,9.51,52.21
52.56,49.78,2.78,1,0,General,1500.0,108.8,9.64,60.86
61.6,58.57,3.03,9,0,General,1500.0,98.5,8.57,73.29
42.23,41.1,1.13,11,0,General,1200.0,109.9,8.16,52.33
74.4,71.68,2.73,11,0,Organic,1000.0,36.1,15.05,89.75
39.83,38.42,1.41,8,1,General,1200.0,8.1,9.34,52.18
75.17,72.5,2.67,2,5,Recyclable,800.0,94.8,13.66,86.55
92.65,91.47,1.17,15,1,General,1000.0,24.4,16.24,100.0
44.09,42.27,1.82,9,2,Recyclable,1200.0,72.1,4.62,49.01
44.41,45.33,-0.92,7,1,General,800.0,6.7,7.25,48.93
59.48,53.18,6.3,21,0,Organic,1000.0,102.0,17.25,77.81
63.29,61.2,2.09,13,3,Recyclable,800.0,108.1,11.9,75.78
17.2,13.44,3.76,13,4,General,800.0,72.8,16.71,36.9
46.31,43.27,3.04,12,5,Organic,1200.0,70.2,11.02,57.41
44.42,43.54,0.88,9,5,Recyclable,800.0,96.9,6.34,50.52
61.37,59.35,2.01,21,1,Organic,800.0,54.8,8.06,70.14
32.97,27.69,5.28,21,3,General,1500.0,112.6,11.55,47.92
37.31,34.12,3.19,4,5,General,800.0,3.8,8.92,45.07
79.4,76.74,2.65,12,0,Recyclable,800.0,4.4,10.77,93.57
87.47,83.39,4.08,8,5,Organic,1500.0,101.4,20.9,100.0
30.01,27.0,3.02,0,2,Organic,1500.0,111.9,13.04,41.38
94.4,90.05,4.35,6,6,Recyclable,800.0,45.2,13.96,100.0
24.37,23.26,1.11,8,4,Recyclable,800.0,91.0,4.46,28.04
84.06,80.08,3.98,3,4,Organic,800.0,8.3,11.06,95.79
89.38,83.77,5.61,23,6,General,1200.0,45.4,13.82,100.0
33.98,30.79,3.18,12,0,Recyclable,1500.0,65.5,4.03,37.56
48.33,45.21,3.12,13,3,General,1500.0,67.9,16.98,63.7
72.98,71.49,1.49,9,3,Recyclable,1200.0,81.7,4.68,76.68
35.72,32.77,2.95,20,2,General,800.0,116.1,12.19,47.05
27.74,25.39,2.35,20,4,Organic,1000.0,49.9,17.82,46.49
65.63,59.87,5.76,12,3,Organic,1200.0,75.8,20.78,87.66
66.65,62.56,4.1,2,4,General,1000.0,50.5,15.57,83.65
84.99,81.5,3.49,17,3,Organic,1500.0,83.3,14.53,100.0
17.61,16.92,0.7,16,2,Recyclable,1000.0,105.9,5.4,25.16
15.9,12.23,3.67,1,2,General,1200.0,72.3,11.63,30.23
31.26,26.35,4.91,15,5,Organic,1000.0,39.1,27.5,58.55
41.86,37.79,4.07,3,6,General,800.0,24.4,14.91,56.52
85.43,82.39,3.05,6,4,Recyclable,800.0,66.8,10.55,94.54
76.69,72.68,4.01,6,3,General,1200.0,79.0,15.36,89.42
11.42,8.64,2.78,15,0,General,800.0,60.6,16.04,27.31
69.22,64.33,4.89,3,6,General,1200.0,29.9,15.42,81.39
14.12,13.83,0.29,4,5,General,1000.0,35.5,6.38,20.56
23.42,21.33,2.08,22,4,Recyclable,1500.0,5.0,10.64,35.49
53.98,50.02,3.96,1,1,General,1000.0,47.9,13.71,66.5
79.16,76.38,2.78,0,2,General,1500.0,10.4,14.36,91.03
36.91,32.96,3.94,3,4,General,1500.0,41.4,15.45,53.1
38.63,35.33,3.29,22,6,General,1000.0,86.5,15.26,53.9
92.65,90.08,2.57,5,3,General,1000.0,81.3,6.31,97.2
36.77,37.08,-0.3,8,4,General,1000.0,39.2,6.66,44.54
65.03,61.74,3.29,3,4,General,1500.0,63.7,12.03,75.18
82.78,78.94,3.85,9,6,Organic,1500.0,46.3,21.17,100.0
38.66,35.95,2.71,17,0,General,1000.0,73.4,9.16,48.82
35.89,33.64,2.25,5,3,Recyclable,1500.0,94.0,7.85,42.15
68.64,65.77,2.87,3,4,Organic,1200.0,38.5,11.61,77.47
50.85,47.24,3.61,8,1,General,1200.0,77.4,15.92,67.81
84.02,80.67,3.35,21,2,General,800.0,4.4,14.58,95.69
83.93,79.3,4.63,10,5,Organic,1500.0,69.6,21.68,100.0
33.69,29.67,4.02,21,3,General,1500.0,46.8,10.7,42.23
11.02,7.45,3.57,20,3,General,1000.0,106.5,12.27,23.65
77.76,74.16,3.6,23,0,General,800.0,112.8,12.28,89.61
49.6,46.21,3.39,12,1,General,1000.0,80.6,17.64,66.46
14.89,11.11,3.78,3,1,Organic,1500.0,58.4,18.96,33.9
15.61,11.97,3.65,10,3,Recyclable,1500.0,17.9,8.67,25.25
11.32,6.29,5.03,4,6,General,800.0,77.8,15.13,27.09
21.7,18.97,2.72,21,6,Organic,800.0,6.4,21.64,43.48
33.48,30.18,3.29,19,3,Organic,1200.0,48.9,14.81,48.09
65.06,60.41,4.65,14,2,Organic,1000.0,84.8,14.17,79.99
25.75,24.57,1.18,2,0,Recyclable,800.0,6.6,11.16,38.7
14.33,12.34,1.99,22,6,General,800.0,60.7,13.16,26.88
69.51,64.16,5.35,21,0,Organic,1000.0,119.6,15.88,86.23
62.91,61.9,1.01,13,3,General,1000.0,40.3,8.84,70.94
58.84,54.79,4.05,11,4,General,1000.0,16.6,18.53,78.19
45.03,43.86,1.17,8,3,Recyclable,1200.0,38.3,9.63,54.8
64.13,61.12,3.0,12,1,Recyclable,800.0,53.8,11.26,76.24
57.74,55.25,2.49,6,5,General,1200.0,97.4,10.73,66.28
30.46,26.12,4.35,20,1,Organic,800.0,16.0,17.3,47.73
74.56,72.78,1.78,7,6,Organic,1000.0,105.2,17.94,93.84
19.42,17.57,1.86,2,5,Organic,1200.0,82.5,21.51,38.12
82.34,77.5,4.84,8,0,Organic,800.0,82.0,18.51,100.0
47.21,44.15,3.05,22,6,General,1200.0,13.1,12.48,59.83
10.91,9.15,1.76,6,1,Recyclable,800.0,38.0,9.52,21.76
52.41,48.71,3.7,10,5,General,1000.0,114.0,11.43,63.54
58.97,58.07,0.9,8,1,Recyclable,1200.0,72.2,6.7,67.02
51.46,48.06,3.4,2,4,Recyclable,800.0,76.2,11.47,63.44
20.09,17.24,2.85,1,5,Organic,1500.0,84.6,20.99,44.6
50.6,49.92,0.67,10,2,General,800.0,109.0,7.81,56.38
77.08,73.81,3.27,8,3,General,1500.0,93.6,12.11,88.37
24.07,22.02,2.05,12,2,Organic,1000.0,41.7,12.72,35.16
52.82,49.5,3.32,23,0,Organic,1500.0,98.1,13.76,65.92
84.37,82.43,1.94,1,1,General,1200.0,118.7,11.52,97.21
74.56,73.3,1.26,3,2,Recyclable,1000.0,42.7,5.34,80.74
92.35,89.65,2.7,8,6,General,800.0,108.6,11.31,100.0
52.59,49.29,3.3,13,4,Recyclable,800.0,79.8,9.3,59.69
56.94,52.32,4.61,20,0,Organic,1500.0,71.1,16.86,74.13
26.44,25.61,0.84,12,4,Recyclable,800.0,82.4,8.46,38.92
44.56,38.69,5.87,2,4,Organic,1000.0,9.4,18.31,60.95
66.96,65.42,1.54,9,3,Recyclable,800.0,119.8,11.1,78.27
34.11,29.85,4.25,21,0,Organic,800.0,110.0,20.08,56.75
73.87,71.54,2.32,21,2,Recyclable,800.0,11.9,5.35,81.18
54.22,53.57,0.64,17,4,General,1000.0,27.6,7.25,61.56
36.09,31.4,4.69,6,5,Organic,800.0,53.0,22.01,58.62
92.67,90.06,2.62,11,6,General,1500.0,103.1,10.7,100.0
72.29,68.17,4.12,3,5,Organic,800.0,88.9,16.32,87.93
56.14,53.85,2.29,16,4,General,1200.0,95.3,8.67,64.01
83.25,80.53,2.72,13,6,Organic,1500.0,15.5,13.89,99.23
88.0,84.85,3.16,10,3,Recyclable,1500.0,71.1,8.77,95.6
69.61,66.73,2.87,4,5,Organic,1000.0,63.2,11.66,78.7
42.02,39.79,2.23,18,2,Recyclable,1000.0,105.9,10.96,54.83
28.72,26.96,1.76,17,0,General,1200.0,61.9,11.54,39.58
32.17,29.5,2.67,20,2,Recyclable,1000.0,109.7,8.6,44.03
87.15,81.77,5.38,12,1,General,1200.0,117.8,16.18,100.0
58.74,57.9,0.84,16,0,Recyclable,1500.0,23.4,4.36,62.17
82.02,77.06,4.96,23,0,Organic,1200.0,31.0,21.12,100.0
37.41,35.19,2.23,0,3,Recyclable,1500.0,88.1,10.04,47.13
32.68,29.62,3.06,16,0,General,1000.0,25.4,12.17,46.32
77.98,75.11,2.87,12,6,Organic,1200.0,45.3,12.99,91.72
50.99,48.18,2.81,22,3,General,1500.0,25.4,12.0,61.11
82.3,78.22,4.08,22,1,Organic,800.0,7.7,16.43,100.0
19.4,15.79,3.61,1,4,General,1200.0,104.3,15.19,34.65
51.55,47.22,4.33,23,6,Organic,1500.0,103.5,23.62,75.5
76.27,73.85,2.41,15,4,Recyclable,1000.0,33.2,8.06,81.09
86.54,84.71,1.83,14,0,General,1500.0,13.2,10.09,96.38
17.94,15.11,2.83,16,6,Organic,800.0,42.0,13.64,32.04
47.99,46.47,1.51,6,4,Organic,1500.0,113.1,9.44,58.87
93.49,91.82,1.67,7,3,General,1200.0,114.1,6.71,100.0
25.75,23.32,2.43,11,0,General,1500.0,98.2,16.7,46.71
84.09,82.18,1.91,5,3,Recyclable,1200.0,66.3,6.27,90.72
88.57,88.04,0.53,15,3,Recyclable,800.0,90.0,8.5,95.44
70.39,67.94,2.45,14,3,Organic,1200.0,36.8,8.12,78.24
18.12,15.02,3.1,8,3,Recyclable,1500.0,24.9,7.82,26.91
10.58,6.89,3.69,9,2,General,800.0,76.1,12.74,23.92
92.2,88.49,3.71,17,3,Recyclable,1000.0,23.1,9.12,100.0
37.15,31.81,5.34,4,2,Organic,1000.0,48.2,21.47,58.75
62.95,60.98,1.97,3,5,Recyclable,1200.0,70.9,10.15,71.36
76.97,74.26,2.71,23,4,Recyclable,800.0,14.3,6.56,84.85
70.17,66.44,3.73,15,3,General,1500.0,27.7,13.62,82.25
75.92,72.74,3.18,23,5,General,1000.0,9.2,10.66,84.5
19.83,14.71,5.12,15,0,Organic,800.0,88.3,16.95,38.76
92.54,89.72,2.82,2,1,General,800.0,63.0,7.99,99.97
75.85,75.85,0.0,11,3,Recyclable,800.0,90.8,6.91,82.02
81.89,77.1,4.79,14,6,Recyclable,1200.0,7.5,9.29,90.37
71.28,69.91,1.37,7,4,General,800.0,56.2,6.09,72.31
29.94,26.46,3.48,21,5,General,1200.0,53.4,13.86,44.37
32.64,31.2,1.44,6,3,Recyclable,1000.0,86.8,4.4,36.57
43.64,42.1,1.54,5,0,Recyclable,1500.0,67.1,6.34,49.67
32.15,32.21,-0.05,21,0,Recyclable,1200.0,7.7,4.83,34.04
81.36,80.23,1.13,16,4,Organic,800.0,94.0,8.23,89.8
40.2,36.41,3.79,7,1,General,1000.0,72.3,11.26,52.69
41.08,38.8,2.28,20,3,Recyclable,1000.0,72.8,9.16,49.63
78.68,75.73,2.94,22,4,General,1000.0,31.8,13.48,95.51
83.99,81.9,2.09,0,2,General,1500.0,36.3,11.29,94.25
11.58,8.16,3.43,5,4,Organic,800.0,80.6,10.34,20.33
85.38,81.87,3.51,20,1,General,1000.0,21.0,10.65,95.14
71.06,69.09,1.97,9,4,Organic,800.0,45.8,12.91,87.9
50.49,47.46,3.03,1,0,Recyclable,1000.0,3.6,9.81,62.61
50.05,47.59,2.45,22,0,Recyclable,1500.0,29.6,6.48,58.16
14.38,10.89,3.48,18,6,General,1200.0,37.5,17.71,31.01
51.53,49.15,2.38,11,3,Organic,1000.0,51.2,13.46,63.52
33.68,31.59,2.09,20,3,General,1000.0,32.7,7.04,39.49
43.02,40.1,2.93,1,5,General,800.0,77.7,15.0,58.45
94.19,90.74,3.45,19,4,Organic,800.0,62.1,15.3,100.0
79.96,76.48,3.48,13,4,General,1500.0,42.3,16.3,97.34
55.26,52.67,2.59,11,2,Organic,1200.0,69.0,10.08,65.02
83.36,82.65,0.71,2,4,General,1500.0,23.3,13.0,97.22
16.18,11.63,4.55,22,6,Organic,800.0,6.9,23.78,42.41
47.89,42.13,5.75,23,1,Organic,1500.0,84.1,20.04,65.5
58.78,54.41,4.37,2,2,General,1200.0,30.7,15.3,77.66
73.75,70.73,3.02,15,6,Recyclable,800.0,54.2,14.85,88.82
33.88,31.26,2.62,14,2,Organic,800.0,86.5,14.76,50.15
29.25,26.64,2.62,4,6,Organic,1000.0,60.4,16.48,47.03
41.44,38.61,2.83,13,1,Organic,1000.0,11.4,17.42,61.1
61.82,58.44,3.39,5,0,General,1000.0,109.1,14.57,77.56
16.39,11.99,4.4,22,1,General,1200.0,52.6,15.85,32.85
76.83,75.29,1.54,23,0,Recyclable,1200.0,110.2,7.64,84.64
85.39,84.29,1.1,20,2,Recyclable,1200.0,25.6,9.14,94.13
60.11,58.08,2.04,4,3,Recyclable,1200.0,73.3,7.36,69.0
66.35,61.65,4.71,6,3,Organic,1500.0,47.1,17.83,81.07
47.31,45.09,2.22,18,5,Recyclable,1200.0,57.2,11.5,58.37
50.3,46.36,3.94,3,3,Organic,1500.0,78.1,16.82,60.83
58.73,53.98,4.76,20,1,Organic,1000.0,6.4,17.88,79.38
91.75,87.36,4.39,5,6,Organic,1200.0,35.6,19.88,100.0
41.87,38.92,2.95,11,3,General,1000.0,28.3,13.75,58.02
70.56,68.3,2.26,14,0,General,800.0,63.6,18.51,90.28
92.82,89.56,3.26,11,3,Recyclable,1000.0,16.9,11.82,100.0
29.37,26.71,2.66,6,3,Recyclable,1000.0,91.8,7.91,35.45
59.89,58.0,1.89,16,6,Recyclable,1200.0,56.3,9.64,69.45
77.07,76.3,0.77,15,5,Recyclable,1200.0,102.8,8.06,84.27
71.14,66.18,4.96,2,4,Organic,1000.0,9.4,21.16,94.28
62.44,58.75,3.69,11,0,Recyclable,800.0,64.2,11.14,77.79
50.26,46.74,3.52,22,1,General,1500.0,110.7,7.61,56.81
84.62,80.9,3.72,18,4,Organic,1000.0,94.8,13.79,98.88
36.84,33.87,2.97,2,0,Organic,800.0,103.2,10.16,44.8
87.75,85.34,2.41,21,3,Recyclable,800.0,60.5,11.35,99.89
27.33,22.88,4.45,13,2,Recyclable,800.0,4.8,7.7,35.06
90.32,86.86,3.47,5,2,Organic,1000.0,17.5,9.85,98.84
10.87,9.94,0.93,7,4,Recyclable,1500.0,87.2,4.99,15.21
69.84,67.92,1.92,4,5,Organic,1000.0,11.2,21.14,89.5
44.88,40.23,4.65,23,2,Organic,1000.0,65.4,20.75,68.94
91.93,88.28,3.65,8,3,Organic,800.0,75.7,8.89,100.0
49.8,46.71,3.09,14,4,Organic,1200.0,109.7,11.91,57.81
52.18,48.07,4.1,1,1,General,1500.0,85.2,7.97,59.58
86.86,82.07,4.79,15,4,Organic,1000.0,31.7,17.95,100.0
29.58,27.15,2.44,9,0,General,800.0,33.1,7.85,34.75
83.84,80.72,3.13,12,5,General,1000.0,74.1,12.51,96.73
91.09,87.92,3.17,4,3,Organic,800.0,58.1,14.32,100.0
88.74,85.34,3.4,22,1,Recyclable,1200.0,8.3,7.84,99.12
86.33,83.93,2.41,17,6,Organic,1200.0,50.7,10.65,97.23
22.59,16.8,5.79,3,0,Organic,800.0,77.0,20.52,44.82
33.51,30.12,3.38,8,5,General,800.0,110.8,14.17,46.08
62.35,58.16,4.19,0,4,Organic,800.0,44.3,16.92,77.47
19.1,17.79,1.31,11,6,Recyclable,1500.0,92.0,9.2,31.95
84.68,83.51,1.18,17,4,General,800.0,80.2,16.21,100.0
77.31,74.04,3.27,0,0,General,1500.0,39.3,9.64,90.34
48.42,45.91,2.51,21,4,Recyclable,1200.0,38.8,9.84,60.99
43.27,41.02,2.25,18,5,Recyclable,800.0,3.6,14.22,56.18
25.16,22.65,2.51,13,2,Organic,1000.0,116.3,17.05,42.04
81.52,81.79,-0.28,15,0,Recyclable,1200.0,6.2,6.78,86.22
93.73,89.81,3.92,20,4,General,1000.0,29.8,11.14,100.0
34.1,31.57,2.53,0,3,Organic,1000.0,86.6,8.99,41.33
86.51,84.45,2.06,14,4,Organic,800.0,99.6,8.24,96.51
86.45,81.19,5.26,17,1,General,1500.0,20.7,18.61,100.0
40.37,39.13,1.24,10,1,Recyclable,1200.0,91.5,8.73,47.54
86.1,82.13,3.97,16,1,General,1500.0,109.2,18.21,100.0
38.31,33.94,4.37,17,4,General,1200.0,71.1,19.05,56.63
61.46,59.36,2.1,6,4,Recyclable,1000.0,13.1,7.73,69.87
83.83,81.87,1.96,23,4,General,1500.0,103.1,10.89,95.9
48.94,44.58,4.35,10,5,General,1200.0,53.9,17.99,65.8
61.55,58.9,2.65,16,6,Recyclable,800.0,89.5,7.25,68.71
30.56,28.14,2.42,9,2,Recyclable,800.0,9.4,5.55,36.85
29.97,27.99,1.97,13,4,General,1200.0,37.5,13.66,45.94
77.25,73.71,3.54,9,5,Recyclable,1200.0,11.6,10.68,92.18
64.76,59.46,5.3,12,2,Organic,1200.0,69.0,21.91,87.73
68.96,65.7,3.25,5,6,General,1000.0,82.0,11.74,84.91
11.65,8.29,3.36,23,6,Recyclable,1500.0,35.3,10.57,23.0
84.67,83.5,1.17,20,6,Recyclable,800.0,73.2,8.34,93.53
69.18,68.19,0.99,2,2,Recyclable,1500.0,117.3,5.4,74.08
75.57,71.72,3.85,10,2,Recyclable,1500.0,71.5,10.82,86.79
38.67,32.57,6.11,7,1,Organic,800.0,115.8,19.38,60.17
57.79,57.56,0.23,20,1,Recyclable,800.0,91.9,9.18,66.56
25.92,22.52,3.39,6,4,Organic,1000.0,82.3,17.49,45.73
89.98,85.86,4.12,21,6,Organic,1200.0,86.2,22.23,100.0
73.54,69.07,4.48,6,4,General,1500.0,52.1,14.7,91.36
45.84,43.21,2.63,12,4,Recyclable,1200.0,14.9,6.6,51.88
80.97,77.34,3.63,15,5,Recyclable,1000.0,58.6,15.42,97.77
70.76,67.58,3.17,22,0,Organic,1200.0,75.8,10.72,80.66
65.58,64.12,1.47,13,2,Recyclable,1000.0,91.8,9.73,70.41
72.6,72.26,0.34,8,2,Recyclable,800.0,41.3,8.89,79.36
89.76,87.24,2.52,12,0,Recyclable,800.0,38.5,9.77,100.0
20.23,16.81,3.42,17,0,Organic,1000.0,119.2,13.98,36.37
48.81,49.33,-0.51,5,3,Recyclable,1000.0,98.6,7.49,55.74
61.28,55.56,5.72,22,6,Organic,800.0,84.0,24.83,83.77
79.51,76.38,3.13,14,2,Recyclable,1500.0,112.4,11.57,91.39
33.32,30.9,2.42,2,5,General,1200.0,52.0,10.4,43.72
46.61,45.83,0.79,0,1,Recyclable,1500.0,91.5,5.45,53.69
49.09,46.11,2.97,4,6,General,800.0,40.6,8.2,54.25
60.01,56.76,3.25,1,3,General,1200.0,26.1,15.99,78.14
29.99,25.42,4.58,13,6,Organic,1500.0,105.2,19.59,46.95
18.0,17.64,0.36,2,4,General,800.0,101.8,6.28,22.09
25.06,21.76,3.31,7,6,Organic,1500.0,78.8,11.1,32.81
11.34,8.54,2.8,16,2,Recyclable,1200.0,116.2,11.97,19.59
11.7,6.51,5.19,12,1,Organic,800.0,116.9,18.07,29.57
31.69,28.54,3.15,18,2,Recyclable,1000.0,43.3,11.05,40.71
93.67,91.35,2.32,2,1,Recyclable,800.0,62.7,7.66,100.0
87.75,86.95,0.8,1,2,Recyclable,800.0,92.9,5.21,89.55
75.09,73.35,1.74,13,2,Recyclable,800.0,34.0,8.64,84.36
31.66,26.68,4.98,17,2,Organic,800.0,52.4,19.52,48.71
75.8,70.21,5.59,15,4,General,1500.0,15.6,18.65,92.78
70.8,71.25,-0.45,5,5,Recyclable,1500.0,88.8,5.99,80.19
26.66,24.11,2.55,21,6,Recyclable,1200.0,31.3,9.01,33.98
15.4,14.65,0.76,10,3,Recyclable,1500.0,107.6,8.1,21.52
36.47,35.66,0.81,22,5,Recyclable,1200.0,71.5,13.38,50.32
72.79,69.55,3.24,7,6,Recyclable,800.0,5.3,7.5,78.48
85.4,83.69,1.71,21,4,Recyclable,1200.0,30.9,7.35,92.92
22.03,18.14,3.89,9,0,General,800.0,61.9,15.01,37.76
88.02,84.57,3.44,23,0,Organic,1000.0,106.3,18.35,100.0
56.29,55.27,1.02,19,5,Recyclable,800.0,53.4,5.31,60.74
52.46,49.6,2.86,18,0,Recyclable,800.0,54.7,11.22,65.36
35.05,34.95,0.1,7,3,Recyclable,1500.0,32.9,5.05,38.43
71.87,69.87,2.0,11,5,Recyclable,1200.0,50.9,13.35,83.16
77.37,76.97,0.39,10,3,General,1000.0,35.6,7.31,84.37
56.0,50.99,5.01,2,3,General,1200.0,61.4,15.15,70.78
61.91,56.66,5.25,7,4,Organic,800.0,107.3,21.09,80.67
11.43,8.5,2.93,0,0,Organic,800.0,95.2,15.9,28.05
15.86,14.05,1.81,14,4,Recyclable,1000.0,76.8,8.24,23.24
26.6,23.29,3.31,8,2,Organic,1500.0,21.2,14.54,43.03
55.88,50.57,5.31,21,1,General,800.0,20.5,14.01,71.72
39.38,36.8,2.58,0,2,Recyclable,1000.0,97.2,5.47,46.24
48.29,44.19,4.1,10,6,Organic,800.0,21.9,21.85,69.52
40.69,38.07,2.63,20,0,Organic,1000.0,80.8,16.88,59.55
65.37,63.33,2.04,0,4,Organic,1500.0,13.1,18.21,82.88
53.76,50.36,3.4,16,5,Recyclable,1000.0,104.4,12.34,66.04
70.23,67.21,3.02,1,4,General,1000.0,93.5,13.27,85.17
68.14,65.41,2.73,21,1,Recyclable,1000.0,36.8,5.92,74.58
78.79,76.65,2.13,19,6,Organic,800.0,43.7,14.69,94.35
76.74,73.5,3.24,20,5,General,1000.0,50.4,9.37,84.62
71.5,69.91,1.59,22,2,General,1000.0,99.9,10.28,87.9
66.37,63.4,2.97,11,1,General,1000.0,60.7,13.15,81.61
84.92,79.05,5.87,14,4,Organic,1500.0,17.5,16.65,99.79
83.17,79.67,3.5,0,5,General,800.0,76.8,9.67,91.69
65.16,61.62,3.54,11,2,General,1500.0,43.0,13.63,76.94
79.73,79.2,0.53,14,2,Recyclable,800.0,93.0,4.68,83.01
63.0,60.53,2.47,1,4,Recyclable,1500.0,24.5,10.52,71.94
70.95,65.33,5.62,20,0,Organic,800.0,117.4,16.35,86.58
79.71,76.91,2.81,18,1,Organic,1200.0,108.6,18.22,95.77
20.76,16.55,4.21,4,1,General,1500.0,81.3,14.2,34.48
74.22,71.64,2.59,18,6,Recyclable,1000.0,30.6,14.19,83.01
18.05,13.61,4.43,21,3,Organic,1000.0,37.0,18.29,39.7
34.48,31.33,3.15,12,1,General,1200.0,95.3,13.52,50.86
72.28,66.7,5.59,4,6,Organic,1200.0,16.8,22.25,93.17
66.31,64.01,2.31,3,1,General,1500.0,2.7,13.14,80.95
16.39,14.1,2.29,23,3,Organic,800.0,90.5,13.74,28.89
35.19,32.99,2.2,22,3,Organic,1000.0,75.6,8.06,45.79
89.04,85.59,3.45,17,1,Organic,1500.0,89.8,13.61,100.0
28.44,25.46,2.99,19,2,Organic,1200.0,16.5,15.94,43.86
22.34,20.36,1.98,15,2,General,1200.0,66.5,8.02,32.0
75.02,72.78,2.23,21,0,Recyclable,800.0,60.9,7.2,78.49
17.33,15.07,2.27,1,5,Organic,1500.0,44.3,20.9,38.44
29.08,26.1,2.99,10,4,Recyclable,1500.0,33.4,10.32,43.05
81.23,81.53,-0.31,14,6,Recyclable,1200.0,105.4,6.96,85.98
11.12,8.91,2.21,16,0,Organic,800.0,57.4,9.34,19.87
16.46,13.42,3.04,21,3,Organic,800.0,65.3,21.32,41.42
10.41,8.14,2.27,7,2,Recyclable,1500.0,48.8,6.0,13.68
21.4,19.39,2.01,18,1,Organic,1200.0,24.8,11.54,31.06
86.43,82.91,3.53,9,6,General,1500.0,32.8,9.95,96.28
28.85,27.74,1.11,21,6,Recyclable,800.0,49.6,11.17,38.74
82.38,79.8,2.57,11,4,General,800.0,61.9,15.64,97.96
78.06,74.64,3.42,12,5,General,1500.0,86.4,10.99,89.2
63.27,61.27,2.0,17,2,Organic,800.0,93.1,10.35,74.6
88.39,84.31,4.08,17,3,Organic,1500.0,53.4,17.22,100.0
16.59,12.06,4.54,0,0,General,1200.0,74.9,7.78,20.29
23.41,18.83,4.58,4,0,Recyclable,800.0,34.1,9.9,34.12
41.05,40.89,0.16,18,1,Recyclable,1000.0,7.6,4.42,47.33
79.66,78.05,1.61,22,1,Recyclable,1200.0,24.8,8.62,85.2
29.4,25.74,3.66,23,4,General,1000.0,16.2,7.31,34.91
25.97,26.38,-0.41,4,6,Recyclable,1200.0,68.7,7.18,32.06
25.86,23.1,2.77,16,1,General,1200.0,60.8,14.27,42.23
66.24,63.45,2.8,4,3,General,1500.0,50.4,13.93,80.72
93.19,91.02,2.16,8,1,Recyclable,1000.0,102.0,5.57,98.56
86.62,82.74,3.88,19,1,Recyclable,1000.0,36.4,11.07,97.59
73.33,72.56,0.77,23,5,Recyclable,800.0,15.9,7.08,83.4
14.95,11.42,3.53,9,3,Organic,800.0,68.5,15.16,30.15
60.29,55.06,5.24,16,3,Organic,800.0,65.8,18.45,77.72
49.72,47.5,2.22,2,1,Organic,1200.0,113.9,9.73,58.88
88.26,85.68,2.58,14,1,General,1000.0,59.3,17.33,100.0
92.35,89.43,2.92,17,1,Recyclable,1200.0,80.9,6.57,100.0
18.49,14.11,4.38,7,4,Organic,1500.0,18.6,18.04,34.74
34.89,33.12,1.77,6,1,Recyclable,800.0,75.3,8.44,39.82
79.98,79.1,0.89,23,3,Recyclable,800.0,103.0,9.97,88.2
79.44,77.87,1.57,18,6,General,1500.0,96.0,8.39,90.45
47.39,43.46,3.93,11,0,General,1200.0,69.1,13.42,61.93
59.26,54.82,4.44,1,4,General,800.0,45.0,9.16,68.08
94.73,90.2,4.53,10,4,Organic,800.0,87.8,19.58,100.0
30.13,27.17,2.96,10,1,General,1000.0,3.7,14.0,42.03
55.91,54.17,1.74,5,1,Organic,1200.0,11.5,10.17,66.26
19.45,15.55,3.9,21,5,Recyclable,800.0,101.5,11.93,31.23
89.48,83.42,6.06,17,1,Organic,1200.0,50.6,21.56,100.0
86.15,82.86,3.29,23,5,Organic,800.0,103.8,24.01,100.0
72.79,70.83,1.96,3,2,Recyclable,800.0,75.0,4.02,77.6
15.73,13.41,2.32,2,2,General,1500.0,21.8,13.44,31.31
45.33,42.55,2.78,21,4,General,1000.0,10.5,11.62,57.14
37.05,33.2,3.86,7,1,General,1000.0,84.9,8.36,43.73
37.69,36.56,1.13,18,0,Recyclable,1500.0,9.6,5.07,43.02
75.33,71.0,4.33,23,4,Recyclable,1000.0,76.4,10.53,85.27
71.95,65.76,6.2,7,1,Organic,1500.0,40.8,21.68,94.44
13.56,12.66,0.9,15,4,Organic,1500.0,26.1,11.49,25.78
31.43,27.57,3.86,11,2,General,1000.0,55.5,17.81,50.0
36.37,32.3,4.07,11,2,General,1000.0,11.4,17.6,55.49
88.93,87.25,1.67,2,4,Recyclable,1500.0,35.8,8.76,96.06
79.7,73.61,6.09,10,5,Organic,1500.0,110.9,24.21,100.0
79.74,78.36,1.38,14,6,General,1500.0,8.3,10.8,92.01
92.82,90.48,2.34,1,0,General,800.0,83.8,8.05,100.0
59.8,57.53,2.27,17,2,Organic,800.0,30.3,15.12,72.34
17.85,13.0,4.85,15,1,Organic,800.0,13.3,20.98,39.22
29.73,29.35,0.38,19,2,Recyclable,1200.0,110.2,11.74,44.72
83.92,81.11,2.82,8,6,Organic,1500.0,81.3,22.04,100.0
92.24,88.69,3.55,8,5,Organic,1200.0,117.9,20.83,100.0
65.83,63.17,2.66,0,1,General,800.0,62.3,8.09,73.26
78.62,76.1,2.52,21,5,General,1200.0,96.5,9.69,89.11
59.46,57.06,2.4,10,4,Organic,1500.0,112.7,12.45,71.76
33.82,30.55,3.27,0,0,Organic,1500.0,106.4,11.55,48.51
52.1,48.75,3.35,0,6,Recyclable,800.0,111.8,6.11,60.82
15.51,13.73,1.78,5,3,Recyclable,1200.0,61.6,6.72,18.45
55.99,54.28,1.71,21,3,Recyclable,800.0,36.7,6.78,60.43
32.63,29.42,3.22,22,2,Recyclable,1200.0,4.4,9.52,42.71
37.68,33.58,4.1,2,6,Organic,1000.0,25.0,23.79,62.38
89.42,88.93,0.49,0,2,General,1200.0,50.2,10.47,98.41
89.31,87.32,1.98,12,5,General,1200.0,115.0,14.72,100.0
47.83,46.2,1.63,21,3,General,800.0,118.6,6.22,51.98
79.45,77.01,2.45,18,2,General,1200.0,84.3,11.05,90.45
77.33,75.68,1.64,3,6,General,1200.0,64.3,9.77,86.86
53.93,50.46,3.47,10,6,Recyclable,800.0,29.3,14.11,65.22
53.38,46.24,7.14,20,5,Organic,1500.0,52.4,28.38,83.71
71.42,68.01,3.42,12,1,General,1000.0,61.7,16.33,91.24
81.15,80.93,0.22,18,1,General,1000.0,9.3,14.71,96.96
35.59,31.65,3.94,17,6,General,800.0,113.0,17.51,50.17
70.53,64.45,6.08,13,6,Organic,1200.0,112.1,28.1,100.0
53.26,51.29,1.97,18,2,Recyclable,800.0,16.4,6.55,61.28
16.29,12.75,3.54,2,6,General,1200.0,44.8,9.98,23.22
41.97,41.09,0.88,8,4,Recyclable,800.0,17.1,8.4,49.67
35.75,32.92,2.83,23,2,Organic,800.0,28.4,11.89,49.04
86.64,85.09,1.56,7,4,Recyclable,800.0,61.8,5.47,91.95
30.06,27.29,2.77,5,4,Organic,1000.0,33.3,8.84,38.37
73.06,70.48,2.58,7,6,Recyclable,800.0,9.3,7.51,82.06
72.5,69.76,2.73,15,4,Organic,1500.0,14.2,16.06,87.21
92.87,89.71,3.17,12,6,Organic,800.0,80.4,14.66,100.0
27.62,23.92,3.7,20,5,Organic,1500.0,44.7,16.04,39.83
94.83,90.17,4.66,7,3,Recyclable,1500.0,106.5,11.84,100.0
22.64,19.47,3.17,13,6,General,1000.0,47.2,16.9,34.68
60.2,59.58,0.62,11,4,Recyclable,1200.0,88.6,6.72,64.62
42.76,38.77,3.99,6,4,Organic,800.0,17.8,18.75,63.77
46.64,41.92,4.73,10,2,Organic,800.0,9.9,21.71,65.05
79.87,75.8,4.07,13,5,Organic,1500.0,51.6,22.87,100.0
35.93,32.5,3.43,20,5,Organic,1200.0,97.7,15.84,51.4
94.9,90.74,4.16,14,1,Organic,1200.0,20.7,14.56,100.0
78.6,73.91,4.69,17,2,Organic,1500.0,45.6,19.34,96.7
32.38,32.35,0.03,11,2,General,800.0,45.8,8.29,39.8
71.7,69.37,2.33,22,0,Organic,800.0,82.7,12.77,82.26
50.88,46.56,4.32,9,2,General,800.0,67.7,13.25,62.81
85.9,83.34,2.56,21,6,Organic,800.0,91.0,15.62,100.0
27.02,26.98,0.04,13,2,General,1500.0,40.2,12.9,41.26
84.65,81.89,2.76,23,5,Recyclable,800.0,16.0,15.3,97.36
70.51,68.91,1.6,16,4,Recyclable,800.0,88.5,5.82,78.85
31.56,30.88,0.68,17,4,Recyclable,1200.0,30.7,6.78,37.66
36.21,34.61,1.6,11,6,Recyclable,1000.0,69.6,5.61,41.39
71.74,71.59,0.15,2,5,General,1200.0,108.0,6.44,78.72
39.24,38.88,0.36,7,1,General,1000.0,90.7,6.08,53.2
72.4,67.83,4.58,21,5,Organic,800.0,94.6,21.79,91.14
47.96,43.39,4.57,3,1,Organic,1500.0,98.5,13.97,63.26
56.97,54.37,2.6,12,6,Recyclable,800.0,105.9,10.63,69.45
28.15,27.29,0.86,19,2,Recyclable,1500.0,109.3,6.75,37.42
13.4,10.52,2.88,10,5,Recyclable,1500.0,73.9,9.76,21.85
50.32,44.73,5.59,4,2,General,800.0,9.0,14.6,62.64
74.64,74.19,0.45,11,1,Organic,1500.0,79.3,9.66,81.91
16.57,13.15,3.42,3,1,General,1200.0,55.8,9.22,28.11
17.58,15.26,2.33,5,0,General,1000.0,29.0,14.01,29.7
55.42,53.31,2.11,20,3,Recyclable,1500.0,114.6,7.25,62.12
65.67,64.48,1.19,2,3,Recyclable,1000.0,11.1,4.4,71.15
94.75,93.43,1.32,5,0,Recyclable,800.0,35.3,5.52,97.46
46.45,43.91,2.54,18,4,Recyclable,1200.0,81.8,10.42,58.16
34.37,33.2,1.16,16,3,General,1000.0,97.1,11.77,47.81
51.8,49.37,2.42,19,0,Organic,1200.0,86.7,11.77,63.57
76.71,74.36,2.35,2,6,Recyclable,1000.0,78.6,9.36,84.59
81.96,81.53,0.43,19,6,Recyclable,800.0,17.6,6.91,89.28
46.44,42.1,4.34,20,2,General,1000.0,41.7,10.55,56.41
42.15,39.45,2.7,4,1,General,1500.0,111.1,7.29,47.84
39.39,37.95,1.44,6,2,Recyclable,800.0,45.8,8.78,49.38
48.62,47.81,0.81,9,0,Recyclable,1200.0,27.7,5.33,53.87
39.8,36.72,3.08,4,2,Recyclable,1000.0,110.1,6.06,47.6
56.06,53.17,2.89,7,2,Recyclable,800.0,61.4,10.25,66.22
88.98,86.01,2.97,13,6,Organic,1200.0,34.4,12.58,100.0
92.16,89.89,2.27,13,4,Organic,800.0,88.2,8.67,100.0
35.35,34.47,0.88,18,1,Organic,1000.0,119.5,8.18,43.69
60.39,59.23,1.16,16,2,Organic,1200.0,91.8,10.33,70.65
94.79,91.81,2.98,8,5,General,800.0,117.5,9.37,100.0
81.08,77.69,3.39,13,5,Organic,1200.0,97.4,18.43,100.0
54.1,49.18,4.92,22,0,Organic,1500.0,43.0,20.08,73.73
58.43,55.23,3.2,7,6,General,1000.0,85.5,12.49,71.95
69.67,66.35,3.32,23,2,General,800.0,61.4,12.48,85.57
91.11,88.57,2.54,23,2,Recyclable,1500.0,75.1,11.67,100.0
58.73,56.3,2.43,2,5,Recyclable,1000.0,73.6,14.44,70.61
36.0,33.72,2.28,19,2,General,1000.0,39.2,14.04,52.3
53.03,51.79,1.24,19,3,Recyclable,1500.0,9.3,6.75,59.57
90.26,87.77,2.5,8,6,Recyclable,800.0,12.1,8.08,100.0
54.87,49.98,4.89,17,1,Organic,1500.0,64.3,13.41,67.01
66.89,62.36,4.53,0,1,Organic,1200.0,108.0,15.06,78.25
12.47,9.63,2.84,9,6,General,800.0,88.5,9.79,21.4
47.36,45.11,2.25,4,2,General,1000.0,4.9,7.93,58.54
80.96,76.97,3.99,7,3,General,1200.0,65.6,10.87,86.44
57.41,55.53,1.88,13,6,Organic,1000.0,42.8,16.48,72.7
71.84,71.14,0.7,15,6,Recyclable,1200.0,67.0,8.37,80.84
36.92,35.7,1.22,3,1,Recyclable,1000.0,71.0,11.86,46.98
83.95,80.9,3.04,12,3,Recyclable,1000.0,98.3,8.87,93.45
55.32,53.8,1.52,8,2,Recyclable,1500.0,90.5,11.48,65.97
15.09,11.23,3.86,1,3,Organic,1500.0,81.1,17.84,31.61
89.82,88.26,1.56,7,1,Organic,1500.0,6.3,11.87,100.0
19.24,17.01,2.22,3,3,Recyclable,800.0,8.0,11.45,30.56
42.13,38.67,3.46,23,3,General,1200.0,110.0,11.99,54.93
70.97,68.49,2.47,9,5,Recyclable,800.0,31.6,15.38,87.79
69.11,67.13,1.97,12,5,Recyclable,1200.0,5.8,13.45,80.63
42.3,38.53,3.76,8,0,Organic,1500.0,7.3,19.77,61.36
11.31,8.98,2.33,17,5,General,800.0,84.0,9.96,24.18
76.25,74.36,1.89,17,6,Recyclable,800.0,77.8,13.04,90.01
33.08,32.73,0.35,8,0,Recyclable,1500.0,2.7,4.83,37.89
16.09,11.2,4.89,6,2,Organic,800.0,31.4,19.28,36.06
65.35,60.73,4.62,8,5,General,1200.0,86.5,15.81,82.91
19.79,17.63,2.16,14,1,General,1500.0,14.7,7.87,28.41
83.64,80.46,3.18,0,2,General,1500.0,87.6,7.89,91.16
93.25,88.2,5.05,22,0,Organic,800.0,82.0,19.74,100.0
64.96,64.21,0.74,20,1,Recyclable,800.0,108.6,7.78,71.63
35.32,35.68,-0.35,19,3,Recyclable,800.0,96.2,4.8,38.96
63.35,62.12,1.23,15,6,General,1000.0,48.6,7.56,71.21
69.55,66.77,2.78,19,6,Recyclable,800.0,70.9,9.23,81.7
24.89,24.32,0.56,9,5,Recyclable,1000.0,108.7,13.97,42.88
31.84,30.69,1.15,5,6,Recyclable,800.0,44.7,7.6,40.8
92.5,91.47,1.03,4,5,Recyclable,1500.0,72.5,7.89,98.18
92.38,89.72,2.66,11,4,Recyclable,1200.0,77.1,5.78,96.61
91.3,86.57,4.73,17,4,Organic,1500.0,16.8,20.1,100.0
35.98,32.3,3.68,12,0,Organic,1200.0,30.1,17.14,53.08
63.54,60.73,2.81,20,5,Organic,800.0,4.9,15.34,79.56
69.5,66.11,3.38,3,2,General,1200.0,23.8,13.08,84.89
31.89,30.06,1.83,6,6,Recyclable,800.0,110.4,12.21,42.82
63.01,59.25,3.76,0,5,General,1200.0,87.8,13.3,78.93
45.26,38.53,6.73,2,3,Organic,1000.0,82.9,21.55,68.72
74.5,74.44,0.06,7,6,Organic,1000.0,110.0,13.62,86.92
69.56,65.8,3.76,23,6,Organic,800.0,103.7,16.02,82.55
86.46,84.23,2.23,12,4,Recyclable,800.0,41.0,8.95,94.23
42.71,40.89,1.82,11,6,General,800.0,45.2,7.95,50.52
44.8,43.02,1.78,7,4,Recyclable,1500.0,74.8,10.68,54.51
73.41,71.11,2.3,4,2,Recyclable,800.0,60.4,8.02,80.03
38.83,34.76,4.06,1,5,General,1200.0,6.0,10.62,48.77
30.02,26.3,3.72,17,5,Organic,800.0,31.0,18.98,48.58
62.42,59.73,2.69,5,0,Organic,1500.0,61.4,11.57,76.23
94.74,88.85,5.89,12,2,Organic,800.0,88.3,20.42,100.0
59.37,58.71,0.66,15,0,Recyclable,1200.0,97.6,4.43,63.92
70.92,67.9,3.02,10,0,Recyclable,1500.0,13.9,10.75,82.24
62.39,60.79,1.61,8,4,General,1200.0,68.5,7.73,70.24
75.39,71.07,4.31,4,3,Organic,1500.0,20.8,13.41,91.66
89.58,86.93,2.65,20,2,Recyclable,1200.0,15.3,8.46,94.74
67.75,63.05,4.7,17,2,General,1200.0,118.0,18.77,85.27
47.58,43.48,4.1,20,6,Organic,1200.0,65.9,24.91,72.79
66.75,64.85,1.9,12,1,General,1000.0,78.5,8.92,76.86
73.9,72.02,1.88,14,0,Recyclable,1500.0,80.1,10.81,87.5
53.61,50.86,2.75,16,4,Recyclable,1500.0,65.3,10.33,63.86
83.9,81.37,2.53,19,6,Recyclable,1000.0,5.0,5.31,92.31
82.34,79.57,2.77,14,6,Recyclable,800.0,115.2,12.31,94.47
81.22,78.39,2.83,5,3,Recyclable,1200.0,15.4,5.0,85.61
34.13,31.75,2.37,11,6,General,1000.0,94.2,9.16,43.51
30.08,26.69,3.39,5,4,General,1000.0,110.8,9.0,38.25
27.06,23.09,3.97,22,2,General,800.0,20.7,13.08,37.74
44.62,40.63,4.0,22,3,Organic,800.0,65.0,19.31,61.95
10.61,8.88,1.73,1,2,General,1200.0,62.8,8.99,18.69
63.53,61.69,1.85,13,0,General,1000.0,72.4,13.66,76.14
23.81,18.74,5.08,20,5,Organic,1000.0,31.7,17.09,36.29
17.55,14.54,3.0,5,1,General,1200.0,19.0,15.0,32.58
59.43,56.16,3.27,6,2,Recyclable,1000.0,59.4,9.94,66.77
33.69,29.19,4.5,15,2,General,1200.0,57.1,14.22,49.25
67.1,66.05,1.06,6,2,Recyclable,800.0,56.2,8.36,72.92
47.83,45.74,2.1,4,2,General,800.0,56.5,6.35,56.27
68.13,65.76,2.37,16,6,General,1000.0,11.0,9.87,79.11
52.82,49.71,3.11,13,4,Organic,1000.0,33.8,14.25,66.59
72.76,70.36,2.39,23,0,Recyclable,1200.0,107.0,10.62,82.15
18.81,13.82,4.99,6,2,Organic,1000.0,63.3,16.88,33.71
17.18,15.17,2.01,23,5,Recyclable,1500.0,102.7,8.83,25.73
66.47,63.54,2.93,4,5,Recyclable,1500.0,29.0,10.55,78.28
13.72,12.76,0.96,6,0,Organic,800.0,103.1,10.2,25.24
18.09,14.67,3.42,15,2,Recyclable,1200.0,109.2,6.32,22.35
77.85,77.13,0.72,9,1,General,1500.0,87.7,6.34,78.56
31.59,26.31,5.28,9,6,Organic,1200.0,59.6,28.53,59.21
41.77,38.22,3.56,21,6,General,1200.0,84.7,14.1,56.54
11.94,7.41,4.53,12,6,Recyclable,800.0,66.9,15.52,28.16
68.02,67.56,0.46,22,0,Recyclable,1000.0,101.7,4.1,73.73
33.11,31.7,1.41,3,4,Recyclable,800.0,103.6,7.56,40.74
13.25,7.46,5.79,19,2,Organic,1500.0,111.4,21.42,36.93
66.74,65.88,0.86,20,5,General,1200.0,117.0,9.81,75.77
59.51,54.97,4.54,11,4,General,1200.0,93.9,18.34,75.06
10.87,8.56,2.31,20,1,Recyclable,1200.0,103.3,5.37,11.5
52.71,48.1,4.61,20,4,General,1200.0,60.0,11.63,64.07
80.25,78.63,1.62,20,0,Recyclable,1500.0,87.9,6.68,82.59
87.84,85.44,2.4,15,6,Organic,1500.0,24.4,14.31,100.0
17.85,11.86,5.99,18,3,Organic,1500.0,9.2,21.33,39.19
72.02,69.0,3.02,9,6,General,1000.0,32.8,10.1,82.51
87.22,85.96,1.26,2,4,General,1000.0,72.0,7.38,92.39
45.58,42.65,2.94,12,3,General,1500.0,54.5,10.69,58.16
63.6,60.96,2.65,10,4,Recyclable,1200.0,113.1,9.59,70.28
31.8,27.28,4.52,11,4,Organic,1000.0,63.5,14.32,47.82
38.63,35.32,3.31,2,0,Organic,1200.0,77.2,13.61,55.21
81.52,76.84,4.68,9,3,Organic,1000.0,25.6,11.92,94.39
45.66,44.11,1.55,9,5,General,800.0,9.8,7.04,53.14
41.36,37.19,4.17,22,6,General,1200.0,118.3,14.08,53.13
10.8,7.67,3.13,10,5,General,1200.0,70.9,18.36,33.65
33.33,29.78,3.54,19,5,General,800.0,118.7,14.15,44.54
36.37,34.68,1.69,22,3,General,1000.0,5.2,7.31,44.35
89.59,87.91,1.68,18,2,General,1000.0,60.0,17.95,100.0
43.69,37.53,6.16,3,2,General,1200.0,15.4,15.18,59.02
58.22,55.92,2.3,12,2,Recyclable,1500.0,23.1,7.5,67.07
57.68,52.99,4.68,10,5,Organic,1200.0,80.8,27.62,85.2
42.46,39.06,3.41,3,5,General,1000.0,86.2,14.92,53.43
90.75,89.39,1.36,12,0,General,1000.0,20.1,9.84,100.0
55.78,50.36,5.42,19,6,Organic,800.0,111.7,27.67,81.81
67.82,63.98,3.84,8,0,Organic,1500.0,49.4,13.8,80.89
38.28,38.12,0.16,12,5,Recyclable,1200.0,32.7,5.46,44.31
36.15,35.17,0.98,3,1,Organic,1200.0,46.8,9.85,45.64
54.72,52.21,2.51,8,3,Organic,800.0,81.8,13.41,68.42
51.74,48.09,3.64,9,3,Organic,1500.0,114.1,11.78,62.22
52.05,49.64,2.41,4,6,Recyclable,1000.0,57.8,13.49,65.42
42.37,40.22,2.15,15,6,Organic,1200.0,2.9,22.02,64.04
74.24,72.67,1.57,9,1,Recyclable,800.0,39.9,9.18,86.01
60.49,54.56,5.92,12,1,Organic,1000.0,117.1,19.34,82.26
32.19,27.88,4.3,12,2,Organic,800.0,16.4,19.14,53.74
21.27,16.41,4.86,17,5,Organic,1200.0,48.1,21.76,43.6
30.6,29.58,1.02,23,3,General,800.0,46.5,6.95,36.15
34.05,31.4,2.65,8,2,General,1500.0,75.6,14.79,50.03
42.27,38.16,4.11,6,5,Organic,1500.0,20.5,14.98,57.76
91.99,86.84,5.15,3,0,General,1500.0,100.7,15.03,100.0
53.24,50.85,2.39,5,4,Recyclable,800.0,67.2,6.06,57.35
75.53,71.91,3.62,3,2,General,1500.0,35.1,13.0,90.85
79.43,78.22,1.21,9,3,General,1200.0,26.7,8.57,87.82
30.88,30.81,0.07,23,4,General,1200.0,36.8,7.23,37.46
69.08,65.07,4.01,10,2,General,800.0,31.0,18.07,86.74
76.75,71.77,4.98,8,2,General,1200.0,103.1,15.37,86.88
22.17,17.57,4.6,7,6,General,1000.0,86.1,6.91,27.63
46.74,45.18,1.56,6,2,General,1200.0,81.1,15.42,63.8
67.62,65.87,1.74,2,5,General,800.0,27.1,8.89,76.88
16.96,13.37,3.59,12,5,General,1200.0,46.7,13.4,31.99
66.65,63.77,2.88,23,0,Organic,1500.0,47.4,14.53,79.61
82.72,79.81,2.9,23,6,Recyclable,1500.0,70.4,11.91,94.87
89.73,86.46,3.27,14,4,Recyclable,1000.0,79.9,7.12,95.54
65.39,64.41,0.98,2,3,Recyclable,1000.0,59.1,7.37,70.7
91.77,91.13,0.64,6,2,Recyclable,1500.0,45.1,7.49,96.49
53.64,50.37,3.27,16,5,Recyclable,1000.0,78.1,14.5,70.95
87.78,87.59,0.19,6,1,Recyclable,1000.0,52.4,5.76,92.86
55.17,53.36,1.81,19,5,Organic,1000.0,90.3,14.06,69.53
86.11,79.8,6.31,5,0,Organic,800.0,2.4,21.22,100.0
44.2,39.21,4.99,8,4,Organic,800.0,5.0,16.69,62.78
44.51,38.16,6.36,9,5,Organic,1500.0,107.8,27.07,68.6
31.76,29.57,2.19,15,6,Recyclable,1500.0,45.3,14.85,37.65
41.16,36.51,4.65,10,6,Organic,1000.0,22.4,27.77,70.58
51.36,49.51,1.85,0,3,Recyclable,1000.0,76.1,7.93,57.53
36.38,32.73,3.65,10,4,General,1000.0,73.7,13.98,46.79
61.01,58.0,3.01,23,5,General,800.0,69.4,7.99,70.37
67.93,64.07,3.85,22,0,Organic,1200.0,101.1,11.14,78.79
16.29,13.39,2.9,16,3,Organic,1200.0,64.5,14.0,32.41
15.07,14.25,0.82,19,0,General,800.0,35.5,7.64,21.01
78.92,77.38,1.54,6,1,Organic,1500.0,53.2,8.64,85.15
60.12,55.48,4.64,5,3,General,800.0,48.0,15.58,74.39
67.86,67.08,0.78,8,0,Recyclable,1000.0,82.5,4.33,70.4
73.2,69.79,3.41,19,3,Organic,1500.0,103.6,18.24,93.77
59.85,56.47,3.38,3,2,General,1000.0,48.4,6.44,65.88
74.55,70.83,3.72,6,1,General,1500.0,67.2,15.2,85.59
46.14,41.87,4.27,18,3,General,800.0,81.3,14.97,58.79
84.12,82.08,2.04,0,0,Recyclable,1000.0,77.8,10.78,97.89
79.46,76.87,2.59,22,1,General,1500.0,12.5,9.6,88.85
44.65,42.83,1.83,17,4,General,1500.0,117.6,14.34,61.74
42.62,41.13,1.49,21,6,General,1000.0,66.6,6.17,48.97
66.46,63.82,2.63,22,5,Organic,800.0,8.7,11.36,78.12
61.77,59.61,2.16,14,0,Organic,1500.0,73.6,9.76,71.29
76.25,74.0,2.25,11,1,Recyclable,1200.0,90.9,8.68,85.89
20.73,19.22,1.52,13,5,Recyclable,1200.0,56.7,6.32,26.66
42.71,39.48,3.24,15,0,Recyclable,800.0,5.4,10.51,56.22
47.74,43.79,3.95,7,2,Recyclable,1500.0,52.0,8.08,55.26
36.07,34.21,1.85,20,6,General,800.0,107.3,11.13,47.2
82.5,80.6,1.9,17,2,General,1000.0,58.8,9.16,92.63
84.4,80.72,3.67,5,3,General,1200.0,119.3,12.71,95.23
48.04,44.9,3.15,12,5,General,1000.0,58.9,14.65,60.1
77.58,75.41,2.16,4,1,Organic,1200.0,100.3,14.53,91.98
69.77,66.56,3.22,15,4,Organic,1000.0,117.4,8.68,77.68
92.01,89.35,2.65,5,2,General,1500.0,61.4,10.98,100.0
74.19,70.76,3.43,7,4,Organic,1200.0,87.7,16.46,94.24
62.06,57.59,4.47,10,2,Organic,800.0,19.6,15.53,81.36
23.76,21.92,1.84,17,2,Organic,800.0,46.0,10.24,35.31
14.26,11.14,3.12,18,1,Recyclable,1500.0,25.2,10.3,24.64
77.76,75.7,2.06,23,2,General,800.0,60.5,7.25,88.09
65.44,62.97,2.47,6,5,Organic,1000.0,19.7,16.01,82.53
39.66,36.55,3.11,11,0,Organic,800.0,74.0,9.11,50.43
86.09,84.5,1.58,21,1,General,1000.0,67.7,7.81,93.49
67.3,65.45,1.85,18,1,Recyclable,800.0,45.7,11.07,74.97
43.42,40.39,3.03,2,1,Organic,1500.0,102.3,8.14,52.85
70.81,67.57,3.24,6,0,General,800.0,99.0,11.66,84.87
41.7,38.37,3.33,0,6,General,1000.0,86.3,11.74,54.22
16.12,14.64,1.48,16,6,Recyclable,1200.0,41.8,15.17,28.92
72.35,67.96,4.39,4,4,Organic,1500.0,38.6,12.86,82.62
69.17,67.04,2.13,8,3,General,1000.0,62.1,11.27,79.11
68.41,65.78,2.63,8,1,General,1500.0,105.9,14.86,80.92
22.56,19.31,3.25,2,3,General,800.0,91.2,13.1,34.8
64.18,61.57,2.61,18,5,General,1000.0,65.9,7.34,69.62
88.95,84.09,4.86,16,3,Organic,1000.0,18.7,17.47,100.0
55.22,53.11,2.11,6,3,Recyclable,1500.0,116.2,10.82,66.77
35.35,30.87,4.49,13,0,General,1500.0,31.4,18.87,56.99
51.46,51.31,0.14,18,4,Recyclable,800.0,58.6,5.11,55.85
78.24,76.14,2.1,21,3,General,1000.0,70.4,7.8,86.08
71.93,69.39,2.55,21,5,Organic,1500.0,24.3,25.44,98.69
72.81,66.45,6.36,11,3,Organic,800.0,59.5,20.41,95.23
30.58,29.23,1.35,8,6,Organic,1500.0,40.3,15.74,46.76
42.86,40.1,2.75,12,3,Recyclable,1200.0,104.6,11.2,54.55
10.95,9.08,1.88,14,4,Recyclable,1200.0,77.7,10.78,20.73
63.93,60.83,3.1,13,5,Recyclable,800.0,20.4,7.41,72.03
87.31,85.23,2.08,7,5,Recyclable,1200.0,29.6,9.57,95.33
25.28,24.4,0.88,11,5,General,1500.0,100.6,11.43,38.13
55.83,52.52,3.31,6,6,General,1500.0,22.2,12.21,70.03
85.55,81.99,3.55,18,6,General,1200.0,88.8,16.01,99.44
24.89,20.63,4.26,11,0,Organic,1200.0,42.2,16.17,42.64
73.07,69.0,4.07,20,1,Organic,1200.0,100.6,19.97,95.46
88.01,86.35,1.66,18,2,Recyclable,1000.0,3.5,7.29,96.91
60.62,58.59,2.03,4,2,General,1500.0,119.8,8.99,71.52
42.86,38.48,4.38,16,2,Organic,1500.0,24.6,14.1,59.02
61.91,59.47,2.44,2,5,General,1200.0,56.1,14.57,75.89
59.09,53.69,5.4,9,6,Organic,1500.0,58.9,27.84,84.04
76.42,75.4,1.03,5,2,General,1500.0,3.7,10.11,84.65
67.67,65.58,2.09,15,5,Recyclable,1000.0,29.1,10.97,80.37
17.7,15.27,2.43,17,2,Organic,1200.0,20.5,8.38,26.95
17.64,12.42,5.22,9,6,Organic,1500.0,56.7,19.99,39.04
36.03,34.77,1.27,13,0,Recyclable,1500.0,18.0,7.11,40.73
54.33,53.38,0.96,4,4,Recyclable,800.0,4.8,5.99,61.39
39.57,35.71,3.85,6,5,General,1200.0,117.5,6.71,47.54
62.45,58.14,4.31,5,1,Organic,1200.0,106.7,11.23,72.47
42.26,36.61,5.65,18,1,Organic,1000.0,89.3,21.68,63.83
45.33,42.27,3.06,7,5,General,1200.0,41.9,11.35,57.04
24.27,20.44,3.83,22,4,Organic,800.0,52.4,15.78,44.12
59.63,54.87,4.75,10,6,General,1000.0,15.8,12.16,71.72
62.09,59.06,3.03,5,0,Organic,1200.0,83.5,15.96,78.35
14.89,13.55,1.34,17,2,Organic,800.0,16.7,9.05,21.27
45.05,41.88,3.18,20,3,Organic,800.0,21.9,15.8,61.16
11.85,7.76,4.09,8,3,Organic,800.0,41.3,16.38,26.14
53.77,52.72,1.04,13,2,Recyclable,1200.0,27.6,7.29,59.48
89.58,87.55,2.03,6,4,Recyclable,800.0,30.0,9.82,95.46
24.43,22.29,2.14,10,6,General,1000.0,78.6,13.15,36.18
54.43,46.91,7.52,9,3,Organic,1200.0,66.2,21.96,75.71
87.78,87.07,0.71,18,0,Recyclable,800.0,70.7,5.21,91.09
68.23,66.04,2.19,19,2,Recyclable,1000.0,40.7,11.71,82.63
87.43,86.18,1.25,16,2,Recyclable,800.0,98.4,7.82,96.04
64.65,60.99,3.66,8,2,Recyclable,800.0,95.7,7.84,71.23
86.5,86.24,0.26,5,3,Recyclable,1200.0,78.8,7.67,94.34
22.76,20.0,2.76,0,1,General,1200.0,43.2,13.28,34.2
37.47,32.53,4.94,21,1,Organic,1000.0,3.6,14.26,49.34
64.27,58.74,5.53,11,6,Organic,1000.0,92.8,25.79,89.49
65.09,62.65,2.44,13,0,General,1200.0,9.0,15.33,77.4
20.89,16.66,4.23,15,2,Organic,800.0,111.7,14.91,35.6
65.7,61.75,3.95,11,6,Organic,1200.0,28.5,28.03,95.66
67.42,62.39,5.03,22,1,Organic,1500.0,46.5,13.18,81.37
91.66,88.39,3.27,6,2,Organic,1200.0,95.3,17.86,100.0
43.97,42.36,1.61,11,0,Recyclable,800.0,87.2,7.81,51.07
50.31,49.37,0.94,10,3,Recyclable,1000.0,51.7,7.14,53.83
24.01,19.35,4.66,8,0,Organic,1500.0,14.1,12.74,35.72
36.2,33.2,3.0,23,4,General,1200.0,87.5,9.9,45.42
94.02,91.1,2.92,0,5,Organic,1000.0,33.9,15.42,100.0
82.09,80.77,1.32,11,5,General,1500.0,119.7,10.7,93.7
70.09,65.21,4.88,3,2,Organic,1200.0,32.5,12.24,80.56
55.78,52.29,3.48,8,4,General,800.0,118.4,12.94,68.49
30.37,28.44,1.93,23,3,General,800.0,21.4,7.11,40.36
32.01,30.34,1.67,23,4,Organic,1000.0,23.3,10.91,45.89
43.2,42.01,1.18,2,1,General,1200.0,76.5,11.64,55.44
46.62,43.44,3.18,4,2,Recyclable,800.0,61.4,6.7,50.32
29.79,26.51,3.27,10,6,Recyclable,1000.0,39.1,14.04,39.96
69.84,69.21,0.64,10,6,Recyclable,800.0,18.5,6.92,75.23
75.69,73.71,1.98,18,6,General,1200.0,29.5,8.24,86.25
37.74,35.42,2.32,10,0,General,1200.0,65.6,13.67,51.74
52.35,49.87,2.48,14,2,Organic,800.0,53.3,14.2,63.36
64.66,62.17,2.48,6,6,General,1500.0,70.2,11.97,77.4
18.24,16.1,2.14,19,1,Recyclable,1000.0,95.6,4.84,21.34
17.96,13.21,4.74,21,4,General,1500.0,52.3,8.69,25.9
12.42,11.94,0.47,2,0,Organic,1200.0,105.5,11.75,25.24
17.8,14.59,3.21,10,4,General,1200.0,41.1,18.1,33.72
20.13,18.87,1.27,8,4,Organic,1000.0,113.6,10.71,28.47
91.54,88.89,2.65,4,3,Organic,1000.0,39.8,8.48,100.0
39.71,35.0,4.72,21,6,General,1000.0,32.5,15.76,57.8
84.07,81.9,2.17,14,3,Recyclable,1500.0,77.7,7.24,91.57
88.4,83.51,4.89,3,1,Organic,1500.0,60.6,17.01,100.0
33.42,30.66,2.76,7,1,General,1000.0,115.0,11.95,49.14
50.97,47.66,3.31,20,3,Recyclable,1200.0,108.1,7.52,58.41
43.0,38.57,4.43,11,0,Recyclable,800.0,88.0,11.53,52.37
28.24,27.45,0.8,19,3,Recyclable,1500.0,42.1,8.24,39.63
42.38,39.45,2.93,13,1,Recyclable,1000.0,84.6,10.71,54.05
33.38,31.87,1.5,2,5,General,800.0,71.9,9.28,42.99
82.76,79.62,3.14,6,1,Organic,1000.0,41.5,15.63,99.73
88.49,85.42,3.07,0,0,Organic,800.0,36.2,15.04,100.0
42.99,41.96,1.03,18,4,Recyclable,800.0,62.7,11.3,54.99
13.49,10.94,2.55,10,0,Recyclable,800.0,31.8,5.94,22.38
74.62,73.74,0.88,10,2,Recyclable,800.0,109.3,11.04,83.32
37.67,33.18,4.49,12,4,Organic,1000.0,104.8,19.81,53.73
75.43,68.12,7.31,6,3,Organic,1000.0,31.4,20.47,97.27
72.6,70.27,2.32,2,4,Recyclable,1500.0,20.4,7.65,81.73
86.62,85.15,1.47,4,6,Recyclable,1200.0,14.5,13.73,100.0
28.75,27.28,1.47,15,2,Organic,1200.0,60.0,8.12,36.51
72.68,69.0,3.68,21,4,General,1500.0,99.9,15.64,87.34
13.33,9.86,3.47,10,5,Recyclable,1200.0,64.7,12.75,29.23
74.62,73.78,0.84,19,5,Recyclable,1000.0,70.0,5.75,79.27
26.96,24.23,2.73,17,0,General,1200.0,105.4,12.05,40.02
66.01,65.3,0.7,16,5,Recyclable,800.0,2.7,15.1,81.16
32.61,32.28,0.33,16,1,Recyclable,1500.0,100.3,4.87,39.86
85.53,81.14,4.39,8,2,Organic,1500.0,82.0,10.82,94.87
94.04,90.48,3.56,3,0,Organic,1000.0,20.1,11.12,100.0
52.25,47.36,4.88,5,4,Recyclable,1000.0,17.1,9.16,60.06
58.28,56.23,2.05,7,3,General,1000.0,35.1,6.96,67.42
49.55,47.14,2.41,3,6,General,1200.0,96.9,9.87,56.84
18.68,18.18,0.49,21,5,Recyclable,1000.0,11.2,6.98,27.33
41.09,38.98,2.11,17,4,Recyclable,1000.0,110.5,4.01,42.77
55.98,50.65,5.33,18,6,Organic,1200.0,102.4,20.03,75.73
81.48,78.55,2.93,21,5,Organic,1200.0,74.9,17.0,100.0
78.99,78.15,0.84,19,0,Recyclable,1500.0,63.2,6.09,88.78
49.61,47.81,1.8,17,5,Recyclable,1500.0,66.1,11.27,59.69
42.32,40.95,1.37,5,3,General,1200.0,83.6,12.18,54.06
48.33,46.08,2.24,8,4,General,1000.0,118.0,13.8,67.39
42.06,39.95,2.11,20,5,General,1200.0,76.5,12.72,50.83
56.68,54.73,1.95,22,2,Recyclable,800.0,75.1,6.09,60.62
43.28,36.96,6.32,4,6,Organic,800.0,115.0,27.73,71.89
16.28,15.02,1.26,16,2,Recyclable,1200.0,79.2,7.94,23.27
57.9,56.34,1.56,8,3,Recyclable,1000.0,16.4,4.32,60.5
11.91,7.9,4.01,23,5,General,800.0,68.0,14.95,23.59
49.79,47.81,1.98,22,5,General,1000.0,92.3,7.87,57.78
92.9,89.43,3.47,16,4,Recyclable,1000.0,38.8,8.4,100.0
13.17,8.02,5.15,19,3,Organic,1000.0,97.1,19.17,33.15
20.71,18.29,2.42,14,2,Organic,800.0,71.4,15.81,33.8
77.53,72.87,4.66,21,6,General,1500.0,36.9,15.85,94.82
13.74,9.88,3.86,3,4,Organic,800.0,88.7,20.89,32.46
27.84,24.81,3.02,22,0,Recyclable,1200.0,44.1,9.32,36.4
60.36,58.37,1.99,14,1,Recyclable,1000.0,30.3,10.12,67.87
26.83,25.09,1.74,21,2,Recyclable,800.0,71.3,7.12,32.13
63.67,61.22,2.44,12,3,Recyclable,1000.0,17.4,9.2,66.76
87.32,83.56,3.76,23,1,Organic,1000.0,52.3,14.48,100.0
39.77,38.21,1.56,12,0,General,1200.0,28.9,16.54,55.23
59.76,59.08,0.68,19,3,Recyclable,1200.0,41.9,6.65,66.27
57.36,52.71,4.65,8,0,Organic,1000.0,94.7,17.05,76.87
26.19,23.76,2.43,11,2,Recyclable,1500.0,34.1,10.56,32.54
82.66,79.93,2.73,18,3,General,1200.0,4.7,15.68,96.95
74.06,71.35,2.71,17,3,General,1500.0,54.8,10.0,85.43
76.35,70.55,5.8,7,6,Organic,800.0,54.8,22.8,99.76
52.65,46.83,5.83,5,2,Organic,800.0,84.4,19.35,71.2
25.04,21.83,3.21,18,3,Recyclable,1500.0,76.0,10.6,33.37
14.73,12.04,2.69,21,3,General,1200.0,99.2,14.89,31.7
70.0,67.34,2.67,23,6,General,800.0,73.1,11.23,80.39
77.44,75.7,1.74,15,5,Recyclable,1500.0,89.6,11.06,90.26
61.1,57.01,4.08,10,4,Organic,1000.0,29.8,20.76,81.74
40.18,36.41,3.77,4,2,Organic,1200.0,63.9,15.41,51.7
15.65,12.45,3.2,23,4,General,800.0,34.4,13.57,28.61
88.75,86.47,2.28,15,3,General,800.0,47.3,14.49,100.0
72.26,69.84,2.42,23,3,Organic,1200.0,36.6,13.89,86.77
39.25,36.43,2.82,0,0,General,1500.0,24.2,7.94,47.42
34.54,27.19,7.35,4,1,Organic,1000.0,27.2,21.54,55.02
86.91,82.97,3.94,18,3,Organic,1200.0,73.1,18.84,100.0
49.33,47.56,1.77,19,4,General,1200.0,50.0,10.17,55.25
90.7,90.07,0.62,2,6,Recyclable,1000.0,88.3,10.3,100.0
80.56,75.02,5.55,12,0,Organic,1200.0,34.4,20.95,100.0
12.12,9.5,2.61,2,4,Recyclable,1000.0,39.6,10.91,24.57
75.48,72.98,2.5,10,0,General,1500.0,86.8,13.9,90.54
62.15,58.16,3.99,15,6,General,800.0,87.9,18.67,80.42
58.22,54.04,4.19,7,4,Organic,1500.0,106.8,21.74,81.44
64.17,59.73,4.44,0,6,Organic,1500.0,4.1,22.31,87.85
86.85,83.62,3.23,8,5,Recyclable,1200.0,100.0,14.66,98.99
50.65,48.77,1.88,5,5,Recyclable,1500.0,68.7,7.62,56.85
80.85,79.14,1.71,12,0,General,1000.0,33.1,14.18,92.21
42.02,40.4,1.62,16,1,General,1000.0,67.6,12.81,57.31
65.43,62.67,2.76,22,3,Recyclable,1000.0,106.3,11.66,76.7
56.17,54.31,1.86,13,1,General,1500.0,106.1,16.79,70.87
67.08,63.45,3.63,22,4,Recyclable,1500.0,95.6,9.44,76.66
86.82,84.69,2.13,22,0,Recyclable,800.0,91.0,5.63,92.01
48.9,47.46,1.44,15,6,General,800.0,76.6,7.27,54.6
56.77,55.11,1.66,5,6,General,1000.0,4.3,7.35,65.72
43.02,38.23,4.79,2,5,Organic,1200.0,93.4,20.93,67.24
69.62,70.06,-0.44,18,4,Recyclable,1500.0,34.5,4.49,75.35
45.06,43.5,1.56,10,4,General,800.0,69.0,9.7,56.74
70.98,67.59,3.39,11,1,Recyclable,800.0,119.1,11.91,82.78
47.86,43.35,4.5,22,6,Recyclable,800.0,81.6,14.87,62.68
52.06,48.24,3.83,5,6,General,1200.0,6.0,14.4,64.3
76.03,71.12,4.91,6,5,Organic,1000.0,81.2,23.63,100.0
59.95,58.75,1.2,18,5,Recyclable,800.0,42.8,5.62,63.67
24.58,21.86,2.73,18,4,Organic,1000.0,72.0,13.1,38.13
94.07,90.82,3.26,4,5,Organic,1500.0,3.6,22.82,100.0
16.85,12.75,4.1,9,0,Organic,800.0,93.7,20.89,37.7
17.03,12.82,4.21,0,5,General,800.0,72.5,15.46,28.7
69.46,67.88,1.58,22,4,Recyclable,800.0,85.3,6.23,76.3
91.08,87.42,3.66,11,0,Organic,1200.0,57.0,16.97,100.0
79.69,73.41,6.28,1,0,Organic,1500.0,84.0,20.58,100.0
88.18,86.59,1.59,13,1,General,1500.0,80.3,8.6,96.63
38.79,33.5,5.29,2,3,Organic,1500.0,84.5,20.38,57.38
15.97,10.01,5.96,15,5,Organic,800.0,65.0,28.19,43.34
92.46,87.39,5.06,13,5,Organic,1500.0,115.3,26.03,100.0
61.44,59.41,2.04,0,1,General,1200.0,97.1,9.06,67.17
46.07,43.62,2.45,19,5,Organic,1500.0,47.9,16.91,65.3
64.93,63.06,1.87,16,6,Recyclable,1200.0,47.3,5.81,69.94
54.85,51.28,3.58,8,4,Organic,800.0,113.1,18.19,73.07
12.83,10.2,2.63,16,2,Recyclable,1000.0,27.6,7.24,19.75
53.31,51.14,2.17,0,2,General,800.0,30.0,12.56,68.89
61.86,60.57,1.3,17,0,Recyclable,1200.0,14.1,4.57,67.15
66.46,64.24,2.21,7,3,Recyclable,800.0,109.3,9.08,77.33
13.29,11.96,1.33,16,3,Recyclable,1200.0,30.8,5.08,18.06
61.83,59.81,2.03,2,0,Organic,1200.0,63.8,8.6,72.8
92.06,88.41,3.64,9,6,Organic,1200.0,20.9,17.14,100.0
66.2,65.62,0.58,12,3,General,1500.0,76.9,8.27,75.56
38.47,37.56,0.9,9,0,Recyclable,1500.0,101.9,4.47,43.03
72.67,71.17,1.5,20,0,Recyclable,800.0,34.8,5.32,77.73
68.83,68.29,0.54,8,1,Organic,800.0,13.1,16.62,87.85
16.63,15.54,1.1,19,1,General,1000.0,59.1,8.12,27.31
65.41,63.39,2.03,10,4,Organic,1500.0,73.5,10.45,76.32
45.21,42.24,2.98,21,4,Recyclable,1500.0,24.8,9.7,56.14
63.21,59.03,4.18,21,4,Organic,800.0,95.6,12.68,74.25
54.7,52.41,2.29,15,4,Organic,1200.0,82.4,9.89,64.17
25.57,22.92,2.64,15,2,General,1000.0,19.3,11.16,38.18
63.2,61.5,1.7,16,0,General,1500.0,75.6,18.5,79.38
31.75,25.17,6.58,0,3,Organic,1500.0,30.5,19.57,48.11
60.34,60.5,-0.15,23,5,Recyclable,800.0,92.7,8.23,71.13
28.08,24.21,3.87,0,3,Organic,1200.0,73.3,12.79,40.6
71.2,68.37,2.82,10,6,Recyclable,1000.0,72.8,11.9,84.29
35.87,33.87,1.99,5,5,Organic,800.0,42.8,10.95,47.74
11.67,8.26,3.4,9,5,General,800.0,86.5,13.7,28.47
13.09,9.3,3.79,19,6,Recyclable,1500.0,28.4,12.38,24.08
33.38,30.29,3.1,9,4,Recyclable,800.0,49.3,10.74,44.18
92.98,89.54,3.44,16,3,Organic,800.0,39.6,11.08,100.0
68.65,65.69,2.96,17,3,General,1500.0,76.3,18.95,84.77
77.98,73.98,4.01,18,5,Recyclable,1500.0,22.0,13.59,90.62
69.49,66.96,2.54,5,2,Organic,1000.0,109.6,11.32,81.57
48.46,44.16,4.3,11,2,General,800.0,90.2,17.25,62.21
34.05,33.02,1.03,15,0,General,1500.0,79.0,7.63,38.28
89.72,87.74,1.98,3,3,General,800.0,39.1,7.45,98.04
47.33,45.34,1.98,23,6,Recyclable,1200.0,34.5,8.54,57.81
24.95,21.63,3.32,4,0,Organic,1200.0,53.3,11.08,35.75
15.72,12.68,3.04,21,6,Organic,800.0,9.5,13.26,30.9
59.41,58.54,0.87,14,1,Recyclable,1500.0,35.9,11.48,68.75
14.41,12.24,2.17,8,5,General,1200.0,34.2,12.43,27.89
39.17,34.15,5.02,12,2,General,1000.0,76.9,15.43,52.17
34.59,32.06,2.53,17,4,Organic,800.0,42.8,12.71,47.89
12.09,11.5,0.6,8,6,General,800.0,18.5,6.3,15.76
89.33,88.53,0.8,15,0,Recyclable,1500.0,77.3,4.99,94.23
31.25,28.34,2.91,23,2,General,1000.0,35.4,13.41,48.35
67.13,63.07,4.06,7,2,Recyclable,1000.0,62.3,11.99,79.63
68.18,66.04,2.14,9,2,Recyclable,1500.0,24.5,7.08,77.76
15.8,11.19,4.61,2,2,Recyclable,1200.0,35.1,10.47,27.36
23.85,21.38,2.48,12,4,Recyclable,800.0,94.1,10.57,37.37
84.82,82.92,1.9,14,6,Recyclable,1000.0,99.2,11.12,95.43
18.86,12.83,6.03,19,2,Organic,1200.0,18.0,15.39,31.54
28.89,25.85,3.04,16,3,Organic,1500.0,92.9,12.84,40.52
29.81,24.7,5.11,20,5,Organic,800.0,81.7,28.45,57.5
57.35,54.74,2.61,2,6,Recyclable,1200.0,82.5,14.51,73.37
94.21,92.05,2.17,8,1,General,1000.0,33.8,9.84,100.0
77.82,73.37,4.45,9,1,Organic,1200.0,70.8,16.21,92.78
43.55,41.36,2.19,10,5,Recyclable,1000.0,39.1,7.66,52.94
75.33,72.46,2.87,4,4,Recyclable,1200.0,103.7,7.78,85.13
38.11,34.66,3.45,4,6,General,800.0,21.6,14.5,52.27
87.8,85.65,2.15,16,4,Organic,800.0,111.2,9.25,100.0
87.08,86.45,0.63,14,2,Recyclable,1200.0,104.9,7.68,92.52
23.39,22.08,1.31,17,3,Recyclable,1200.0,51.2,7.04,28.77
17.76,15.37,2.39,22,5,Organic,1000.0,109.8,22.97,40.2
46.51,44.3,2.21,1,3,General,800.0,32.9,6.71,54.61
78.28,75.49,2.79,5,4,Recyclable,1000.0,74.5,10.56,88.54
54.1,52.73,1.38,8,6,Recyclable,1200.0,45.4,6.33,58.52
24.21,21.24,2.97,20,3,Recyclable,1500.0,67.6,8.11,30.22
44.74,42.16,2.58,12,2,General,1500.0,22.0,9.55,56.15
42.39,38.82,3.57,13,3,General,1500.0,98.6,16.56,60.97
72.73,71.28,1.45,7,3,Recyclable,1200.0,117.4,4.52,75.94
16.76,11.54,5.22,15,4,General,1200.0,15.5,18.12,31.22
11.58,10.36,1.23,18,0,Recyclable,1000.0,15.4,8.04,21.35
45.42,44.53,0.89,2,3,Recyclable,1000.0,46.7,5.73,48.18
82.88,79.92,2.96,4,3,Organic,1000.0,37.9,15.3,98.99
11.79,8.45,3.34,6,6,Recyclable,800.0,73.8,12.56,26.22
38.84,38.48,0.36,17,3,General,1200.0,63.7,7.53,44.49
33.08,31.49,1.58,23,6,Recyclable,1000.0,52.2,11.24,44.96
50.05,46.73,3.32,3,4,Organic,1500.0,23.6,8.39,64.28
76.93,74.56,2.37,5,3,Recyclable,1000.0,90.9,8.23,86.62
36.67,34.23,2.45,13,5,Recyclable,1000.0,114.3,9.28,47.93
62.51,60.13,2.38,14,6,Recyclable,1000.0,29.6,9.4,73.82
72.38,66.77,5.61,4,1,Organic,800.0,96.3,20.04,94.15
28.84,23.65,5.2,17,1,Organic,1200.0,112.3,19.41,44.0
37.2,34.09,3.1,12,6,Recyclable,1000.0,23.6,15.05,54.06
48.69,47.39,1.3,19,3,General,1500.0,90.2,8.88,57.32
33.9,27.33,6.57,11,3,Organic,800.0,96.5,21.72,52.91
62.42,60.23,2.19,13,0,Recyclable,1000.0,107.9,5.3,70.82
41.22,36.81,4.41,6,0,General,1200.0,23.6,14.89,59.34
94.47,92.92,1.54,23,5,Recyclable,800.0,54.5,10.74,100.0
16.78,12.93,3.85,17,6,Organic,800.0,95.0,25.23,38.72
50.56,45.88,4.68,18,3,Organic,1000.0,20.8,18.52,68.43
18.39,17.32,1.06,22,6,Recyclable,1200.0,63.5,5.65,25.86
84.71,82.57,2.14,8,6,General,1000.0,83.6,11.11,93.3
82.22,78.77,3.45,16,4,Organic,1500.0,110.1,15.71,99.75
83.05,81.81,1.24,15,1,Recyclable,1500.0,16.4,5.67,90.6
55.46,53.12,2.34,7,0,Recyclable,800.0,47.7,5.12,64.62
71.78,70.54,1.25,8,1,Recyclable,800.0,46.5,6.38,78.44
89.77,87.07,2.7,17,1,General,800.0,67.8,9.01,100.0
50.56,48.73,1.84,5,5,Recyclable,1200.0,42.8,8.22,59.2
72.04,68.18,3.86,4,5,Organic,800.0,106.3,13.66,84.99
37.83,37.05,0.78,19,6,General,800.0,40.0,11.79,49.35
20.99,19.12,1.87,7,1,Recyclable,1500.0,110.0,10.27,29.54
51.28,47.42,3.86,14,6,General,1500.0,17.6,15.94,66.44
10.88,9.49,1.4,3,4,Recyclable,1500.0,91.3,6.96,15.77
35.12,32.11,3.0,23,3,General,1500.0,29.6,14.95,47.78
37.89,33.85,4.04,6,6,General,1200.0,10.1,14.53,49.77
94.41,88.85,5.56,8,2,General,1000.0,14.8,14.73,100.0
31.72,29.35,2.37,19,0,Organic,1000.0,45.3,8.31,40.04
54.87,50.61,4.26,5,2,Organic,800.0,15.4,20.39,77.25
78.22,75.34,2.88,0,1,Recyclable,800.0,117.9,11.04,88.0
60.82,57.26,3.56,5,3,Organic,1200.0,9.3,14.02,76.51
63.61,59.99,3.62,13,1,Organic,1500.0,20.7,16.24,79.05
76.81,73.3,3.51,18,1,Organic,1200.0,13.1,12.62,89.18
16.3,10.78,5.52,17,1,Organic,1000.0,46.2,20.11,37.8
48.48,43.59,4.89,4,4,Organic,1000.0,16.8,21.85,67.04
37.77,35.19,2.58,19,6,Organic,1000.0,10.3,13.43,52.87
92.57,91.06,1.51,22,4,General,1200.0,13.0,9.17,99.52
63.06,58.87,4.19,9,6,Organic,1200.0,39.3,17.71,80.17
40.04,37.84,2.2,1,0,General,1000.0,60.1,8.17,46.0
37.42,34.37,3.05,21,5,General,1500.0,72.4,14.23,51.94
42.54,41.87,0.67,17,0,Recyclable,800.0,19.1,6.03,49.79
80.77,80.59,0.19,12,2,Recyclable,1200.0,107.1,5.87,85.83
60.58,60.33,0.24,14,1,Organic,1200.0,71.4,8.25,67.35
72.19,66.99,5.2,0,4,Organic,1000.0,103.9,18.33,90.18
55.85,54.53,1.32,6,5,General,800.0,20.7,12.42,66.54
25.86,22.02,3.85,9,1,General,1200.0,17.0,11.01,39.06
78.0,75.02,2.97,2,3,General,1500.0,33.3,7.12,88.46
26.1,21.66,4.44,3,6,General,1000.0,36.7,15.82,39.04
30.48,26.81,3.67,8,1,Organic,1200.0,116.3,18.82,50.74
60.91,58.49,2.42,5,1,Recyclable,800.0,61.9,4.05,62.84
28.9,26.42,2.49,23,0,Organic,1000.0,41.2,11.84,39.6
93.39,89.49,3.9,14,3,Organic,1200.0,119.0,16.04,100.0
12.66,9.85,2.81,20,6,Recyclable,1200.0,13.7,12.72,26.73
57.26,56.17,1.09,18,2,Organic,1000.0,119.2,9.22,68.28
29.94,29.39,0.54,2,6,Recyclable,1500.0,97.4,5.64,34.83
48.76,47.25,1.51,8,4,General,1200.0,37.1,8.73,56.77
39.57,37.17,2.4,20,6,Organic,1200.0,57.2,17.02,53.1
24.0,22.05,1.95,22,1,Recyclable,1200.0,32.3,9.73,33.88
52.64,50.16,2.49,16,6,Organic,800.0,20.4,15.34,69.85
89.74,89.87,-0.13,3,0,Recyclable,1000.0,38.6,5.91,99.22
46.92,42.21,4.71,18,4,Organic,1200.0,72.0,12.37,61.34
47.0,43.95,3.04,12,5,General,800.0,41.7,12.83,56.99
39.69,38.62,1.07,23,0,Recyclable,800.0,22.6,5.71,46.26
49.51,46.8,2.72,21,3,Organic,800.0,78.5,10.46,60.16
35.03,35.63,-0.6,19,2,General,1500.0,92.6,7.52,40.19
44.37,42.8,1.57,19,3,General,800.0,67.1,12.12,55.18
23.04,20.72,2.33,7,3,Recyclable,1500.0,14.1,8.72,31.61
20.2,16.46,3.73,12,1,General,1000.0,25.9,9.91,33.23
90.8,86.37,4.43,15,0,Organic,1200.0,45.8,13.44,100.0
13.39,10.51,2.88,17,0,General,800.0,103.7,12.45,25.4
68.51,64.9,3.61,19,6,Recyclable,1000.0,21.7,14.64,85.34
41.14,38.39,2.75,6,3,General,1000.0,14.9,10.9,55.92
52.74,49.6,3.14,21,3,Organic,1000.0,24.0,13.53,64.81
76.2,72.77,3.42,4,1,Organic,800.0,97.4,16.21,91.27
52.37,50.8,1.57,13,4,Recyclable,1000.0,73.1,8.46,58.63
36.77,32.68,4.08,15,6,General,1200.0,4.5,18.31,53.26
36.51,35.27,1.24,7,2,General,1200.0,53.8,8.16,43.54
13.45,9.3,4.16,22,4,Organic,800.0,29.4,13.22,27.23
36.13,31.83,4.3,16,4,Organic,1500.0,100.9,17.02,55.72
69.47,68.12,1.35,3,2,Organic,1000.0,104.1,9.09,77.75
58.09,57.62,0.47,12,1,General,1000.0,52.0,8.83,67.3
40.91,36.42,4.49,13,2,Organic,1000.0,5.2,16.81,60.08
51.18,47.48,3.71,5,5,Organic,1200.0,108.2,26.58,79.65
70.02,68.0,2.02,9,0,Recyclable,800.0,63.2,10.09,81.46
63.77,59.8,3.97,16,4,General,1500.0,99.5,17.14,83.04
81.41,78.81,2.6,12,3,Recyclable,1500.0,64.6,7.42,86.09
69.13,66.58,2.55,13,5,General,800.0,110.3,14.52,82.76
85.03,81.59,3.45,14,0,Recyclable,1500.0,13.9,8.98,93.89
92.34,91.88,0.46,1,5,Recyclable,1000.0,25.8,9.42,99.68
53.91,49.6,4.3,11,5,Recyclable,1500.0,6.3,10.41,66.01
70.13,69.32,0.8,7,3,Recyclable,1500.0,116.9,6.6,74.41
28.05,23.71,4.34,14,2,General,1000.0,16.8,10.96,42.3
85.13,82.62,2.51,14,2,Organic,1000.0,104.9,10.91,93.2
49.08,47.32,1.77,19,3,Organic,800.0,87.6,9.95,57.27
57.43,54.97,2.46,8,2,Organic,1200.0,23.7,9.1,64.49
68.28,63.47,4.81,14,0,General,800.0,96.5,16.43,82.1
11.22,7.47,3.75,10,6,Organic,1000.0,19.0,24.6,36.83
64.68,62.95,1.74,20,6,Recyclable,1500.0,65.9,8.84,73.61
73.65,68.33,5.32,6,6,Organic,1500.0,8.7,18.33,93.04
74.93,70.68,4.25,21,0,General,800.0,39.0,11.15,90.34
77.26,73.16,4.1,14,6,General,1000.0,41.3,18.05,96.71
87.72,87.32,0.4,9,0,Recyclable,1500.0,13.6,4.37,91.09
77.42,73.24,4.17,17,2,Organic,800.0,29.6,18.14,97.66
63.75,61.73,2.02,13,3,Organic,800.0,52.4,11.11,75.19
37.13,34.3,2.83,12,4,Organic,1500.0,113.6,14.03,47.96
76.47,73.68,2.78,21,0,General,1200.0,90.0,9.6,83.25
16.79,14.2,2.59,3,5,Recyclable,800.0,56.3,15.33,32.79
64.38,62.62,1.77,10,1,General,800.0,39.3,10.56,71.99
57.99,53.99,4.0,20,4,Organic,1500.0,111.0,17.28,72.39
83.95,82.22,1.73,7,5,General,1000.0,101.4,7.27,93.98
38.5,34.48,4.02,21,3,General,800.0,86.7,14.79,57.29
29.98,25.53,4.45,2,5,Organic,1500.0,80.0,17.53,44.18
85.93,82.89,3.04,6,1,General,1500.0,30.3,6.6,90.8
55.03,52.13,2.91,0,0,Organic,1200.0,31.8,13.97,68.72
57.02,56.26,0.76,6,4,Recyclable,800.0,53.4,6.83,63.61
85.38,83.44,1.94,12,4,Organic,800.0,71.5,10.35,96.48
24.03,21.25,2.78,6,6,General,1200.0,46.6,9.31,31.84
64.42,61.35,3.07,17,5,Organic,1200.0,51.1,24.04,89.97
10.26,7.42,2.85,20,6,General,800.0,66.8,12.94,24.85
80.81,76.43,4.38,11,6,General,800.0,86.6,18.78,95.59
49.23,45.38,3.85,15,2,Organic,1500.0,34.1,13.38,60.62
56.49,51.96,4.52,8,5,General,800.0,96.3,12.06,67.67
14.61,11.45,3.17,0,2,General,1200.0,20.0,15.33,27.78
51.2,50.06,1.14,15,3,Recyclable,1000.0,52.0,8.47,62.3
60.0,56.98,3.03,0,5,Recyclable,800.0,58.7,12.58,72.0
69.31,64.43,4.88,3,1,Organic,1500.0,56.8,16.4,84.87
17.1,16.19,0.9,6,5,General,800.0,93.6,6.25,23.7
36.55,34.89,1.66,7,2,Recyclable,800.0,114.8,11.84,52.01
16.64,14.47,2.17,21,4,Organic,1500.0,10.2,8.4,26.85
29.97,27.12,2.85,11,5,Recyclable,1200.0,54.4,10.98,36.9
10.59,8.26,2.33,7,2,Organic,1000.0,61.4,13.42,26.48
42.73,37.48,5.24,2,6,Organic,1500.0,117.0,26.04,67.54
11.18,5.52,5.66,0,3,Organic,1500.0,88.2,21.6,32.63
84.11,80.78,3.33,23,2,General,800.0,91.8,12.8,95.4
37.42,31.95,5.47,18,1,General,1500.0,30.8,16.31,53.61
39.39,38.36,1.03,18,3,Recyclable,1500.0,52.4,9.51,49.25
68.22,65.24,2.98,2,1,Organic,1200.0,103.6,14.51,85.08
64.06,62.76,1.29,1,3,Recyclable,1200.0,3.0,7.59,69.04
34.93,31.54,3.4,9,3,Organic,800.0,82.6,10.48,44.33
36.4,33.65,2.75,4,5,Organic,1500.0,97.1,10.95,52.04
51.47,51.84,-0.37,8,4,Recyclable,1200.0,43.2,7.15,57.69
52.24,48.8,3.44,14,5,Organic,1200.0,2.3,22.43,74.55
41.8,37.9,3.9,19,4,Recyclable,1500.0,66.0,11.69,52.14
23.55,18.13,5.42,8,6,Organic,1200.0,40.8,26.76,47.4
23.72,18.11,5.61,5,5,General,1500.0,20.5,15.32,39.51
83.44,82.19,1.25,11,5,Recyclable,1200.0,69.2,13.8,98.4
39.76,38.66,1.11,5,0,Recyclable,1200.0,75.6,4.59,47.06
20.56,17.55,3.01,14,3,Organic,1000.0,84.5,11.62,28.16
32.61,30.1,2.5,23,1,Recyclable,1000.0,106.9,10.62,43.53
32.14,27.87,4.27,20,2,Organic,1200.0,95.0,13.84,42.57
68.92,67.38,1.54,6,5,Recyclable,1000.0,71.5,7.99,76.13
17.46,13.0,4.46,10,3,Recyclable,1500.0,56.2,11.42,30.19
76.82,76.64,0.18,21,3,Recyclable,1200.0,40.2,4.72,81.75
30.93,27.08,3.84,7,4,General,800.0,28.6,10.46,42.21
55.42,51.7,3.72,7,3,General,1000.0,17.9,14.97,69.13
22.28,19.15,3.12,22,4,Recyclable,1500.0,76.8,9.13,28.67
28.03,22.22,5.81,10,3,General,1000.0,36.7,17.68,46.53
20.7,16.49,4.21,9,2,General,1200.0,65.8,9.52,29.78
91.45,88.77,2.67,16,3,General,1000.0,107.1,12.39,100.0
35.19,31.42,3.77,9,1,Organic,800.0,119.5,14.37,47.91
73.67,71.89,1.78,5,0,Organic,1200.0,15.3,15.53,86.46
70.63,68.43,2.2,13,3,Recyclable,1200.0,7.0,8.86,76.75
73.24,69.98,3.26,7,1,Organic,800.0,72.1,10.1,84.04
68.43,65.58,2.85,1,5,General,1000.0,51.8,7.65,77.53
27.55,24.1,3.45,0,5,General,1000.0,2.4,11.27,40.71
16.62,11.98,4.63,19,3,General,800.0,107.8,14.43,31.42
67.31,64.93,2.37,21,0,Recyclable,800.0,78.3,6.06,73.56
79.45,74.7,4.75,19,6,Organic,1500.0,44.3,21.51,100.0
94.36,89.11,5.25,0,5,Organic,1000.0,5.5,25.21,100.0
54.92,52.98,1.95,10,1,Recyclable,1200.0,40.7,10.86,61.67
66.45,62.24,4.21,18,3,Organic,1000.0,114.9,20.35,86.8
41.44,38.73,2.72,20,6,Recyclable,1200.0,64.8,5.49,47.51
94.2,92.79,1.41,18,0,Organic,800.0,73.5,9.59,100.0
47.3,41.74,5.55,18,1,Organic,1000.0,52.6,18.44,68.49
82.58,79.84,2.73,11,3,General,1000.0,89.1,11.63,96.46
66.21,65.05,1.16,9,1,General,1500.0,72.9,6.88,74.54
59.3,57.51,1.79,9,6,General,1200.0,113.4,12.22,73.14
48.25,43.86,4.4,15,6,Organic,800.0,44.4,18.28,66.22
60.76,57.59,3.17,13,2,General,800.0,105.7,7.92,67.02
21.07,19.11,1.96,10,4,Recyclable,800.0,103.6,9.16,33.52
70.82,67.37,3.45,7,0,General,1200.0,65.5,9.35,77.88
37.22,35.92,1.3,23,4,Recyclable,800.0,94.6,6.74,38.78
50.21,43.19,7.02,19,5,Organic,1200.0,23.0,26.96,77.44
34.34,32.27,2.07,18,4,Organic,1200.0,67.3,10.34,46.31
81.38,79.57,1.81,19,2,General,800.0,76.7,9.95,91.86
55.73,54.68,1.05,11,1,Recyclable,1500.0,105.2,8.33,65.44
89.48,85.39,4.09,17,4,Organic,1200.0,26.2,11.01,100.0
42.57,38.73,3.84,15,1,Organic,1500.0,53.9,12.46,57.3
12.19,9.29,2.9,6,3,Recyclable,1500.0,93.0,7.78,18.2
78.33,76.08,2.24,1,6,General,1200.0,85.0,6.14,85.14
54.07,54.19,-0.12,1,3,Recyclable,1500.0,87.4,5.3,61.58
68.76,66.31,2.45,10,4,Organic,1200.0,39.4,15.18,83.9
65.79,62.2,3.59,1,6,General,1500.0,33.2,14.24,78.21
83.06,79.28,3.78,2,5,Recyclable,1500.0,73.3,13.36,94.68
26.83,25.65,1.18,10,5,Recyclable,1000.0,51.4,8.53,36.76
22.37,19.36,3.01,7,2,Recyclable,1000.0,58.8,10.45,28.39
38.12,37.45,0.68,3,5,General,1000.0,84.5,8.83,47.86
77.07,74.43,2.64,4,6,Organic,1000.0,60.1,18.48,96.36
67.24,62.96,4.29,8,5,Organic,1000.0,61.9,16.05,85.94
55.18,52.87,2.31,12,3,Organic,800.0,116.1,13.76,66.85
31.39,27.67,3.72,14,4,Recyclable,1000.0,98.9,11.17,39.9
60.8,56.09,4.71,6,6,General,1200.0,61.9,14.95,76.26
35.27,31.34,3.93,1,0,General,800.0,47.2,11.08,48.11
86.63,82.65,3.98,16,6,General,1200.0,15.6,18.68,100.0
62.85,58.94,3.91,14,3,General,1500.0,57.6,14.03,74.26
60.48,58.48,2.0,4,5,Organic,800.0,14.6,17.45,74.93
92.15,88.81,3.34,5,0,General,1500.0,12.0,9.87,100.0
54.53,51.98,2.55,2,5,General,1200.0,60.2,9.18,65.84
38.29,36.09,2.2,21,1,General,800.0,111.4,14.51,54.65
32.93,30.92,2.0,7,4,Organic,1500.0,66.8,12.63,44.91
78.95,75.24,3.71,13,4,General,1200.0,118.4,14.72,95.43
65.3,61.11,4.19,15,6,Organic,1200.0,93.2,26.71,90.14
27.84,29.31,-1.48,20,4,Recyclable,800.0,50.2,4.45,30.29
13.98,11.89,2.09,16,1,General,1200.0,61.4,12.33,25.27
79.85,75.65,4.2,0,1,Organic,1000.0,35.5,19.52,99.77
32.18,25.45,6.73,18,2,Organic,800.0,100.0,20.9,53.59
60.03,57.86,2.17,14,5,Recyclable,1000.0,2.5,11.91,71.54
32.55,28.19,4.35,16,1,General,1000.0,83.5,14.97,49.97
81.58,77.31,4.28,0,3,Organic,1000.0,36.9,16.16,98.1
81.23,77.19,4.05,18,6,Organic,1000.0,58.9,17.71,99.79
67.59,64.6,2.99,21,4,General,800.0,87.7,13.09,78.62
82.33,79.3,3.04,9,4,Organic,800.0,86.3,13.07,95.96
72.07,68.84,3.23,22,3,Organic,1200.0,23.8,11.39,86.62
90.52,90.6,-0.08,19,2,Recyclable,1500.0,63.6,7.9,98.27
88.34,87.24,1.1,20,5,Recyclable,1500.0,111.7,7.91,95.38
80.46,76.6,3.86,18,0,Organic,800.0,2.4,12.45,91.18
12.94,9.4,3.54,5,0,General,1200.0,5.6,13.84,27.89
73.83,68.28,5.55,6,4,Organic,1000.0,23.9,17.94,92.83
91.43,91.32,0.11,11,2,Recyclable,1000.0,41.0,8.93,99.07
20.57,16.25,4.32,17,4,General,1500.0,61.9,18.81,41.56
23.73,22.76,0.97,7,2,Recyclable,1000.0,85.1,7.66,31.27
78.13,75.27,2.86,7,0,General,1500.0,62.6,11.55,93.09
37.48,35.18,2.3,16,6,Recyclable,1500.0,102.5,7.92,44.63
73.7,68.55,5.15,11,3,General,800.0,43.7,17.52,88.35
36.69,30.01,6.68,9,4,Organic,1200.0,34.9,19.6,56.72
36.89,34.95,1.93,19,3,Recyclable,1500.0,112.8,7.29,43.91
48.85,44.24,4.62,3,0,Organic,1200.0,61.9,17.53,64.6
17.5,16.81,0.69,7,6,Recyclable,1500.0,33.0,5.8,21.82
44.67,41.51,3.16,20,6,Recyclable,1000.0,54.6,14.71,58.48
38.59,35.02,3.57,5,0,General,800.0,96.9,10.38,50.58
47.72,43.59,4.12,4,0,Organic,1500.0,76.6,9.84,55.67
10.71,9.01,1.71,16,0,Recyclable,1000.0,88.7,6.84,20.12
50.39,48.45,1.94,22,5,Recyclable,1000.0,96.0,6.98,54.84
75.77,71.91,3.86,19,5,General,800.0,30.7,7.01,82.68
43.48,41.63,1.85,14,4,Recyclable,1200.0,116.0,5.46,46.84
47.74,45.46,2.28,21,3,Organic,800.0,66.7,16.47,66.19
49.03,47.37,1.66,15,6,General,1000.0,89.3,13.08,60.82
65.79,64.99,0.81,18,5,Recyclable,1000.0,3.5,7.69,73.29
53.56,53.47,0.09,21,6,General,1500.0,79.2,6.29,59.37
43.93,42.42,1.51,9,0,Recyclable,1200.0,100.6,5.5,48.41
22.34,20.09,2.25,18,6,Recyclable,800.0,11.8,6.42,32.13
78.81,78.47,0.34,14,2,Recyclable,1000.0,88.8,6.81,83.6
15.25,10.92,4.33,15,2,General,1500.0,11.6,14.75,32.12
82.37,79.66,2.71,13,3,General,1500.0,14.0,10.69,94.41
44.39,41.79,2.6,14,0,General,1000.0,111.8,15.68,57.41
49.21,46.37,2.85,13,6,Organic,800.0,99.1,15.71,64.94
80.37,76.97,3.4,18,4,General,1000.0,54.2,14.57,93.75
11.65,7.56,4.09,18,4,Organic,1200.0,49.3,18.47,30.03
56.38,53.31,3.06,16,2,General,1200.0,41.5,9.26,67.79
68.25,64.04,4.21,17,0,Organic,1000.0,17.8,18.01,84.81
68.16,66.38,1.78,16,2,General,1500.0,75.8,7.87,79.17
37.23,32.6,4.63,18,3,Organic,1200.0,22.7,18.83,56.61
38.34,35.58,2.77,22,2,Recyclable,1200.0,20.5,10.91,48.23
75.24,73.12,2.12,4,2,Recyclable,1500.0,61.0,10.4,84.42
38.03,34.83,3.19,10,1,General,1200.0,76.4,15.34,53.93
71.88,69.8,2.08,5,6,Recyclable,1200.0,106.5,11.72,82.81
13.66,10.35,3.31,21,2,Recyclable,1200.0,18.2,10.54,23.93
41.35,37.23,4.13,9,1,Organic,1000.0,100.7,10.0,52.18
48.34,44.16,4.18,1,4,Organic,1000.0,4.4,12.42,60.78
86.71,83.86,2.85,11,5,General,1000.0,25.7,14.36,100.0
59.14,54.98,4.16,23,6,General,1500.0,101.1,15.65,74.29
14.27,12.62,1.65,23,1,Recyclable,1000.0,91.0,4.93,14.26
61.16,58.82,2.34,16,0,Recyclable,1200.0,78.5,4.8,66.32
45.62,43.24,2.39,23,4,General,800.0,64.5,8.72,54.59
50.56,45.57,4.99,23,4,Organic,800.0,66.5,19.16,69.38
78.8,75.07,3.74,18,1,General,1000.0,106.9,18.48,96.89
83.61,81.25,2.36,4,4,General,1000.0,114.2,10.96,95.51
20.4,18.88,1.52,18,3,Recyclable,1500.0,36.6,8.19,27.53
31.64,28.46,3.18,17,4,Recyclable,1000.0,58.0,10.0,40.47
83.14,78.65,4.49,4,6,Organic,1000.0,102.3,27.9,100.0
40.14,37.48,2.66,17,2,Organic,1500.0,50.9,14.94,59.14
13.41,10.57,2.84,4,2,Recyclable,1500.0,23.5,5.93,22.64
73.88,71.19,2.7,1,5,General,800.0,49.0,12.77,84.33
84.84,82.05,2.79,12,5,General,1200.0,55.5,18.81,100.0
86.86,85.94,0.92,10,6,Recyclable,1200.0,75.3,9.68,97.4
80.12,76.4,3.72,17,5,General,1500.0,36.0,15.14,95.31
11.2,9.15,2.06,20,2,General,1000.0,49.6,14.22,26.25
56.47,54.71,1.76,17,4,Organic,1000.0,76.4,8.31,68.3
55.92,51.11,4.81,23,4,Organic,1000.0,8.1,15.1,77.34
54.18,53.43,0.76,9,1,Recyclable,1500.0,73.5,7.86,62.23
64.34,61.65,2.69,8,4,Organic,1000.0,59.6,10.12,73.22
58.79,56.51,2.27,5,2,Organic,800.0,54.0,16.53,73.66
52.94,49.7,3.25,18,4,Recyclable,1500.0,30.3,10.97,65.31
61.52,59.62,1.91,22,6,Organic,800.0,38.8,10.98,70.18
51.88,49.49,2.4,5,5,General,800.0,99.7,14.45,65.59
33.98,32.7,1.28,4,0,Organic,800.0,102.3,9.26,41.91
23.37,19.95,3.42,19,0,Organic,1000.0,66.8,12.09,35.66
78.23,76.9,1.33,21,5,Recyclable,1500.0,116.7,8.54,87.08
66.55,63.33,3.22,10,1,Recyclable,1000.0,93.9,10.22,78.79
37.76,35.52,2.24,6,5,General,1200.0,31.7,9.62,50.24
88.48,87.2,1.28,5,1,General,1000.0,62.2,11.59,93.42
68.87,65.5,3.36,12,6,Recyclable,1000.0,18.8,12.17,80.95
25.21,22.68,2.53,9,3,Recyclable,1000.0,4.0,9.71,34.64
68.41,63.88,4.53,21,1,General,800.0,63.4,13.6,77.97
28.17,25.47,2.7,0,1,Recyclable,800.0,95.2,9.75,37.91
34.83,32.21,2.62,4,5,Organic,1000.0,27.8,16.9,52.16
62.65,61.36,1.29,8,2,General,1000.0,100.1,12.91,73.55
66.46,59.92,6.54,17,4,Organic,1200.0,2.9,21.02,86.24
61.02,59.21,1.81,8,1,Recyclable,800.0,70.0,5.84,68.97
90.95,88.88,2.07,11,6,General,1200.0,66.0,14.01,100.0
15.12,11.57,3.56,2,4,General,800.0,14.7,13.01,29.55
63.01,61.31,1.7,11,2,General,800.0,92.1,10.62,74.95
76.62,73.98,2.64,1,1,Organic,1000.0,59.0,12.97,89.22
58.96,58.12,0.84,2,3,Recyclable,1000.0,115.0,10.42,69.41
18.51,15.48,3.02,8,2,Recyclable,1200.0,47.4,5.81,28.29
69.15,68.44,0.71,5,6,Recyclable,800.0,88.6,6.32,73.63
49.59,47.25,2.34,15,6,Organic,800.0,56.6,21.2,71.77
36.31,35.98,0.33,13,1,Recyclable,800.0,119.0,7.39,44.2
80.73,79.81,0.92,12,4,Recyclable,1000.0,88.9,7.54,85.3
15.26,14.7,0.55,16,4,Recyclable,800.0,35.7,4.53,15.66
52.36,49.66,2.7,11,5,General,1200.0,77.5,11.49,65.39
36.35,33.4,2.95,15,6,General,1000.0,46.4,11.45,49.26
52.6,49.61,2.99,9,2,General,1500.0,115.6,8.69,61.47
89.17,87.33,1.84,1,4,Recyclable,1000.0,77.8,5.7,97.1
34.25,29.47,4.77,11,0,General,800.0,115.7,11.3,42.55
72.68,69.79,2.9,16,2,Recyclable,1500.0,94.4,7.97,80.29
27.08,25.28,1.8,9,6,Recyclable,1500.0,71.9,9.81,36.04
58.52,58.7,-0.19,17,2,Recyclable,1000.0,12.5,5.21,64.09
27.45,27.17,0.28,3,1,General,1500.0,43.6,7.66,34.87
23.02,18.27,4.76,8,6,Organic,1500.0,29.6,24.74,48.35
80.29,76.75,3.54,11,3,General,1500.0,38.9,14.17,94.1
65.99,62.88,3.11,1,5,Recyclable,1500.0,99.5,14.89,81.78
23.53,21.36,2.17,22,0,General,1200.0,101.6,10.58,34.15
22.86,23.01,-0.15,19,0,Recyclable,800.0,106.3,8.68,28.21
84.25,81.63,2.62,7,1,Recyclable,1500.0,54.4,6.62,89.25
60.75,58.88,1.88,6,0,General,800.0,78.9,13.97,77.12
14.37,13.16,1.21,13,1,Recyclable,1000.0,102.4,5.44,18.14
27.21,26.13,1.08,11,4,Recyclable,1000.0,72.2,6.91,32.19
25.85,24.89,0.95,10,0,Recyclable,800.0,10.9,6.19,32.56
44.36,42.95,1.4,8,5,Recyclable,1500.0,3.8,6.87,50.58
93.74,89.52,4.21,14,5,Organic,1000.0,63.1,21.44,100.0
52.53,48.38,4.15,10,0,Organic,1200.0,85.5,17.69,70.75
54.49,52.88,1.61,16,3,Recyclable,1000.0,89.9,5.27,58.02
55.97,54.46,1.5,9,3,General,800.0,103.3,6.86,60.4
50.93,47.63,3.3,14,4,General,1500.0,103.5,16.47,64.52
43.44,41.78,1.66,22,2,Recyclable,1200.0,114.2,5.97,49.48
79.75,74.37,5.37,8,1,Organic,1000.0,30.9,18.84,99.61
16.71,14.47,2.24,2,6,Recyclable,1200.0,88.1,7.53,21.47
32.38,29.14,3.23,18,4,Organic,1200.0,72.9,12.3,44.71
68.12,65.17,2.96,12,4,Organic,1000.0,36.6,11.38,78.85
53.76,50.77,2.99,2,3,Recyclable,1500.0,76.2,8.15,58.62
10.35,4.85,5.5,1,6,Organic,1200.0,93.6,27.79,39.38
51.8,49.3,2.5,23,5,General,1000.0,22.2,8.26,56.12
38.46,34.15,4.31,0,4,Organic,800.0,78.8,19.46,56.56
85.84,83.3,2.54,19,0,Organic,800.0,16.1,10.2,98.72
23.86,19.87,3.99,18,0,Recyclable,800.0,87.6,11.14,34.58
50.04,48.37,1.67,16,2,Organic,1000.0,112.2,10.5,59.92
86.9,84.09,2.8,18,3,General,1200.0,19.3,15.78,100.0
82.93,80.49,2.44,9,2,General,800.0,20.0,9.36,96.53
78.48,76.84,1.64,22,2,General,1000.0,13.3,7.95,86.66
38.51,33.45,5.06,3,1,Organic,1200.0,97.6,19.85,54.97
74.22,73.19,1.03,21,2,Recyclable,1500.0,15.0,4.79,77.19
44.34,43.42,0.92,18,2,Organic,1000.0,59.5,11.77,51.12
13.61,9.91,3.7,18,2,Organic,800.0,32.4,14.4,26.38
73.83,70.36,3.47,1,6,General,1500.0,114.7,6.49,82.08
36.53,32.48,4.05,23,4,General,800.0,36.6,13.65,47.87
92.06,88.4,3.67,18,3,Organic,1200.0,66.5,14.9,100.0
65.28,60.49,4.79,20,2,General,800.0,91.9,9.93,77.55
11.9,8.58,3.32,2,1,Recyclable,800.0,16.7,10.33,22.35
18.79,15.6,3.19,19,3,Organic,1000.0,69.4,14.46,31.42
56.88,54.0,2.89,3,0,General,1000.0,9.0,13.77,69.13
54.74,53.29,1.45,0,1,General,800.0,92.9,13.11,67.13
41.53,37.46,4.07,2,0,Organic,1200.0,60.6,16.63,57.71
79.73,77.46,2.27,13,2,Organic,1000.0,34.8,11.61,92.65
58.9,58.55,0.35,6,0,Recyclable,1500.0,27.4,5.94,60.63
89.35,86.44,2.9,2,0,General,800.0,75.8,12.48,100.0
14.82,11.67,3.15,22,3,General,1000.0,15.0,12.87,26.17
32.26,29.51,2.75,11,1,Recyclable,800.0,55.0,10.2,42.72
30.39,24.91,5.49,2,1,Organic,1000.0,83.6,18.99,49.23
20.44,15.67,4.77,6,1,Organic,1000.0,22.0,11.68,30.86
78.86,74.63,4.23,2,1,General,800.0,106.0,15.72,97.42
41.77,39.67,2.1,13,3,General,1500.0,8.0,16.26,58.63
37.42,35.09,2.33,14,0,General,800.0,60.8,11.42,44.67
38.31,37.27,1.04,16,4,Recyclable,800.0,75.9,5.88,43.47
93.78,89.88,3.89,15,5,General,1200.0,64.7,13.6,100.0
36.48,32.64,3.85,3,6,General,1000.0,109.6,15.02,49.47
40.25,37.99,2.26,8,6,General,1200.0,95.5,11.47,51.28
24.77,19.61,5.16,2,2,Organic,1500.0,9.5,18.51,41.09
34.09,29.21,4.88,1,6,Organic,800.0,80.5,11.82,43.24
71.6,68.18,3.42,19,4,General,1000.0,19.4,12.1,85.91
14.09,10.0,4.09,16,6,General,1200.0,94.9,13.15,27.65
70.72,67.92,2.8,15,1,Recyclable,1200.0,58.8,11.78,80.31
68.29,64.88,3.41,10,6,Recyclable,1200.0,75.5,9.08,76.16
39.12,36.36,2.76,9,3,Organic,1000.0,53.5,15.13,52.46
39.3,38.34,0.96,9,3,General,1000.0,96.7,6.78,46.33
55.06,53.08,1.98,18,6,Recyclable,1500.0,18.0,7.59,65.42
75.13,73.74,1.39,7,4,General,1200.0,38.7,6.8,82.68
65.18,63.97,1.21,17,3,Recyclable,1200.0,74.2,6.92,71.57
74.02,73.27,0.75,11,3,General,1200.0,69.7,7.49,81.1
35.65,32.67,2.98,15,2,General,800.0,93.4,10.5,45.56
69.91,67.24,2.67,10,1,Recyclable,1500.0,57.1,10.79,80.49
80.43,78.16,2.28,16,5,Recyclable,1200.0,71.4,14.34,96.75
67.6,65.21,2.39,11,6,General,1000.0,106.8,7.71,74.82
70.33,67.45,2.88,8,1,General,800.0,72.2,13.16,80.89
47.88,45.84,2.04,13,4,General,1000.0,42.4,10.12,58.6
28.57,24.72,3.85,0,3,Organic,1200.0,45.8,17.48,44.27
17.97,16.44,1.54,12,5,General,1000.0,74.1,12.95,31.43
48.17,46.26,1.91,20,0,Organic,800.0,89.7,10.25,56.25
43.97,40.46,3.51,15,3,Recyclable,800.0,48.0,10.77,52.28
74.86,71.26,3.6,0,5,Organic,800.0,65.1,16.71,89.69
42.87,39.32,3.55,8,3,Organic,1000.0,20.2,12.7,55.31
20.89,17.62,3.27,23,0,Organic,1500.0,16.6,18.14,40.91
30.98,27.83,3.15,21,0,Organic,1200.0,21.9,10.14,41.22
66.25,65.01,1.24,9,4,General,1500.0,89.0,9.33,77.95
62.23,60.05,2.18,23,6,Recyclable,1500.0,27.0,7.38,67.64
27.52,25.16,2.36,21,3,Organic,1000.0,100.9,15.34,44.97
39.13,36.17,2.96,22,4,General,1200.0,91.2,15.96,56.84
75.24,72.45,2.79,0,6,Recyclable,1000.0,79.2,13.23,86.82
85.95,82.4,3.55,20,6,Recyclable,1500.0,55.7,12.06,94.48
41.97,36.95,5.02,5,3,General,1200.0,57.8,13.71,55.31
66.31,65.04,1.27,17,3,Recyclable,800.0,16.3,4.5,70.52
35.69,32.54,3.15,10,5,Organic,1200.0,60.0,17.15,51.44
45.07,41.5,3.57,21,1,General,1000.0,105.7,10.17,53.82
32.62,30.74,1.89,13,6,General,800.0,76.4,10.23,41.83
72.6,70.19,2.41,5,3,Recyclable,800.0,80.8,11.94,83.15
35.51,32.96,2.55,5,2,Recyclable,1000.0,89.5,6.37,41.06
53.02,50.87,2.14,16,1,Recyclable,1200.0,99.6,9.09,60.74
28.05,25.49,2.56,18,2,Organic,800.0,83.8,8.59,37.28
35.96,32.5,3.46,23,6,General,1000.0,14.5,13.57,50.76
28.69,26.25,2.44,0,3,Recyclable,1500.0,3.3,9.63,38.62
35.74,32.03,3.71,3,3,General,1500.0,99.4,11.12,47.09
12.95,8.26,4.69,20,3,Organic,1200.0,101.3,21.96,34.4
77.91,77.29,0.62,1,1,General,1200.0,67.5,6.72,84.78
16.97,13.36,3.61,17,5,General,1000.0,16.5,14.04,29.98
13.09,13.3,-0.21,12,5,Recyclable,800.0,60.5,5.73,21.0
70.38,66.44,3.93,0,2,Organic,1000.0,81.7,16.12,86.63
87.26,82.51,4.75,9,4,General,1500.0,111.0,14.47,99.66
55.48,53.14,2.34,4,3,Organic,1500.0,86.2,10.49,65.58
57.23,54.61,2.62,14,5,General,1200.0,113.3,16.99,70.95
29.19,26.52,2.67,3,4,Recyclable,1000.0,85.5,6.31,37.12
12.2,8.07,4.13,4,1,Organic,1200.0,9.5,12.26,25.0
41.79,41.23,0.56,23,4,Recyclable,1200.0,32.8,6.66,49.22
78.94,75.67,3.27,19,4,Organic,800.0,59.1,9.81,87.29
50.39,45.54,4.84,16,6,Organic,800.0,46.6,22.28,69.65
54.2,51.62,2.58,16,2,Recyclable,1500.0,46.4,8.64,67.25
46.56,45.22,1.34,21,3,General,1000.0,10.4,9.57,58.96
65.54,63.88,1.67,4,5,Organic,1000.0,99.5,12.79,74.93
56.16,52.97,3.19,22,0,General,1000.0,73.0,13.02,68.21
38.2,33.52,4.68,18,5,Recyclable,1200.0,4.3,10.58,44.28
25.2,22.24,2.95,15,3,Organic,800.0,108.2,20.1,46.43
65.47,61.58,3.88,14,2,Organic,1500.0,8.2,15.43,81.51
78.15,74.55,3.6,3,6,Organic,1500.0,109.5,11.98,90.84
82.69,79.59,3.1,11,1,Organic,800.0,61.7,12.19,95.74
77.02,71.35,5.67,6,5,Organic,1500.0,84.0,22.9,100.0
54.14,53.13,1.01,16,2,General,1500.0,37.1,10.23,65.51
25.9,23.68,2.22,23,2,Recyclable,1200.0,66.6,10.24,33.05
16.34,14.3,2.04,9,6,Organic,800.0,37.6,13.48,33.34
44.57,40.66,3.91,0,3,Organic,1000.0,46.3,13.22,57.62
10.58,9.2,1.38,4,4,Recyclable,800.0,91.5,5.6,16.65
61.92,60.86,1.06,19,3,Organic,800.0,41.9,11.05,70.69
26.95,22.28,4.67,4,3,Organic,1000.0,22.9,20.4,45.84
36.91,31.07,5.84,16,4,Organic,1000.0,40.6,20.56,56.48
66.9,63.43,3.47,15,4,Recyclable,1000.0,105.8,9.18,76.18
11.45,8.25,3.21,13,3,Organic,1000.0,9.1,14.28,26.22
91.05,87.74,3.31,18,6,Recyclable,1200.0,65.2,10.52,98.13
42.13,39.5,2.63,11,0,Recyclable,1200.0,116.5,8.12,48.78
73.99,71.84,2.15,8,4,Organic,1000.0,29.8,10.33,83.54
83.66,79.52,4.14,10,5,General,1000.0,39.3,10.2,96.85
80.52,78.7,1.82,9,0,Organic,800.0,21.8,9.03,90.76
38.87,35.71,3.15,0,0,Organic,800.0,41.2,13.4,53.95
35.9,31.66,4.24,3,2,Organic,1500.0,13.0,13.88,50.54
46.41,41.71,4.7,12,0,Organic,800.0,22.3,20.37,67.81
90.88,90.47,0.41,5,2,Recyclable,1200.0,101.6,6.98,97.86
42.37,37.8,4.57,8,2,Organic,1000.0,24.5,18.72,61.41
21.63,17.75,3.88,6,5,Organic,1200.0,102.1,18.01,43.19
10.89,7.45,3.44,13,6,Recyclable,1500.0,28.4,13.67,24.29
90.58,85.85,4.73,4,1,Organic,800.0,34.2,20.84,100.0
72.35,70.68,1.67,18,6,Recyclable,1000.0,95.1,12.57,85.67
18.1,12.84,5.26,4,0,Organic,1500.0,24.1,17.45,37.5
56.22,55.61,0.6,19,6,Recyclable,1200.0,115.0,7.04,65.67
55.27,52.68,2.58,14,0,General,800.0,36.7,15.82,71.39
18.81,14.24,4.57,13,2,General,1200.0,106.3,12.78,32.16
61.39,59.22,2.17,13,4,Recyclable,1000.0,57.0,8.21,65.0
18.68,13.24,5.44,0,4,Organic,1000.0,24.3,18.55,38.31
71.5,69.6,1.9,20,5,Recyclable,1000.0,93.7,8.86,79.35
65.42,62.81,2.61,17,0,Organic,1200.0,79.3,11.83,78.38
10.14,7.9,2.25,1,6,Recyclable,800.0,117.6,11.08,21.46
16.61,13.67,2.94,20,4,General,1500.0,80.2,12.86,29.12
10.9,9.11,1.79,3,1,General,1200.0,35.3,6.7,15.76
32.22,30.18,2.04,5,6,Organic,800.0,64.4,17.5,49.57
75.42,72.66,2.76,8,4,Organic,1000.0,4.6,12.34,86.5
27.19,25.23,1.96,1,3,Recyclable,1500.0,66.7,9.02,37.76
33.56,28.83,4.73,2,5,Organic,1200.0,28.5,16.21,53.67
68.2,65.65,2.55,8,3,General,1000.0,64.4,7.68,76.64
39.34,35.83,3.51,13,2,Recyclable,800.0,23.9,11.48,51.32
81.88,78.79,3.09,19,5,Recyclable,1500.0,49.6,14.47,95.8
46.35,44.88,1.46,16,4,Recyclable,1500.0,91.8,7.84,52.41
90.76,86.46,4.3,0,1,General,800.0,84.4,13.73,100.0
79.69,73.64,6.05,23,1,Organic,1500.0,101.9,21.67,100.0
62.71,62.23,0.48,22,2,General,1500.0,94.1,7.75,74.58
49.18,48.96,0.22,22,5,Recyclable,1200.0,54.2,7.05,56.2
13.93,11.67,2.27,5,3,Recyclable,1000.0,93.5,8.53,25.7
72.25,70.45,1.8,4,2,General,800.0,31.0,7.69,80.5
18.02,17.93,0.09,21,1,Recyclable,800.0,73.0,7.78,24.73
79.3,74.57,4.73,15,3,Organic,1200.0,81.0,17.28,97.4
60.17,59.01,1.16,7,5,Recyclable,1500.0,76.3,12.29,72.88
39.98,38.94,1.04,19,0,Recyclable,1500.0,65.5,8.9,44.82
69.62,67.46,2.16,5,5,Organic,1500.0,85.5,11.91,80.49
25.86,22.09,3.77,10,6,Organic,1000.0,20.7,23.07,47.96
92.44,90.85,1.59,16,5,Recyclable,1200.0,76.0,9.51,100.0
55.57,52.66,2.9,19,4,Recyclable,1500.0,93.0,8.15,67.17
81.94,78.58,3.36,13,5,Organic,800.0,47.9,27.94,100.0
12.83,9.94,2.9,22,5,Organic,1000.0,15.6,23.21,39.59
45.79,41.96,3.83,16,3,Organic,1200.0,15.5,20.69,66.64
66.4,60.99,5.41,2,5,Organic,800.0,17.4,16.76,84.73
86.28,81.58,4.7,10,4,Organic,1200.0,10.5,13.6,96.33
82.01,78.73,3.28,15,4,Organic,1000.0,74.7,15.17,99.4
64.14,61.01,3.13,8,5,Recyclable,800.0,64.7,12.52,76.28
13.1,10.84,2.26,8,2,Recyclable,1500.0,8.8,8.2,21.11
24.91,17.68,7.24,5,5,Organic,1000.0,110.5,22.27,45.17
51.6,50.02,1.58,8,3,Organic,1200.0,3.3,10.82,62.22
53.13,49.41,3.72,23,4,Recyclable,800.0,27.8,9.15,61.52
19.16,13.93,5.23,15,2,Organic,1200.0,67.7,20.6,40.23
61.75,56.81,4.95,16,3,Organic,1200.0,64.7,17.24,80.16
91.53,88.83,2.7,6,6,General,1500.0,58.0,14.56,100.0
48.93,46.43,2.5,16,2,General,800.0,68.9,15.0,62.68
38.69,34.06,4.64,6,6,Organic,800.0,98.3,24.21,58.14
42.75,39.98,2.77,22,0,General,1000.0,104.8,12.58,53.8
64.71,60.32,4.39,3,3,Organic,1500.0,21.7,19.19,80.65
40.9,36.9,3.99,3,4,General,800.0,13.2,12.12,54.57
79.0,76.74,2.26,9,2,General,800.0,110.6,8.96,88.37
53.35,51.09,2.25,12,3,Recyclable,1500.0,55.8,10.09,62.31
84.25,80.57,3.68,9,3,Organic,800.0,99.9,16.89,98.38
39.15,35.79,3.36,8,1,General,1000.0,78.1,7.13,43.62
62.6,59.16,3.45,16,0,Organic,1200.0,116.0,16.79,79.05
50.39,49.11,1.28,3,5,Recyclable,1000.0,8.2,12.07,64.77
28.53,25.57,2.96,18,6,Organic,1000.0,39.3,23.1,53.12
65.3,62.31,2.99,11,3,Recyclable,1000.0,43.4,11.7,81.53
76.42,74.31,2.11,22,4,Organic,800.0,20.4,9.22,84.28
28.24,26.13,2.11,14,2,General,1000.0,8.8,9.88,42.64
14.6,12.26,2.35,2,5,Recyclable,800.0,62.4,10.86,29.08
60.43,57.6,2.83,13,6,Organic,800.0,57.7,17.77,78.79
25.23,22.85,2.38,4,6,General,1500.0,28.4,10.51,36.84
65.28,62.03,3.25,18,6,General,1000.0,67.8,10.97,75.8
10.46,5.24,5.22,16,3,Organic,1000.0,37.2,20.63,30.57
32.93,31.87,1.06,0,1,Recyclable,800.0,102.8,9.79,45.94
29.44,29.04,0.4,15,0,Recyclable,800.0,68.2,5.05,34.68
82.29,77.93,4.37,9,6,General,1000.0,98.9,15.58,96.84
54.74,52.51,2.23,19,2,Organic,1200.0,40.1,9.28,59.88
24.2,21.32,2.87,1,6,Recyclable,800.0,13.6,13.01,35.18
76.75,72.78,3.97,6,3,Organic,1500.0,80.8,12.86,88.06
84.92,83.28,1.64,10,0,Recyclable,1000.0,78.8,7.17,92.15
46.04,43.25,2.79,22,0,Organic,1500.0,55.6,15.22,60.67
68.7,67.51,1.19,23,0,Organic,1500.0,55.9,8.41,76.13
89.79,87.47,2.32,6,1,Organic,1200.0,82.7,10.78,100.0
28.19,26.06,2.13,20,1,Recyclable,800.0,5.0,10.58,40.92
64.91,61.91,3.0,0,4,General,1000.0,118.1,7.13,69.65
56.25,51.05,5.2,8,4,Organic,800.0,51.2,21.66,75.85
28.1,26.5,1.6,5,1,Recyclable,1200.0,46.3,9.84,40.02
78.66,75.42,3.24,6,1,Recyclable,1200.0,79.0,10.98,90.87
24.33,23.23,1.11,23,4,Recyclable,1500.0,34.7,8.98,30.83
35.91,34.04,1.87,14,6,Recyclable,1000.0,6.3,7.56,44.27
39.76,36.33,3.43,18,3,Organic,1000.0,97.0,11.09,46.92
10.77,8.71,2.05,22,2,General,1500.0,94.2,8.28,19.0
41.59,38.55,3.04,13,2,Recyclable,1500.0,95.8,8.63,51.13
70.69,67.98,2.71,7,5,General,1500.0,51.0,10.39,83.59
93.18,91.47,1.71,21,5,General,1000.0,66.4,7.64,100.0
31.99,24.51,7.48,12,3,Organic,1000.0,103.3,21.31,54.16
83.02,80.49,2.52,7,2,Organic,1200.0,55.8,10.74,91.59
15.41,12.62,2.79,4,5,Recyclable,1000.0,104.2,12.47,27.27
44.52,40.26,4.26,8,2,General,1500.0,4.5,9.07,53.47
77.4,76.04,1.36,23,6,General,1500.0,76.5,12.51,88.34
30.94,29.5,1.43,3,3,Recyclable,800.0,103.8,10.09,40.46
17.63,14.81,2.82,0,4,General,800.0,56.2,12.41,30.41
68.0,62.78,5.22,12,6,Organic,1500.0,13.7,27.29,97.13
82.84,78.55,4.28,9,0,Organic,800.0,3.7,13.65,96.15
37.09,33.72,3.37,10,3,Recyclable,1200.0,10.1,9.65,45.02
15.1,9.06,6.04,23,2,Recyclable,1200.0,103.1,11.78,30.42
86.55,83.98,2.57,19,0,Recyclable,1000.0,101.3,7.88,96.56
33.89,30.99,2.9,12,3,General,1000.0,3.7,13.51,44.71
26.78,24.58,2.2,5,4,Organic,800.0,106.9,11.01,39.58
58.66,55.75,2.91,13,1,General,1200.0,17.6,17.0,75.38
21.23,18.14,3.09,22,0,Recyclable,1000.0,63.9,9.38,29.82
21.28,16.42,4.86,17,4,Organic,800.0,43.2,20.52,41.53
75.49,72.08,3.41,9,6,General,800.0,22.0,6.43,83.5
83.57,82.96,0.61,9,3,Recyclable,800.0,27.9,4.43,86.74
10.71,6.23,4.49,15,6,Organic,1000.0,76.4,18.76,28.59
49.59,46.68,2.91,19,2,General,1500.0,72.1,15.1,64.2
60.32,56.85,3.47,13,6,General,1500.0,115.7,11.46,70.31
71.57,69.21,2.36,22,4,General,1500.0,10.2,11.82,80.92
28.38,25.93,2.45,22,6,General,800.0,48.2,11.84,40.57
27.32,21.49,5.83,15,6,Organic,1200.0,27.7,25.45,49.49
48.48,45.69,2.8,17,5,Recyclable,1500.0,115.2,9.09,60.8
40.74,36.13,4.61,13,3,Organic,1500.0,43.4,16.02,56.25
49.21,46.12,3.1,15,1,Recyclable,1000.0,114.2,5.21,55.37
31.59,30.3,1.28,2,4,Recyclable,800.0,32.9,4.99,36.92
43.62,37.61,6.01,0,2,Organic,1500.0,104.8,20.19,67.69
34.63,32.13,2.5,10,0,General,1500.0,26.8,15.6,48.0
79.3,77.89,1.41,6,5,Recyclable,1200.0,119.9,12.63,90.98
26.52,25.31,1.21,21,5,General,1200.0,109.8,10.61,34.8
17.43,16.22,1.21,7,3,General,1000.0,60.0,8.63,26.7
50.29,48.34,1.95,6,6,General,1200.0,100.4,10.49,62.79
86.55,82.85,3.7,0,1,General,1500.0,106.0,7.06,97.54
54.21,52.53,1.68,7,6,Organic,800.0,48.1,12.99,70.07
64.73,63.35,1.38,1,5,Recyclable,1200.0,109.2,8.32,74.22
42.2,38.36,3.84,3,4,General,1500.0,49.1,7.88,49.45
26.83,24.35,2.48,7,0,General,800.0,41.6,6.78,29.9
61.96,58.73,3.23,13,5,General,1500.0,104.1,13.89,73.29
88.64,88.33,0.31,12,1,Recyclable,1500.0,8.3,4.0,92.7
52.92,52.5,0.42,5,5,Recyclable,1000.0,101.1,9.06,60.0
93.66,92.1,1.56,10,5,Organic,1500.0,11.0,12.23,100.0
25.19,20.66,4.53,3,6,Organic,1500.0,66.5,19.71,43.37
50.92,47.9,3.01,18,4,Recyclable,800.0,100.4,6.14,56.34
18.73,15.76,2.97,2,1,Recyclable,800.0,30.6,5.55,21.88
63.8,63.55,0.25,7,3,Recyclable,800.0,22.1,8.28,72.94
43.85,37.77,6.08,5,2,Organic,800.0,56.5,20.88,63.74
83.87,81.36,2.52,10,4,Recyclable,1200.0,38.0,6.75,91.28
66.99,61.52,5.47,8,0,Organic,800.0,118.6,19.49,87.27
23.41,23.03,0.38,16,6,General,1200.0,53.2,7.26,27.3
66.14,63.83,2.31,6,4,General,1000.0,41.4,8.13,74.58
19.87,15.84,4.03,22,2,Recyclable,1000.0,23.5,7.69,28.52
48.44,44.91,3.53,7,1,Organic,1000.0,31.2,17.57,64.1
47.4,44.05,3.35,17,0,General,800.0,86.5,14.85,64.5
90.92,85.4,5.52,23,5,General,1500.0,61.1,14.3,100.0
68.86,66.53,2.33,1,5,Recyclable,800.0,107.6,14.33,80.28
40.12,38.47,1.65,3,5,Recyclable,1000.0,47.2,8.47,49.3
94.47,91.82,2.65,16,2,Organic,1200.0,93.0,14.03,100.0
54.8,50.38,4.42,9,0,General,1200.0,40.8,11.64,67.36
70.79,67.0,3.78,4,2,General,1000.0,67.2,13.73,85.99
26.65,24.29,2.36,6,6,General,1000.0,90.4,10.22,33.28
23.75,19.1,4.65,17,0,Organic,1000.0,91.4,14.54,37.88
53.27,51.77,1.5,12,3,General,1000.0,38.1,9.69,62.78
80.01,76.14,3.87,1,1,Organic,1200.0,25.9,15.11,96.79
45.28,43.47,1.82,17,4,Recyclable,1200.0,74.6,8.87,54.43
28.14,24.58,3.56,12,3,Organic,1500.0,31.8,16.89,37.82
21.54,20.27,1.28,0,6,Recyclable,800.0,87.0,14.67,36.26
40.04,37.68,2.36,3,2,General,1200.0,48.2,9.02,48.21
81.72,77.6,4.12,15,2,General,1200.0,67.3,15.96,100.0
12.97,9.04,3.93,4,6,Organic,1200.0,100.9,16.32,30.65
66.9,64.08,2.82,13,6,Recyclable,1000.0,19.5,10.36,80.97
82.66,76.59,6.07,19,4,Organic,1200.0,78.3,17.16,97.49
12.1,5.84,6.25,1,2,Organic,1500.0,14.3,20.85,32.51
70.06,66.72,3.34,16,6,General,1500.0,113.1,14.97,88.55
44.3,39.93,4.37,2,0,Organic,800.0,96.2,16.72,61.84
50.02,47.57,2.45,20,1,Recyclable,800.0,92.4,11.12,61.3
55.63,51.0,4.63,3,3,General,1500.0,22.4,12.73,67.1
60.76,59.1,1.66,2,4,Recyclable,1500.0,12.5,4.94,62.29
79.27,75.65,3.62,14,3,Recyclable,800.0,65.5,8.58,87.89
43.66,42.27,1.4,5,1,General,1500.0,30.1,6.07,47.79
72.54,71.02,1.52,6,5,Recyclable,1500.0,36.1,13.24,84.93
89.11,88.16,0.95,12,0,Recyclable,1000.0,36.2,6.07,97.9
88.12,86.6,1.51,17,0,General,1000.0,40.5,13.84,100.0
76.48,73.52,2.96,8,5,Organic,800.0,68.5,20.11,93.63
49.24,46.43,2.8,17,6,General,1200.0,14.8,9.69,57.14
20.98,15.61,5.36,7,6,Organic,1500.0,49.3,20.36,42.02
74.81,72.04,2.78,5,1,Recyclable,800.0,41.1,4.99,81.71
71.22,69.94,1.27,14,0,Recyclable,800.0,49.9,8.6,79.99
93.52,93.13,0.39,17,2,Recyclable,800.0,46.4,9.19,100.0
33.33,31.82,1.5,8,6,Recyclable,1200.0,111.4,15.17,46.24
35.47,32.93,2.54,9,2,General,1200.0,26.9,6.7,44.77
67.04,60.66,6.39,0,1,Organic,1000.0,96.3,18.12,84.15
39.66,38.05,1.61,23,3,General,1200.0,17.5,9.48,47.49
18.27,14.26,4.0,12,2,Organic,800.0,36.9,12.07,29.65
22.28,22.54,-0.25,21,1,General,1000.0,32.3,9.26,33.27
39.18,36.84,2.34,19,4,Recyclable,1500.0,85.2,11.91,50.37
39.55,38.04,1.51,13,5,Recyclable,800.0,45.3,12.86,50.44
82.65,78.21,4.44,20,2,Organic,800.0,89.8,18.64,100.0
59.63,58.75,0.88,16,4,Recyclable,1500.0,114.5,4.92,64.15
22.16,19.59,2.58,13,5,Organic,1000.0,45.9,11.02,32.41
85.41,81.38,4.03,15,4,Organic,1200.0,51.3,16.47,100.0
37.53,34.76,2.77,0,6,Recyclable,1000.0,117.3,13.92,51.2
36.01,36.54,-0.52,2,3,Recyclable,1500.0,13.8,4.57,44.98
53.62,51.2,2.43,13,3,Recyclable,1500.0,118.3,5.11,56.65
68.46,66.05,2.41,4,5,Recyclable,1500.0,95.2,12.33,79.25
33.44,31.91,1.53,17,2,Recyclable,1200.0,38.3,5.51,37.3
65.66,62.35,3.31,6,5,Recyclable,1500.0,66.1,10.28,76.74
35.19,33.04,2.15,5,2,General,1200.0,7.0,9.22,43.13
72.52,69.89,2.63,12,1,General,1200.0,104.7,13.55,87.03
84.6,84.26,0.34,3,4,Recyclable,1200.0,72.7,10.82,98.31
31.95,31.47,0.47,12,1,General,1200.0,116.2,10.15,40.11
32.01,28.36,3.65,11,0,Recyclable,1000.0,102.1,8.63,39.42
32.77,29.86,2.92,7,6,Recyclable,800.0,117.8,13.63,47.47
31.94,28.81,3.14,1,0,Recyclable,1000.0,87.0,5.29,34.72
55.97,53.96,2.01,3,1,Recyclable,800.0,29.2,10.62,64.28
94.43,91.39,3.04,9,5,Organic,800.0,53.4,19.57,100.0
33.48,31.06,2.42,3,4,Recyclable,800.0,112.3,8.23,42.26
53.71,48.76,4.95,19,4,Organic,1500.0,11.3,18.43,74.12
68.59,66.18,2.4,5,1,Recyclable,1000.0,116.3,10.36,78.46
62.42,59.91,2.51,8,5,General,1500.0,81.8,7.2,70.08
81.23,77.98,3.25,18,1,Organic,1500.0,22.0,11.46,92.79
69.64,67.08,2.56,23,3,Recyclable,1200.0,94.5,7.71,76.54
83.54,81.26,2.28,17,2,General,800.0,5.4,7.47,90.15
40.02,36.73,3.28,5,1,Organic,800.0,48.5,10.67,48.65
39.66,36.37,3.29,0,1,Organic,1000.0,114.0,10.42,49.29
15.62,11.1,4.52,22,2,Organic,800.0,64.3,20.67,38.79
27.95,22.99,4.96,14,6,Organic,800.0,12.0,27.28,58.82
17.85,16.77,1.07,7,0,Recyclable,1000.0,53.0,6.54,25.82
70.8,70.68,0.12,1,3,General,1000.0,117.5,7.33,76.33
11.71,7.3,4.41,18,4,Organic,800.0,63.3,17.79,31.33
89.46,88.17,1.3,4,0,Organic,1000.0,5.1,11.95,98.84
64.7,61.19,3.52,18,0,Organic,800.0,64.3,18.29,87.39
52.9,50.52,2.38,8,0,General,1200.0,36.7,7.95,60.12
57.99,55.26,2.73,22,0,General,800.0,102.8,14.67,76.59
66.22,65.51,0.7,18,5,General,800.0,79.2,8.74,75.51
90.22,85.34,4.88,16,2,General,1500.0,104.8,18.28,100.0
30.79,26.67,4.11,13,2,Organic,1500.0,88.7,11.66,44.41
54.23,52.8,1.43,7,4,Recyclable,800.0,23.5,11.62,65.05
90.92,84.83,6.09,1,0,Organic,1000.0,117.4,16.42,100.0
62.67,57.33,5.34,10,4,Organic,1000.0,102.4,14.23,76.01
29.13,27.88,1.26,4,5,General,800.0,118.4,10.54,46.04
27.2,23.11,4.09,2,4,Organic,1500.0,34.5,11.57,36.04
20.76,16.82,3.94,12,1,Recyclable,1200.0,2.3,11.09,28.11
53.12,50.92,2.19,7,1,Recyclable,800.0,108.8,9.34,62.11
69.72,68.55,1.17,5,1,Organic,1000.0,82.0,10.69,81.25
46.46,44.73,1.73,15,0,Organic,800.0,19.9,11.35,59.84
11.03,8.97,2.05,22,3,Recyclable,800.0,64.7,5.4,12.84
40.64,39.3,1.34,21,2,Recyclable,1000.0,52.7,7.5,47.75
71.5,67.44,4.06,20,5,Organic,1200.0,45.8,18.77,90.29
54.7,52.93,1.77,17,3,Recyclable,800.0,90.9,8.13,62.86
80.8,77.49,3.31,4,3,Organic,1500.0,87.1,10.77,92.7
58.42,53.71,4.71,0,5,Organic,1200.0,77.4,16.06,76.26
52.33,52.94,-0.61,15,0,Recyclable,800.0,103.6,4.26,61.33
25.72,19.94,5.78,23,3,Organic,1000.0,37.7,18.31,47.33
58.93,56.26,2.66,20,0,Recyclable,1200.0,89.5,9.55,68.7
34.19,29.0,5.19,4,3,Organic,1500.0,41.0,14.15,50.56
36.17,30.28,5.9,6,1,Organic,1200.0,56.4,18.29,52.48
72.43,69.46,2.97,9,6,General,1000.0,43.4,9.62,81.96
94.91,91.29,3.63,17,5,General,1500.0,40.6,10.6,100.0
39.97,40.23,-0.26,23,5,General,800.0,80.9,6.88,48.73
65.61,62.79,2.82,20,6,General,800.0,36.2,8.45,72.34
57.24,55.31,1.92,18,3,Recyclable,1200.0,87.2,8.41,65.73
42.65,40.37,2.28,18,1,General,1200.0,69.5,8.89,53.83
10.29,8.05,2.24,15,3,General,1000.0,28.7,10.3,24.12
11.04,8.99,2.05,1,4,Recyclable,1200.0,59.5,11.85,20.34
17.47,15.49,1.97,13,2,Recyclable,1200.0,96.7,9.38,21.56
55.21,51.47,3.73,8,5,General,800.0,10.1,14.29,67.39
19.29,16.45,2.84,10,4,Recyclable,800.0,24.6,9.43,29.4
50.47,48.04,2.43,21,6,Organic,1200.0,54.7,13.51,62.26
65.85,62.93,2.93,21,2,Recyclable,1000.0,100.4,10.45,74.3
68.85,67.62,1.23,8,2,Recyclable,800.0,72.2,4.75,74.18
68.09,65.69,2.39,5,2,Recyclable,1000.0,32.9,4.77,75.32
10.03,7.27,2.77,16,6,General,800.0,95.5,7.52,18.49
21.71,20.96,0.75,5,5,Recyclable,1500.0,92.0,7.39,29.77
82.91,81.98,0.93,3,5,General,1500.0,100.3,11.43,96.17
81.13,81.12,0.01,8,6,Recyclable,1200.0,16.4,7.7,89.33
72.62,69.37,3.25,15,1,Organic,1500.0,47.0,11.49,84.47
42.94,38.11,4.83,20,2,Recyclable,1500.0,78.4,11.87,55.67
36.42,33.28,3.14,17,4,Organic,1200.0,66.6,14.52,49.24
78.02,72.78,5.25,19,6,Organic,800.0,111.0,28.34,100.0
67.56,65.6,1.97,14,2,Organic,1200.0,95.0,13.52,75.95
58.05,55.14,2.9,21,0,Recyclable,1000.0,40.1,9.83,67.03
48.19,45.72,2.48,22,4,Recyclable,1500.0,52.1,6.49,57.86
70.55,66.79,3.75,18,3,Organic,800.0,118.5,13.41,81.36
28.48,25.34,3.14,13,2,Recyclable,1000.0,23.5,9.81,38.11
43.92,42.33,1.6,3,4,Recyclable,1000.0,63.6,4.34,49.13
90.56,86.05,4.51,1,3,General,800.0,15.7,14.51,100.0
25.85,24.11,1.73,12,0,General,800.0,2.3,7.88,32.6
70.25,67.76,2.5,0,2,Recyclable,1200.0,111.7,7.02,77.93
55.34,53.14,2.2,17,1,Recyclable,1500.0,65.3,10.28,64.18
70.94,68.15,2.79,8,5,Organic,1200.0,24.0,14.66,88.21
83.02,80.19,2.83,22,4,Recyclable,1500.0,36.3,5.38,86.75
25.49,22.66,2.83,20,2,Organic,1000.0,105.7,10.15,33.57
33.02,29.2,3.82,1,0,General,1200.0,39.0,13.28,46.05
41.82,39.32,2.5,21,6,Recyclable,1000.0,20.4,13.55,57.06
11.61,7.82,3.79,14,0,Organic,1200.0,81.1,11.6,22.33
88.26,84.86,3.4,0,2,Organic,1500.0,29.7,16.68,100.0
48.57,46.11,2.46,3,2,Recyclable,1200.0,87.4,4.62,51.75
25.03,23.45,1.57,1,2,Recyclable,1500.0,49.6,11.33,37.87
58.19,56.59,1.6,17,2,Recyclable,1200.0,106.5,7.3,64.55
40.33,35.83,4.49,20,6,Organic,1200.0,33.4,19.55,58.95
77.53,74.72,2.8,9,0,Recyclable,1000.0,97.4,11.52,91.48
16.63,12.51,4.13,3,5,Recyclable,1000.0,108.7,14.03,29.67
17.37,13.1,4.27,22,3,General,1500.0,73.6,14.15,30.12
68.35,66.56,1.8,6,1,Organic,1500.0,37.4,10.08,76.91
43.27,41.81,1.46,21,1,General,1200.0,52.8,7.32,50.51
39.13,36.34,2.79,10,0,General,1000.0,54.7,12.19,50.8
55.51,52.23,3.28,23,1,Organic,1500.0,48.3,18.69,71.82
62.23,62.09,0.14,9,3,Recyclable,1500.0,19.4,5.78,72.15
14.8,10.52,4.28,5,5,General,1000.0,71.8,13.3,28.45
31.66,29.09,2.57,19,3,Recyclable,1500.0,61.2,9.6,39.18
89.68,86.41,3.27,4,6,Recyclable,1200.0,24.8,13.68,100.0
75.12,71.64,3.48,20,1,General,1200.0,25.2,14.49,89.59
68.95,65.39,3.56,20,0,Recyclable,1200.0,61.1,11.54,79.68
87.36,83.63,3.73,20,6,Organic,1200.0,36.7,18.16,100.0
68.95,66.18,2.77,3,2,General,1000.0,88.8,8.44,78.81
91.05,88.65,2.4,18,2,General,1000.0,88.8,18.01,100.0
77.58,74.24,3.34,20,3,General,800.0,55.5,7.45,84.9
43.45,41.94,1.51,5,1,Recyclable,1000.0,47.5,5.39,46.71
44.13,39.48,4.64,4,3,Organic,1200.0,99.2,20.8,64.12
44.95,40.26,4.69,10,5,Recyclable,800.0,85.8,9.08,52.85
19.58,17.21,2.38,9,4,General,1200.0,113.4,10.69,30.21
80.74,80.12,0.63,9,5,Recyclable,1200.0,22.7,8.55,92.92
17.25,13.02,4.23,9,3,Organic,800.0,44.2,13.13,33.22
84.49,82.45,2.04,3,5,Organic,1200.0,62.1,16.75,100.0
56.79,55.14,1.65,1,5,General,1200.0,63.8,6.04,61.28
24.61,20.86,3.75,11,0,Recyclable,1000.0,56.0,9.74,34.25
24.17,23.5,0.67,18,3,General,800.0,71.2,8.11,34.29
88.95,87.22,1.73,11,1,General,1500.0,99.3,11.97,100.0
57.71,53.97,3.74,5,3,Organic,800.0,106.8,15.66,73.06
10.22,7.22,3.01,15,6,Organic,800.0,76.3,26.86,31.45
69.76,66.08,3.68,11,5,Organic,1200.0,63.5,14.13,83.67
73.96,70.45,3.51,20,1,Recyclable,1000.0,32.8,6.25,78.74
78.9,74.95,3.94,18,5,Organic,800.0,9.6,21.28,95.14
84.59,81.41,3.18,7,0,Recyclable,800.0,33.4,10.81,92.59
22.75,19.16,3.59,1,0,Organic,1000.0,3.5,16.08,40.39
28.53,24.91,3.61,9,5,General,1200.0,31.9,9.31,34.85
18.91,16.14,2.77,22,1,Recyclable,1000.0,55.8,11.0,29.81
49.63,48.88,0.74,1,1,Organic,1000.0,71.8,8.59,57.23
63.26,61.44,1.82,2,3,Organic,1500.0,69.5,10.21,74.98
43.04,39.64,3.39,23,6,Organic,1000.0,32.6,20.55,66.31
30.06,26.05,4.01,12,0,Organic,1500.0,90.8,14.09,43.17
65.56,62.62,2.94,21,5,General,1200.0,58.2,7.38,73.67
84.81,79.87,4.95,1,3,Organic,1200.0,106.7,17.48,100.0
57.42,57.18,0.24,19,3,Recyclable,1200.0,15.6,4.6,65.3
32.19,31.62,0.58,13,2,Recyclable,1200.0,108.0,5.39,36.69
62.26,56.81,5.45,3,2,Organic,1500.0,29.6,20.1,81.66
35.81,35.08,0.73,1,1,Recyclable,1000.0,81.5,4.34,41.7
90.03,84.12,5.91,19,2,General,1000.0,52.0,13.47,100.0
60.83,56.71,4.13,9,1,General,1200.0,9.3,15.33,75.48
35.22,34.43,0.78,15,6,Recyclable,1500.0,39.0,6.42,42.36
51.63,48.4,3.22,8,2,Recyclable,1500.0,67.2,9.18,63.91
67.86,66.99,0.87,19,6,Recyclable,1000.0,84.0,7.0,76.28
84.15,82.22,1.93,9,0,Recyclable,1200.0,102.8,5.36,87.8
91.4,87.31,4.08,1,2,Organic,1500.0,47.2,21.95,100.0
78.36,77.24,1.12,22,2,General,800.0,71.6,9.4,88.81
88.85,85.32,3.53,20,1,General,1000.0,25.9,10.76,98.29
73.6,70.31,3.29,16,2,General,1500.0,104.2,11.64,82.57
38.55,35.7,2.85,22,2,Organic,1500.0,35.4,14.66,53.53
24.25,19.18,5.07,9,4,General,800.0,45.2,14.43,39.69
87.05,83.39,3.66,17,3,Organic,800.0,10.5,15.78,100.0
33.28,32.74,0.54,3,1,Recyclable,1000.0,25.4,6.93,41.52
55.25,52.76,2.49,11,5,General,1500.0,114.4,15.64,69.11
19.06,18.66,0.4,13,5,Recyclable,1000.0,82.5,8.74,24.79
60.43,55.57,4.86,23,0,Recyclable,1200.0,81.2,11.41,70.49
49.8,47.7,2.1,19,3,Organic,800.0,53.0,13.49,58.79
86.11,84.07,2.04,19,1,General,800.0,60.3,13.06,98.97
13.14,11.2,1.94,15,3,Organic,1200.0,83.1,10.61,22.03
32.94,29.35,3.58,5,6,General,800.0,105.5,13.93,43.37
57.21,55.36,1.85,22,5,Recyclable,1500.0,100.5,6.84,65.24
13.44,11.34,2.1,5,6,General,1200.0,45.3,12.47,25.2
60.84,57.66,3.18,14,6,General,1500.0,109.7,15.95,75.6
56.66,53.97,2.69,0,4,Recyclable,800.0,88.6,10.8,65.75
90.21,86.63,3.58,1,0,Organic,1000.0,52.1,13.04,100.0
36.39,34.93,1.46,4,3,Recyclable,1500.0,96.4,6.59,44.25
86.29,83.64,2.65,17,3,General,800.0,61.9,13.57,98.99
43.78,42.52,1.26,12,1,General,1000.0,35.3,9.37,54.12
73.28,72.26,1.02,20,3,General,1500.0,64.4,6.84,75.6
17.73,15.26,2.48,18,2,General,1500.0,41.2,14.18,31.42
17.4,11.99,5.4,22,1,Organic,1500.0,95.5,17.83,37.69
40.93,38.57,2.36,17,4,General,800.0,110.9,13.13,52.7
87.24,87.71,-0.47,9,5,Recyclable,1200.0,55.2,8.71,96.29
33.34,30.79,2.55,8,5,Recyclable,1500.0,30.2,9.45,43.37
37.15,34.37,2.78,17,6,Organic,1000.0,5.7,12.14,46.55
94.5,91.77,2.74,12,2,Organic,800.0,35.6,9.83,100.0
17.02,15.01,2.01,6,6,Organic,1000.0,71.5,15.21,29.94
13.18,9.93,3.26,11,2,General,800.0,71.1,15.46,29.58
32.94,30.09,2.85,2,4,General,1200.0,14.4,10.92,43.52
86.9,83.09,3.81,15,5,Organic,1500.0,12.9,19.57,100.0
80.47,77.27,3.2,6,0,General,1200.0,59.8,9.89,88.77
52.23,49.3,2.93,20,3,Organic,800.0,90.5,14.99,67.79
79.38,76.91,2.47,19,3,General,1500.0,55.7,8.57,86.13
25.92,24.07,1.85,4,5,General,800.0,52.0,6.1,31.44
78.52,74.32,4.2,21,3,Organic,1500.0,74.2,13.71,93.52
33.55,31.92,1.63,6,2,Organic,800.0,39.4,9.23,46.63
13.76,9.41,4.35,2,4,General,1500.0,16.0,13.82,27.82
22.81,18.36,4.45,6,6,General,1200.0,89.6,15.46,37.98
93.84,91.18,2.66,19,4,General,1000.0,98.4,14.74,100.0
23.14,19.64,3.5,4,3,Organic,1200.0,21.3,16.42,42.19
10.49,7.63,2.87,20,3,General,800.0,60.9,12.76,25.06
66.09,64.38,1.71,12,1,Recyclable,800.0,110.5,9.36,75.35
39.6,36.57,3.03,9,4,Recyclable,1200.0,52.9,10.93,51.46
56.89,53.8,3.09,14,2,General,1200.0,59.8,17.24,75.83
78.14,77.63,0.51,6,5,Recyclable,800.0,29.9,8.88,88.82
83.72,79.99,3.73,23,4,Organic,1200.0,76.9,21.9,100.0
71.01,68.08,2.94,3,3,General,1500.0,52.9,12.75,88.41
46.88,44.09,2.79,5,5,General,1000.0,88.6,10.08,53.11
31.27,30.81,0.46,15,3,Recyclable,1500.0,44.7,5.09,34.93
48.66,42.44,6.22,11,5,Organic,1500.0,49.6,27.41,79.03
47.89,41.24,6.65,21,4,Organic,1000.0,51.1,21.32,70.95
40.89,37.75,3.14,18,1,Recyclable,1200.0,118.0,7.65,49.25
34.85,30.97,3.89,9,0,General,1500.0,21.9,9.99,44.5
79.27,74.21,5.06,10,0,Organic,1200.0,41.3,17.26,97.14
61.8,60.06,1.74,7,2,Recyclable,800.0,6.6,11.24,74.31
90.11,86.99,3.13,2,2,Recyclable,1500.0,51.2,10.7,96.44
22.2,19.96,2.24,10,5,Recyclable,1200.0,68.4,7.48,30.33
92.74,89.69,3.05,7,4,General,1200.0,7.9,9.57,100.0
57.72,55.97,1.74,6,3,General,1000.0,49.2,6.76,61.65
61.31,60.36,0.94,3,4,Recyclable,1000.0,77.3,5.16,67.39
15.21,11.43,3.79,12,1,Organic,1500.0,13.3,14.85,31.84
88.38,83.77,4.62,9,0,Organic,1000.0,80.5,20.04,100.0
88.07,86.07,2.0,18,6,Organic,1000.0,80.9,12.16,100.0
72.55,68.22,4.33,8,1,Organic,800.0,74.4,14.8,83.81
12.83,10.9,1.94,3,5,General,1000.0,38.7,11.87,22.12
60.23,58.07,2.16,0,3,General,800.0,8.1,12.06,73.51
22.03,20.28,1.75,21,0,Recyclable,1000.0,20.9,6.11,25.1
50.6,45.32,5.28,1,2,Organic,1500.0,119.6,20.12,69.89
76.85,73.88,2.97,14,0,General,1000.0,86.0,14.83,93.84
67.85,65.15,2.71,12,0,Recyclable,1000.0,65.9,4.41,74.87
17.99,14.38,3.62,15,2,General,1500.0,103.0,14.74,34.27
11.3,11.19,0.11,7,5,General,1500.0,88.7,9.1,23.04
34.15,32.73,1.42,17,1,Recyclable,1200.0,88.8,6.72,41.81
73.72,72.26,1.46,14,2,Recyclable,1000.0,63.0,10.82,85.7
53.12,50.21,2.91,14,0,Organic,1200.0,75.7,19.99,71.17
45.97,43.09,2.89,22,5,Organic,1200.0,40.2,18.6,67.44
63.72,59.1,4.62,12,5,Recyclable,1500.0,27.8,14.18,79.24
78.28,75.58,2.7,22,0,General,1500.0,38.3,7.45,84.35
24.71,21.23,3.48,16,1,Organic,1000.0,97.1,14.61,38.91
29.58,27.39,2.2,16,5,General,800.0,71.4,18.16,47.49
84.12,83.4,0.72,18,4,General,1200.0,11.8,8.73,94.0
24.0,21.17,2.83,18,0,Recyclable,1500.0,111.5,4.63,25.86
64.97,59.02,5.95,0,1,Organic,800.0,64.4,21.89,85.06
65.04,60.98,4.06,3,2,Recyclable,800.0,115.2,11.65,77.53
43.39,40.5,2.89,4,1,General,800.0,31.9,11.69,57.61
57.96,55.18,2.78,20,1,Recyclable,800.0,46.0,11.36,68.97
49.88,49.02,0.87,3,0,General,800.0,70.6,6.46,59.74
22.68,22.48,0.2,4,2,Recyclable,1000.0,30.8,5.95,32.19
49.73,47.79,1.94,0,0,Organic,800.0,72.0,10.97,60.93
87.59,82.49,5.1,11,1,General,1200.0,75.7,14.8,100.0
62.03,59.63,2.4,15,6,Organic,800.0,6.3,11.26,73.42
34.1,30.62,3.48,16,6,Organic,1000.0,48.4,21.75,57.15
68.51,65.26,3.25,11,4,General,1000.0,118.7,9.7,78.89
47.32,45.28,2.04,17,3,General,1000.0,114.3,16.34,60.47
83.62,79.99,3.63,21,6,General,1500.0,2.9,13.59,98.02
73.35,71.86,1.49,8,5,General,1200.0,48.3,7.1,79.64
94.45,92.14,2.3,3,5,Recyclable,1000.0,5.2,5.65,100.0
72.58,70.94,1.64,9,5,Recyclable,800.0,24.1,11.9,84.36
70.98,65.84,5.14,21,3,Organic,1200.0,26.3,20.5,93.99
31.19,30.18,1.01,15,5,Recyclable,1500.0,60.4,11.9,44.7
58.75,55.06,3.69,11,5,Organic,1000.0,65.2,20.06,78.8
83.3,77.94,5.36,21,4,Organic,800.0,29.5,19.96,99.29
62.64,61.38,1.26,2,0,General,800.0,93.6,10.99,74.16
29.2,26.41,2.79,17,0,Recyclable,800.0,24.1,9.69,39.5
70.74,65.06,5.68,14,2,Organic,1000.0,11.9,19.35,89.01
61.11,59.57,1.54,11,3,Organic,1500.0,33.4,14.32,77.43
75.13,71.68,3.45,17,3,General,800.0,70.9,17.87,94.14
22.39,19.58,2.81,2,6,General,1500.0,66.0,15.9,39.04
39.52,37.45,2.07,16,1,Recyclable,1000.0,88.5,9.85,51.23
21.82,18.9,2.92,6,1,Organic,1200.0,111.8,18.74,41.93
30.22,26.04,4.19,12,4,Organic,1500.0,81.3,20.85,50.92
39.52,36.5,3.02,4,4,Organic,1500.0,59.8,12.14,54.03
80.76,76.3,4.46,17,2,General,1200.0,112.0,17.04,97.38
31.98,26.83,5.15,2,1,Organic,1200.0,33.2,19.36,50.68
60.49,57.35,3.14,16,4,Organic,1200.0,90.8,11.81,71.81
85.49,85.95,-0.46,6,6,Recyclable,1500.0,85.1,6.6,94.12
47.97,45.51,2.46,3,2,Organic,800.0,15.3,13.9,60.97
18.96,18.77,0.19,21,5,Recyclable,1200.0,12.6,5.87,22.5
23.4,18.25,5.15,12,0,Organic,1500.0,64.7,18.9,44.99
19.15,12.95,6.2,21,6,Organic,800.0,68.7,25.85,49.35
17.89,15.96,1.93,22,6,Recyclable,800.0,20.7,6.43,21.92
45.5,42.09,3.41,4,4,Recyclable,1200.0,45.4,11.69,56.13
56.8,52.82,3.98,2,3,Organic,1000.0,78.9,15.1,72.76
69.13,66.72,2.4,21,5,General,1000.0,23.5,9.81,77.43
77.84,74.68,3.15,21,1,General,1000.0,31.6,11.91,90.85
86.9,85.31,1.58,12,4,Recyclable,1500.0,117.8,6.51,91.92
19.34,17.65,1.69,2,6,Organic,1000.0,90.9,16.75,33.36
89.88,88.41,1.47,20,0,Organic,800.0,107.0,10.47,95.31
18.56,17.16,1.4,22,1,Organic,1500.0,48.4,13.42,33.47
69.98,68.35,1.63,17,6,Recyclable,800.0,62.4,8.96,78.71
41.58,35.63,5.96,3,3,Organic,800.0,38.0,21.31,64.23
23.41,21.26,2.15,3,4,Recyclable,800.0,34.1,6.27,29.2
86.96,83.94,3.02,13,6,Organic,1000.0,2.2,14.9,100.0
90.31,87.28,3.03,16,0,Recyclable,1000.0,13.6,11.81,100.0
67.69,63.59,4.1,17,5,General,1200.0,12.8,18.65,87.19
31.89,28.65,3.24,13,2,Recyclable,1500.0,23.5,9.97,38.96
14.77,11.7,3.07,10,6,Recyclable,1000.0,61.8,11.65,28.06
36.39,33.62,2.77,1,5,General,800.0,104.3,6.03,41.79
35.81,31.46,4.36,22,4,General,1000.0,47.2,11.32,48.38
73.39,70.38,3.01,23,6,Recyclable,1500.0,23.9,13.18,86.97
31.23,29.69,1.54,9,1,General,1000.0,79.2,11.63,41.88
60.75,60.68,0.08,7,0,Recyclable,1000.0,44.1,4.51,69.11
49.33,45.06,4.26,2,0,Organic,800.0,38.4,17.91,64.22
22.45,20.49,1.96,10,6,Organic,800.0,52.5,13.41,37.63
38.42,34.1,4.32,5,6,Recyclable,800.0,76.3,15.35,54.14
34.55,31.25,3.3,2,4,Organic,1200.0,40.6,12.47,47.07
38.96,35.66,3.3,3,4,Recyclable,800.0,31.3,10.61,48.25
40.15,37.92,2.23,2,0,Recyclable,1000.0,63.3,9.28,50.83
21.92,20.36,1.56,23,0,Recyclable,1500.0,7.5,10.41,30.06
43.65,43.0,0.64,2,0,Recyclable,1500.0,16.6,5.49,51.01
74.81,70.79,4.02,2,6,General,1200.0,11.0,10.53,84.51
35.34,29.8,5.54,2,2,General,800.0,7.0,13.79,52.46
87.79,86.48,1.31,13,2,Recyclable,1500.0,32.5,4.66,95.56
55.25,53.74,1.51,12,3,Recyclable,1200.0,114.7,9.56,69.57
52.1,49.26,2.84,17,1,General,1000.0,89.7,14.49,65.53
18.79,14.95,3.84,7,4,Organic,800.0,75.8,19.31,38.87
58.08,56.43,1.65,10,6,General,1500.0,27.7,8.47,64.53
52.92,51.14,1.78,7,2,General,800.0,98.4,11.19,63.4
32.12,31.2,0.92,5,5,General,1500.0,69.0,8.68,37.86
10.26,9.11,1.14,3,5,General,800.0,83.7,8.33,19.56
87.61,84.34,3.27,11,5,General,800.0,14.6,11.17,98.88
12.96,8.55,4.4,22,3,Organic,1200.0,53.3,13.46,24.34
72.18,70.09,2.09,16,3,Organic,1000.0,112.0,12.78,81.81
74.69,73.45,1.24,3,6,General,1200.0,21.9,15.48,91.35
73.06,70.07,2.99,1,4,General,800.0,18.7,8.24,83.3
49.82,48.15,1.67,13,0,General,800.0,76.0,12.19,61.75
52.88,48.87,4.02,9,4,Organic,1500.0,40.1,13.58,64.54
93.4,87.66,5.74,7,3,Organic,1000.0,6.8,16.75,100.0
53.71,50.62,3.08,0,2,General,1000.0,27.7,13.49,62.44
87.91,84.8,3.11,13,3,General,1200.0,98.8,17.33,100.0
58.06,53.85,4.22,10,1,Organic,1500.0,97.5,13.21,71.59
93.02,89.21,3.81,22,6,Organic,1000.0,31.7,25.35,100.0
35.7,34.65,1.05,1,1,General,1200.0,99.3,9.76,42.08
74.04,70.39,3.65,11,6,General,1200.0,30.9,10.52,82.62
25.65,26.46,-0.81,2,0,Recyclable,1200.0,6.9,5.32,29.82
20.02,19.74,0.28,10,0,General,1000.0,68.0,7.27,30.07
82.44,78.98,3.45,14,5,Organic,800.0,113.1,10.98,92.23
83.89,81.23,2.66,15,0,General,1500.0,24.0,11.6,96.25
55.04,50.96,4.08,9,0,Recyclable,800.0,64.0,10.48,66.53
92.01,87.63,4.38,5,0,General,1200.0,57.6,12.38,100.0
30.43,25.45,4.98,22,3,Organic,1000.0,6.0,12.82,44.91
36.95,33.73,3.22,2,3,General,1500.0,100.8,6.04,43.72
48.71,47.71,1.0,20,6,Recyclable,1200.0,79.0,8.93,57.05
62.93,58.94,3.99,15,4,General,1200.0,105.6,18.78,84.85
83.8,82.59,1.2,2,5,Recyclable,800.0,51.4,6.99,88.55
75.65,74.02,1.63,10,5,Recyclable,1000.0,32.2,9.29,88.87
88.94,85.44,3.5,22,2,Recyclable,1000.0,109.6,6.26,95.65
36.87,32.37,4.5,10,3,Organic,800.0,60.1,14.65,54.28
71.85,68.41,3.45,13,1,Organic,1000.0,52.1,18.21,92.9
19.79,16.78,3.01,9,6,Recyclable,1200.0,63.7,13.36,31.57
57.26,56.96,0.29,19,1,General,1500.0,20.4,8.21,64.02
52.36,50.43,1.93,11,6,General,1000.0,31.2,11.17,61.38
60.72,58.48,2.24,14,6,Organic,1200.0,26.9,10.4,69.66
10.98,8.06,2.92,16,1,General,1000.0,114.8,8.08,15.67
55.51,54.87,0.64,5,3,Recyclable,800.0,119.5,6.48,63.42
34.78,33.29,1.49,5,2,Organic,1200.0,49.5,9.47,48.17
45.0,41.66,3.34,22,3,Recyclable,1500.0,22.7,10.56,58.02
73.43,69.63,3.8,1,6,Recyclable,800.0,50.9,15.47,90.88
85.53,86.33,-0.8,15,1,General,800.0,2.3,8.27,94.56
68.77,66.12,2.65,4,1,Organic,1000.0,4.6,8.32,78.19
53.9,53.37,0.53,17,2,Recyclable,1000.0,28.5,8.01,59.99
85.44,80.41,5.03,15,3,Organic,1200.0,82.9,20.12,100.0
20.32,15.95,4.37,1,2,Organic,800.0,49.5,11.74,33.25
92.62,92.27,0.35,2,2,Recyclable,1200.0,104.0,9.06,100.0
93.09,90.89,2.2,2,5,Recyclable,800.0,98.7,12.06,100.0
49.3,46.18,3.13,2,0,Organic,800.0,102.0,15.9,63.07
39.86,37.52,2.33,14,5,Organic,1500.0,90.6,14.53,53.71
58.27,54.63,3.64,12,0,Recyclable,800.0,94.1,10.52,67.93
30.18,30.88,-0.71,3,1,Recyclable,800.0,69.5,7.26,37.69
63.04,60.17,2.87,20,2,Recyclable,800.0,6.1,11.09,73.09
17.22,14.89,2.33,0,3,General,1200.0,93.7,15.7,33.4
21.09,19.89,1.2,14,4,General,1200.0,72.2,9.71,31.42
66.1,63.43,2.67,21,0,General,800.0,67.0,12.88,78.48
87.54,83.68,3.86,13,0,General,1500.0,106.6,14.15,100.0
25.9,23.56,2.34,19,0,Recyclable,800.0,101.6,11.7,35.9
40.59,36.98,3.62,14,4,General,1500.0,120.0,15.5,57.45
23.69,21.62,2.07,11,1,Recyclable,800.0,72.3,11.96,39.11
75.15,71.67,3.47,10,3,General,1500.0,36.9,14.69,85.41
90.35,86.23,4.12,7,0,Organic,800.0,40.9,14.69,100.0
23.07,18.11,4.96,4,5,General,1500.0,42.2,14.37,36.45
64.89,61.27,3.62,23,6,General,1200.0,17.9,10.78,78.06
22.09,21.42,0.67,1,2,Recyclable,1500.0,59.4,5.86,26.62
43.06,38.16,4.9,16,4,Organic,1200.0,15.0,19.54,63.36
93.6,89.34,4.27,8,4,Organic,1000.0,31.9,11.46,100.0
84.23,81.04,3.19,18,1,General,1000.0,39.3,13.97,97.47
11.78,7.72,4.06,12,0,Organic,1200.0,106.6,16.27,25.05
50.99,47.15,3.84,20,5,Organic,1200.0,55.6,23.86,72.85
70.35,66.92,3.43,16,4,General,800.0,32.3,12.11,82.88
46.18,45.16,1.02,19,6,General,800.0,23.7,7.92,54.81
33.42,33.0,0.42,11,4,General,800.0,79.7,7.88,40.68
71.98,66.72,5.26,9,4,Organic,1200.0,46.7,13.33,85.37
93.3,92.06,1.24,14,1,Organic,800.0,60.1,11.89,100.0
67.88,63.41,4.47,12,1,Organic,1500.0,56.3,15.15,81.1
24.95,20.8,4.15,3,4,Recyclable,1000.0,48.5,11.25,36.01
22.42,20.19,2.23,9,0,General,1000.0,51.6,10.34,32.67
82.39,77.8,4.59,20,0,General,1000.0,26.9,13.93,99.92
40.57,35.53,5.03,19,1,General,1200.0,87.7,15.14,55.09
27.29,24.13,3.16,23,0,General,1000.0,118.3,14.38,45.81
73.13,70.44,2.69,14,2,Recyclable,1000.0,68.0,9.67,81.54
25.55,22.68,2.87,5,4,Organic,1500.0,13.5,9.55,33.31
23.05,20.45,2.6,3,3,Recyclable,800.0,103.0,4.53,29.33
16.34,14.48,1.87,15,4,Recyclable,1500.0,108.5,8.67,29.22
20.14,17.16,2.98,19,5,Organic,1200.0,40.0,13.25,30.39
86.11,82.64,3.47,21,4,General,800.0,51.7,12.8,100.0
93.7,88.91,4.79,14,2,Organic,1200.0,98.0,17.18,100.0
41.87,39.06,2.81,0,3,Organic,1500.0,35.6,17.24,58.35
43.19,40.12,3.07,23,1,General,1200.0,26.1,15.41,54.18
62.48,61.09,1.39,7,6,Recyclable,1500.0,17.7,7.77,73.39
56.28,54.23,2.05,8,6,Recyclable,1000.0,112.6,14.12,70.18
74.54,71.51,3.03,20,4,Organic,1500.0,18.7,18.81,93.59
59.62,55.85,3.77,4,6,Organic,1200.0,91.4,14.09,72.27
38.64,35.86,2.77,4,6,Recyclable,800.0,36.4,10.74,48.33
58.25,55.42,2.83,1,5,Recyclable,1500.0,82.7,14.84,73.29
31.67,27.66,4.01,19,0,Organic,1000.0,89.8,14.53,46.5
44.49,42.83,1.66,17,6,General,1200.0,114.3,11.48,58.29
50.89,46.3,4.58,8,5,General,1500.0,59.0,10.96,60.78
44.05,43.2,0.85,15,0,Recyclable,1500.0,107.6,4.3,47.86
55.3,52.09,3.22,12,2,Organic,1000.0,69.7,16.4,70.09
59.33,57.44,1.9,22,3,Organic,1200.0,112.0,9.03,66.85
55.81,54.29,1.52,5,2,General,1000.0,43.0,8.28,63.41
55.8,53.48,2.32,3,2,Recyclable,1500.0,85.8,11.09,65.8
58.34,51.96,6.38,4,0,Organic,1000.0,53.2,17.64,76.22
66.8,63.95,2.86,20,3,Organic,800.0,106.4,11.44,76.79
14.3,11.8,2.51,15,0,Recyclable,1000.0,47.7,10.74,21.97
11.63,9.25,2.38,13,4,Organic,1000.0,22.1,13.48,26.6
78.66,74.32,4.34,6,3,Organic,1000.0,95.9,18.51,94.78
71.97,68.96,3.01,16,3,General,1000.0,9.4,12.82,87.48
22.14,20.5,1.65,20,2,Recyclable,800.0,81.7,6.3,29.23
34.13,29.21,4.92,23,2,Organic,1200.0,88.7,18.16,51.57
20.38,17.62,2.76,23,1,General,1200.0,7.0,8.71,32.03
77.13,73.93,3.2,2,5,Recyclable,1000.0,31.2,9.83,86.68
94.31,91.94,2.37,7,4,General,1500.0,41.8,8.07,100.0
63.8,60.96,2.84,10,5,Organic,1500.0,64.0,13.27,79.36
45.71,42.77,2.94,21,5,General,1000.0,74.9,6.75,53.06
54.32,52.06,2.26,21,1,General,1200.0,96.9,10.93,63.22
43.6,41.55,2.05,7,2,Recyclable,1500.0,105.4,11.2,54.45
83.25,80.72,2.53,0,2,Recyclable,1200.0,74.7,5.59,90.82
22.14,20.25,1.89,21,1,Recyclable,800.0,93.5,6.83,28.99
15.77,11.93,3.84,17,3,General,1000.0,13.7,17.96,33.33
67.58,64.05,3.53,21,5,General,800.0,84.9,8.94,74.35
62.1,59.47,2.63,6,6,General,800.0,21.1,11.11,75.36
19.01,16.88,2.13,5,3,General,1000.0,30.3,7.74,28.72
12.83,11.2,1.63,13,2,Organic,800.0,11.9,8.06,18.34
55.64,52.35,3.29,11,2,General,1000.0,41.7,15.1,69.07
43.93,40.93,3.0,3,2,Recyclable,1200.0,31.5,5.96,51.15
81.45,79.75,1.69,18,3,General,1000.0,116.6,7.42,87.39
29.25,26.27,2.98,21,2,Recyclable,800.0,21.2,9.34,36.86
87.26,86.34,0.91,20,0,Recyclable,1500.0,21.1,9.52,95.55
50.45,45.21,5.24,1,4,General,800.0,56.4,15.19,64.37
18.72,15.1,3.62,4,2,Organic,1200.0,113.0,13.62,29.86
13.99,8.26,5.73,6,1,Organic,1500.0,46.9,20.11,36.61
87.23,85.37,1.86,23,5,General,1000.0,31.5,15.16,100.0
77.85,73.39,4.46,11,3,General,1000.0,111.9,9.95,84.68
64.16,60.09,4.07,4,5,General,800.0,32.4,14.92,75.15
17.51,14.55,2.97,13,5,Recyclable,800.0,50.1,11.13,25.32
85.59,83.53,2.06,3,0,General,1200.0,97.7,8.51,94.58
82.45,79.17,3.28,1,5,General,1200.0,89.5,13.85,97.61
35.57,31.07,4.5,13,0,Organic,1500.0,34.1,18.15,54.71
48.02,46.37,1.65,4,2,General,800.0,38.8,6.58,55.58
17.17,16.7,0.47,4,3,Recyclable,800.0,109.4,4.92,20.27
42.48,40.66,1.82,14,6,Recyclable,1000.0,75.2,11.09,50.53
13.68,12.49,1.19,2,3,Recyclable,1200.0,39.8,4.84,18.26
92.96,89.36,3.6,18,4,General,1200.0,75.1,16.21,100.0
31.54,31.14,0.4,7,1,Recyclable,1500.0,90.5,5.3,34.89
85.25,80.27,4.98,10,1,General,800.0,88.9,16.45,100.0
69.93,66.7,3.23,15,1,General,800.0,52.9,13.33,83.44
54.04,51.89,2.15,19,2,General,800.0,95.9,11.09,70.6
62.63,58.66,3.97,23,0,General,1200.0,29.2,15.49,77.07
32.48,29.41,3.07,2,6,Organic,1200.0,19.1,13.42,46.94
66.0,63.44,2.56,6,1,Organic,1500.0,71.3,11.48,82.06
39.23,32.72,6.51,17,6,Organic,1500.0,29.1,24.91,65.02
60.61,59.35,1.26,9,6,Recyclable,1200.0,54.7,14.4,76.38
84.5,80.88,3.62,9,0,Organic,1000.0,104.2,19.18,100.0
64.29,62.54,1.75,4,1,General,800.0,101.7,12.76,75.69
37.13,36.52,0.61,17,1,Recyclable,1000.0,39.2,5.62,40.47
85.46,80.4,5.06,23,1,Organic,800.0,60.6,16.34,100.0
26.75,23.94,2.81,5,6,Organic,800.0,3.9,13.59,43.92
57.23,53.43,3.8,22,1,General,1000.0,15.1,10.87,65.66
33.28,30.78,2.5,4,6,Organic,1000.0,91.7,13.67,45.11
92.09,89.57,2.52,1,5,Organic,1500.0,79.9,17.17,100.0
22.95,19.66,3.29,5,3,Recyclable,800.0,53.8,10.88,35.66
91.84,88.5,3.34,2,1,Organic,1000.0,5.9,15.89,100.0
20.01,15.66,4.35,10,5,Organic,1200.0,13.5,26.0,46.73
30.66,30.91,-0.24,22,5,Recyclable,1200.0,8.3,10.34,42.01
68.56,66.84,1.72,12,4,Organic,1500.0,119.2,13.2,82.44
49.91,46.32,3.59,22,1,General,1000.0,107.8,12.14,65.53
41.95,41.24,0.71,13,3,Recyclable,1500.0,93.2,6.83,47.57
21.94,18.11,3.84,11,1,General,1000.0,47.9,19.17,41.11
55.79,55.17,0.62,5,0,Organic,1000.0,30.9,8.86,64.66
68.04,63.92,4.12,21,0,Organic,1200.0,73.7,11.52,76.77
11.24,7.2,4.04,18,0,Recyclable,800.0,30.4,11.67,21.39
48.38,44.98,3.4,20,4,Organic,1000.0,113.8,10.49,58.26
79.45,75.31,4.14,4,1,General,800.0,62.3,11.82,88.6
43.49,41.14,2.35,21,0,Organic,1500.0,101.1,8.7,52.75
68.12,63.99,4.13,1,6,General,1200.0,21.5,10.09,78.67
81.04,79.41,1.63,4,3,General,1200.0,77.2,10.87,91.22
57.95,57.05,0.9,4,1,Recyclable,1200.0,49.9,4.81,62.61
76.26,72.69,3.57,3,2,General,1500.0,118.8,7.67,80.31
88.11,84.41,3.69,10,1,Organic,1000.0,92.4,16.31,100.0
15.75,12.29,3.46,11,4,Recyclable,800.0,70.9,11.35,26.43
54.88,51.8,3.08,20,5,Organic,1200.0,7.2,13.82,70.64
12.2,8.19,4.01,12,5,General,1000.0,70.5,18.44,30.48
85.72,80.15,5.56,1,6,Organic,1200.0,80.7,28.0,100.0
63.59,59.88,3.71,22,0,Organic,1500.0,106.5,10.48,74.24
59.43,57.16,2.27,4,5,General,1500.0,52.0,9.26,69.77
70.04,64.46,5.58,18,5,Organic,1500.0,109.2,23.8,94.04
25.14,24.67,0.47,15,1,Recyclable,1500.0,91.5,5.06,28.66
80.89,77.73,3.15,4,3,Recyclable,1200.0,85.6,9.78,91.4
72.54,70.0,2.54,5,0,General,800.0,67.0,9.12,80.96
26.36,25.84,0.52,10,0,Recyclable,1200.0,100.4,9.8,35.91
83.13,78.33,4.8,23,6,Organic,1500.0,67.8,28.17,100.0
60.76,57.14,3.62,16,5,Recyclable,1500.0,58.3,14.0,73.96
81.7,78.47,3.23,23,5,Organic,1500.0,8.2,16.4,99.5
11.4,7.55,3.86,16,0,Organic,800.0,10.8,18.15,28.45
12.69,11.14,1.55,14,6,Organic,800.0,84.3,11.09,27.61
59.62,55.67,3.95,22,6,Organic,800.0,36.6,22.0,78.71
39.71,36.42,3.29,19,3,Organic,1000.0,98.6,15.08,53.4
13.53,10.17,3.36,9,3,General,800.0,73.8,13.73,26.47
12.81,10.21,2.6,7,3,Recyclable,1500.0,95.4,8.57,22.01
22.65,19.74,2.91,2,3,General,1200.0,109.5,10.11,30.19
29.27,27.94,1.33,7,6,Recyclable,1200.0,2.3,10.4,39.71
52.93,51.94,0.99,6,6,General,1000.0,68.6,6.88,64.78
22.05,19.45,2.61,6,5,General,1500.0,83.8,7.97,32.12
28.53,26.19,2.33,1,3,General,1000.0,101.7,11.82,41.27
90.27,86.67,3.6,15,6,Organic,800.0,109.9,16.65,100.0
87.51,82.98,4.53,1,0,Organic,1000.0,56.9,18.74,100.0
93.95,89.61,4.34,8,0,Organic,1500.0,64.6,19.42,100.0
65.9,63.44,2.46,2,2,Recyclable,1000.0,90.6,8.92,78.88
66.16,64.46,1.7,5,2,Organic,1200.0,92.7,12.74,78.83
57.55,54.69,2.86,0,0,Recyclable,800.0,34.7,4.45,61.03
35.67,32.98,2.69,18,2,Recyclable,1000.0,65.7,7.8,45.89
50.63,48.54,2.1,14,6,Recyclable,800.0,108.6,8.55,62.32
74.72,72.33,2.39,16,1,General,1200.0,17.1,7.87,80.34
94.29,92.64,1.65,18,5,Recyclable,1000.0,86.6,6.96,99.66
29.95,26.93,3.03,11,0,General,1500.0,115.6,18.32,45.12
81.61,79.81,1.8,7,0,General,800.0,95.4,9.57,94.36
80.44,78.23,2.21,16,0,General,1500.0,67.3,9.92,88.94
15.05,11.92,3.13,4,6,Recyclable,1200.0,66.2,7.97,23.95
50.94,47.27,3.66,12,5,General,1500.0,103.1,19.05,70.82
44.71,40.91,3.8,20,5,Organic,1500.0,32.2,17.08,62.25
89.07,86.69,2.38,18,2,Recyclable,800.0,108.0,4.11,95.5
49.65,46.74,2.91,10,1,Organic,1000.0,33.1,19.61,69.58
37.45,33.22,4.23,9,3,Organic,1000.0,57.7,18.79,57.3
85.21,80.79,4.42,11,0,Organic,1000.0,63.2,12.69,96.11
59.72,58.4,1.31,18,3,Recyclable,1200.0,82.8,9.67,68.62
57.23,56.62,0.61,0,5,General,1200.0,30.7,7.8,64.54
40.71,37.01,3.7,16,1,Recyclable,800.0,53.3,11.0,49.63
76.99,73.93,3.06,21,2,Organic,1200.0,38.9,14.98,93.25
33.19,32.13,1.05,14,4,Organic,1000.0,11.8,10.43,45.05
50.87,48.87,2.0,0,2,Recyclable,1200.0,11.9,10.04,63.28
21.54,18.1,3.44,10,3,Organic,1200.0,78.1,18.6,42.7
12.26,10.97,1.29,13,5,Recyclable,1000.0,61.0,11.88,25.92
90.2,87.32,2.88,16,2,Organic,1500.0,111.7,15.89,100.0
45.1,43.89,1.21,15,5,Recyclable,1500.0,70.8,7.69,53.32
90.24,88.28,1.97,0,1,General,800.0,30.6,14.04,100.0
65.33,62.81,2.52,16,5,Recyclable,1000.0,84.6,10.71,77.76
85.66,81.03,4.63,15,3,Recyclable,800.0,87.3,7.85,92.32
42.13,38.46,3.67,20,2,General,800.0,118.5,13.66,57.64
64.71,60.5,4.22,11,3,General,1500.0,17.0,19.07,82.69
35.95,31.8,4.15,11,2,Organic,1500.0,6.5,12.75,50.7
41.7,38.79,2.91,7,1,Organic,800.0,23.9,14.93,56.7
22.9,21.92,0.98,22,3,Recyclable,1000.0,23.7,8.4,28.6
16.89,14.09,2.8,7,5,Organic,800.0,94.3,14.38,33.84
32.26,28.31,3.95,13,2,General,1500.0,115.0,13.8,42.39
61.42,58.35,3.06,1,1,Recyclable,1200.0,3.3,10.64,70.8
11.99,10.85,1.14,7,5,General,1500.0,18.3,7.28,22.26
13.18,10.37,2.81,4,4,Organic,1000.0,57.7,11.31,21.14
75.5,69.41,6.09,9,4,Organic,1500.0,87.0,21.82,100.0
76.08,71.7,4.38,18,4,General,1200.0,87.7,18.82,93.5
11.2,8.83,2.37,14,1,Recyclable,1000.0,16.9,9.58,19.94
18.53,17.51,1.02,15,4,Recyclable,1200.0,23.4,8.97,26.34
79.63,76.09,3.54,18,6,General,1500.0,30.9,14.28,91.95
55.16,54.57,0.59,12,5,General,1500.0,5.9,11.17,65.46
34.23,30.91,3.32,22,0,Organic,800.0,75.5,15.63,46.56
51.28,48.32,2.96,23,1,Organic,800.0,62.9,10.63,64.11
73.94,70.82,3.12,0,4,Organic,1000.0,99.9,8.56,81.11
41.63,40.72,0.91,9,2,Recyclable,800.0,12.3,8.92,50.4
49.28,48.39,0.89,21,4,Recyclable,1000.0,30.1,6.25,54.22
43.51,40.92,2.6,7,5,Organic,1500.0,55.3,19.82,66.65
58.62,54.11,4.52,5,5,Organic,1500.0,54.0,27.31,85.59
24.62,21.4,3.22,16,4,Recyclable,1200.0,20.3,10.84,40.67
33.83,30.94,2.89,16,2,Recyclable,1500.0,72.3,7.55,41.59
60.32,58.1,2.21,19,4,General,1500.0,83.7,14.56,74.6
35.37,31.33,4.04,15,5,Recyclable,1200.0,28.2,12.71,47.1
38.3,36.65,1.65,8,3,Organic,1200.0,71.3,11.1,45.72
20.3,18.4,1.9,23,4,Recyclable,800.0,8.8,9.47,30.44
74.87,72.07,2.8,9,5,General,800.0,20.6,15.86,85.69
91.6,89.99,1.6,20,2,Recyclable,1200.0,25.5,8.07,100.0
64.07,61.28,2.78,20,4,General,800.0,56.2,13.03,79.32
19.06,14.88,4.17,20,2,Organic,1500.0,111.1,10.06,28.36
70.95,69.61,1.34,2,1,Recyclable,1500.0,77.9,6.59,76.11
50.33,47.43,2.9,4,5,Recyclable,1500.0,33.9,12.62,63.9
80.71,78.81,1.9,22,3,General,1500.0,106.0,9.0,91.79
76.49,74.26,2.23,17,4,Recyclable,800.0,48.9,9.53,88.5
42.84,40.22,2.62,20,1,Organic,1000.0,22.6,14.49,56.94
79.22,77.58,1.64,8,1,General,1500.0,84.9,8.15,84.48
80.71,77.48,3.23,8,5,Recyclable,1200.0,7.1,14.48,98.04
85.31,83.78,1.52,8,5,Recyclable,1000.0,104.3,10.57,92.93
13.57,9.85,3.71,11,2,General,800.0,87.0,12.2,25.18
49.74,45.83,3.91,18,4,Organic,1000.0,11.3,21.31,73.01
85.27,83.19,2.08,5,5,Organic,1200.0,50.8,13.06,95.81
34.15,28.45,5.7,10,1,Organic,1000.0,112.8,21.42,58.19
60.93,58.73,2.2,22,2,Organic,800.0,54.5,15.58,75.2
64.68,62.16,2.52,3,4,Recyclable,1200.0,43.1,9.98,77.6
60.25,58.76,1.49,3,2,General,800.0,114.8,9.24,71.65
37.11,33.66,3.45,10,5,Organic,800.0,65.1,19.86,59.42
67.17,65.35,1.82,21,2,Organic,1500.0,50.0,8.9,75.14
67.69,67.37,0.32,17,2,Recyclable,1200.0,14.0,5.55,72.96
30.02,27.05,2.97,16,2,Recyclable,1000.0,95.4,10.48,39.57
78.02,74.13,3.89,16,3,General,1500.0,65.1,18.7,98.71
21.18,19.58,1.6,15,3,Organic,1200.0,50.8,10.65,31.18
94.47,91.75,2.72,12,0,Recyclable,1200.0,92.0,11.48,100.0
27.91,26.12,1.79,14,0,Recyclable,1000.0,54.2,7.81,33.87
89.53,87.45,2.08,19,2,General,1000.0,76.5,11.11,100.0
61.96,59.29,2.67,5,0,General,1500.0,38.5,9.86,69.55
10.7,6.86,3.84,23,1,Organic,1200.0,79.0,16.1,24.13
35.41,31.82,3.59,23,0,Recyclable,1500.0,32.2,10.59,46.91
40.94,36.52,4.42,7,0,Organic,800.0,11.0,17.08,52.25
60.51,59.19,1.33,0,3,General,800.0,78.2,9.54,69.52
69.12,67.59,1.53,1,1,Recyclable,1000.0,107.9,6.88,81.41
29.87,28.68,1.18,4,2,Recyclable,1000.0,23.7,4.71,36.63
79.78,76.89,2.89,13,4,Recyclable,800.0,75.9,11.93,91.19
52.4,47.23,5.17,9,5,Organic,1500.0,50.9,27.03,77.88
30.92,27.51,3.41,8,2,Recyclable,1500.0,19.0,8.15,41.68
88.44,87.47,0.97,1,4,General,800.0,104.8,6.81,94.2
55.86,53.03,2.83,16,5,Recyclable,1000.0,65.9,12.63,70.52
76.68,74.14,2.54,10,1,Organic,1000.0,86.0,14.03,91.03
84.1,81.47,2.63,15,2,Recyclable,1500.0,56.9,11.19,95.78
11.69,7.08,4.61,7,1,Organic,800.0,62.8,15.46,27.78
82.0,79.38,2.63,23,2,General,800.0,42.3,8.16,90.7
83.86,79.88,3.98,18,0,Organic,1000.0,85.1,21.98,100.0
58.69,53.9,4.79,21,2,Organic,1500.0,30.9,21.35,76.66
18.38,13.49,4.89,3,1,General,1000.0,10.9,11.0,29.32
90.24,89.91,0.33,22,1,Recyclable,1000.0,36.7,4.58,94.19
72.73,70.45,2.28,19,0,Recyclable,1500.0,34.1,7.33,80.44
29.9,26.85,3.05,15,6,Organic,1500.0,108.6,18.7,50.07
49.86,43.58,6.28,9,5,Organic,1000.0,87.3,23.73,73.37
16.22,14.79,1.43,11,5,General,1000.0,23.3,10.02,26.79
12.49,8.13,4.36,7,0,General,1000.0,93.8,14.37,26.67
78.02,74.91,3.11,23,1,Organic,1000.0,22.6,12.41,90.03
62.82,60.34,2.47,7,1,General,1000.0,79.0,6.14,70.88
20.55,15.52,5.02,17,4,General,800.0,6.2,11.4,35.55
22.21,20.42,1.78,10,1,Recyclable,1500.0,72.3,6.81,31.55
77.29,75.89,1.4,14,2,Recyclable,1500.0,5.0,8.02,84.9
94.32,91.13,3.19,13,3,General,1000.0,51.0,9.51,100.0
64.73,61.22,3.51,2,3,Recyclable,1000.0,51.8,6.8,72.99
92.56,90.25,2.3,8,3,Recyclable,1500.0,76.6,10.02,100.0
39.01,37.09,1.92,2,5,Organic,1000.0,94.3,14.31,51.18
23.43,17.81,5.62,16,0,Organic,800.0,66.6,17.19,41.24
11.85,8.24,3.61,11,2,Organic,1500.0,48.1,17.64,28.64
30.43,26.31,4.12,0,3,Organic,1000.0,10.1,14.25,47.74
71.01,67.99,3.02,20,4,Organic,1500.0,96.5,13.42,88.98
91.73,88.77,2.96,7,6,General,1200.0,73.6,10.78,100.0
15.79,12.27,3.52,11,0,General,800.0,49.4,15.43,29.93
24.73,20.72,4.01,12,6,Organic,1500.0,103.1,20.52,45.22
39.75,37.78,1.98,21,5,Recyclable,1500.0,41.6,14.66,53.34
89.33,84.46,4.87,9,5,General,1000.0,28.5,15.49,100.0
37.66,33.7,3.96,12,3,Organic,800.0,14.8,19.55,55.25
20.88,16.58,4.3,10,2,Organic,800.0,9.2,14.85,38.76
25.17,22.21,2.96,4,4,Organic,1500.0,45.5,14.21,39.04
62.72,58.17,4.55,22,1,Organic,1200.0,4.9,16.11,78.51
68.23,65.76,2.47,6,2,Recyclable,1500.0,6.6,11.48,84.31
91.24,88.11,3.13,10,1,Organic,1200.0,61.5,14.47,100.0
50.2,47.92,2.27,19,3,General,1000.0,41.8,7.66,54.96
77.63,72.81,4.81,2,3,Organic,1200.0,50.5,18.54,94.72
35.94,31.42,4.52,13,1,Organic,800.0,58.1,18.46,53.01
15.51,12.76,2.74,20,4,General,1500.0,53.7,10.75,28.3
51.49,49.58,1.91,12,6,Organic,1200.0,40.4,10.67,64.64
35.27,31.1,4.16,20,5,Organic,1500.0,91.3,23.79,59.92
89.78,87.45,2.33,4,3,General,1500.0,68.3,7.54,96.7
50.59,47.51,3.08,9,5,Recyclable,1000.0,82.1,13.75,65.43
72.6,69.96,2.63,16,3,General,800.0,77.2,9.21,83.17
54.76,51.67,3.09,20,4,Organic,1200.0,36.6,14.21,69.99
66.13,63.18,2.96,11,6,General,1500.0,69.6,8.63,74.28
30.05,26.69,3.36,10,4,Recyclable,800.0,92.6,5.82,36.49
45.04,44.64,0.41,3,3,Recyclable,1500.0,58.1,9.31,54.46
45.67,45.76,-0.09,10,2,Recyclable,1500.0,67.5,6.09,50.32
65.77,63.39,2.38,19,5,General,1000.0,77.5,6.4,72.33
23.88,18.95,4.93,1,2,Organic,1200.0,88.5,19.39,43.54
25.61,23.74,1.87,17,3,Recyclable,800.0,86.7,7.71,36.15
63.59,63.09,0.5,7,3,Recyclable,800.0,86.9,7.5,69.1
14.01,11.42,2.59,6,5,Recyclable,800.0,7.0,14.35,25.98
24.99,24.38,0.61,20,6,Recyclable,1000.0,62.9,7.38,27.38
45.08,43.24,1.84,19,4,General,800.0,4.3,9.68,50.2
18.97,15.73,3.23,7,0,Recyclable,1200.0,41.2,8.45,30.22
41.99,38.75,3.23,17,1,Recyclable,1500.0,79.3,10.64,53.35
81.47,78.55,2.92,12,2,General,1500.0,62.9,14.43,99.5
27.64,24.5,3.14,12,3,Recyclable,1200.0,40.6,9.65,39.3
29.43,26.43,3.0,4,2,General,1200.0,110.9,10.31,40.15
94.61,92.98,1.64,17,4,General,1200.0,44.7,18.05,100.0
75.32,72.29,3.03,0,5,Organic,1500.0,84.8,19.43,95.07
84.89,84.38,0.51,23,2,Recyclable,1500.0,43.3,5.4,89.66
52.85,49.02,3.83,21,3,Organic,800.0,49.3,8.54,61.47
61.39,57.83,3.55,11,0,Recyclable,1000.0,67.3,10.98,75.34
15.05,12.71,2.33,21,3,Recyclable,800.0,27.5,5.02,20.91
67.75,63.95,3.8,10,2,Organic,1200.0,33.0,17.3,84.76
42.76,36.94,5.82,16,0,General,1000.0,99.9,16.52,57.67
39.97,40.71,-0.74,0,5,Recyclable,1500.0,7.7,6.66,43.71
82.28,78.31,3.97,2,0,General,1200.0,76.7,12.3,92.55
32.14,30.01,2.13,18,4,Recyclable,1000.0,64.8,4.79,35.81
82.37,80.57,1.8,11,0,Organic,800.0,96.8,8.6,85.58
15.2,8.74,6.46,19,1,Organic,1500.0,13.8,20.81,33.62
11.86,9.27,2.59,13,3,Recyclable,1500.0,65.1,4.32,14.55
72.41,69.18,3.23,16,6,Organic,800.0,42.3,17.46,90.57
59.75,58.39,1.36,23,4,Recyclable,1500.0,59.7,10.32,73.72
55.15,50.24,4.91,16,4,General,1000.0,22.3,14.57,66.74
67.71,64.7,3.01,7,4,Organic,800.0,59.7,8.08,74.47
47.18,45.48,1.7,3,3,Recyclable,800.0,81.3,7.13,51.89
73.75,71.49,2.26,1,2,General,1200.0,33.4,11.12,85.04
30.49,28.68,1.81,1,0,General,1000.0,34.9,10.92,42.67
81.8,77.64,4.16,8,3,Recyclable,800.0,18.6,11.47,97.79
16.57,14.94,1.63,19,0,Recyclable,1200.0,36.1,9.74,25.56
49.89,45.8,4.08,9,4,Organic,1200.0,61.1,19.88,68.37
22.53,19.7,2.83,23,5,Organic,1000.0,2.8,21.32,44.47
73.58,69.33,4.25,14,2,Recyclable,800.0,22.5,11.56,83.06
39.02,36.24,2.78,6,3,General,1000.0,19.3,12.9,51.53
91.25,86.16,5.09,13,4,Organic,1500.0,30.8,21.09,100.0
64.65,63.35,1.3,14,1,Recyclable,800.0,59.0,11.52,72.2
83.36,80.92,2.44,3,4,General,1000.0,110.9,7.04,90.36
18.58,17.88,0.71,9,4,Recyclable,1000.0,54.7,6.38,26.87
90.49,85.6,4.89,4,0,General,800.0,112.0,14.88,100.0
34.75,32.14,2.61,23,4,Recyclable,1000.0,27.6,11.94,45.35
63.2,59.84,3.36,20,3,Organic,800.0,11.6,13.74,75.55
69.1,67.61,1.48,23,5,Recyclable,1200.0,111.1,11.23,80.81
49.97,44.95,5.02,20,6,Organic,800.0,42.1,27.96,78.34
56.01,52.47,3.54,9,5,General,1000.0,16.4,14.86,74.7
37.04,33.85,3.18,8,1,Organic,1200.0,100.1,16.25,51.56
60.77,57.11,3.67,1,5,Organic,1000.0,71.9,13.65,72.76
44.26,41.83,2.42,9,6,Recyclable,1500.0,83.9,10.1,56.16
88.89,86.0,2.89,13,2,General,1000.0,101.7,14.83,100.0
75.29,73.4,1.88,13,5,General,1500.0,26.0,8.33,85.21
77.12,73.58,3.54,10,4,Organic,1200.0,64.4,15.11,90.42
59.43,57.15,2.28,23,0,General,800.0,46.4,6.91,67.25
29.5,25.91,3.59,1,4,Organic,1200.0,114.9,17.05,49.71
78.32,74.52,3.8,6,3,Organic,1000.0,58.6,11.22,87.53
17.87,16.16,1.71,9,6,Organic,800.0,72.5,14.48,30.82
62.47,59.7,2.77,9,3,Recyclable,1500.0,33.5,8.27,70.78
11.73,6.79,4.94,23,0,Organic,800.0,49.9,18.05,27.38
60.58,59.27,1.32,20,4,General,1200.0,31.5,6.7,65.04
86.92,84.02,2.91,16,5,Recyclable,1000.0,116.8,10.45,95.3
46.77,40.39,6.38,20,4,Organic,1000.0,2.2,21.51,65.91
88.87,85.37,3.5,11,5,General,1200.0,112.2,10.7,100.0
53.86,50.36,3.5,18,4,Organic,800.0,36.7,12.68,63.51
13.81,11.47,2.35,11,5,Recyclable,1200.0,65.1,9.22,22.69
29.81,27.57,2.23,9,1,General,1200.0,33.3,12.47,45.06
64.83,63.9,0.92,22,0,Organic,1200.0,64.2,11.3,75.01
30.94,29.08,1.86,21,5,Recyclable,1200.0,38.1,6.39,38.78
43.06,38.2,4.85,13,3,Organic,1200.0,31.0,17.91,61.16
31.95,29.08,2.87,18,5,Organic,1500.0,66.1,13.87,42.22
23.03,16.58,6.45,8,4,Organic,1000.0,88.0,17.94,40.0
38.61,35.48,3.13,11,2,Organic,1200.0,114.2,14.25,49.55
16.44,14.14,2.29,13,4,General,1500.0,94.1,12.97,29.83
12.99,8.31,4.68,9,6,Organic,1200.0,47.4,23.88,37.96
93.81,90.68,3.12,4,5,Organic,1200.0,9.9,21.4,100.0
25.9,21.73,4.16,16,4,Organic,1200.0,38.6,10.73,31.58
87.68,84.21,3.47,14,0,Recyclable,1000.0,104.0,11.74,98.5
11.38,7.06,4.32,6,4,Organic,1000.0,64.5,18.89,28.4
90.55,89.29,1.26,20,4,General,800.0,44.7,6.37,97.14
85.37,82.62,2.75,1,4,General,1500.0,89.0,14.45,100.0
53.67,51.94,1.72,8,5,General,1000.0,83.3,12.51,64.96
75.17,72.36,2.81,17,2,Organic,800.0,41.5,16.98,90.35
75.26,75.56,-0.3,9,2,General,1500.0,43.3,6.7,85.13
50.85,47.88,2.97,2,3,General,1500.0,45.1,9.73,60.05
87.43,83.28,4.15,19,2,Organic,1000.0,95.0,16.27,100.0
64.3,59.83,4.47,10,1,Organic,1200.0,71.9,11.9,79.15
69.44,66.96,2.48,20,5,Recyclable,800.0,110.8,13.54,84.71
71.76,68.62,3.14,18,5,General,1200.0,56.8,15.29,87.84
44.69,41.68,3.01,0,1,General,1500.0,102.1,15.46,59.85
56.98,55.18,1.79,3,2,Organic,1500.0,69.6,12.28,66.04
61.88,59.64,2.24,0,1,Recyclable,800.0,36.9,10.96,77.01
40.41,37.52,2.89,2,2,General,1200.0,16.7,6.27,45.73
42.4,40.13,2.27,8,0,Recyclable,1000.0,17.2,8.92,50.78
28.76,28.63,0.13,0,5,General,1000.0,85.6,7.91,38.28
45.83,43.33,2.5,3,2,Recyclable,1000.0,2.6,10.6,58.21
76.66,72.29,4.37,2,2,Organic,1200.0,60.3,13.18,90.81
43.0,38.37,4.63,19,1,Organic,1000.0,77.8,12.06,55.48
32.1,27.9,4.2,14,2,General,800.0,98.9,10.71,40.18
58.59,55.46,3.13,21,3,General,1000.0,17.7,10.47,71.32
36.51,35.04,1.46,16,4,General,1200.0,113.7,12.34,48.2
30.85,27.49,3.36,21,0,General,800.0,62.6,7.06,38.56
11.09,7.05,4.04,18,3,General,800.0,109.9,16.23,24.32
82.46,81.69,0.76,19,3,Recyclable,1200.0,79.8,7.79,88.67
66.7,65.02,1.68,23,5,Organic,1200.0,60.3,13.08,79.2
11.19,8.09,3.1,14,5,Organic,1200.0,101.5,18.13,29.54
57.24,53.81,3.43,2,4,General,1500.0,15.2,15.22,72.46
70.93,66.82,4.11,4,4,Organic,1000.0,88.3,14.82,87.34
82.19,76.73,5.46,4,1,Organic,1200.0,3.7,14.31,100.0
34.69,34.1,0.59,10,2,Recyclable,1200.0,55.4,6.22,43.16
89.18,85.04,4.14,16,0,Recyclable,800.0,4.4,10.64,98.23
91.71,88.83,2.89,6,4,General,800.0,51.3,13.64,100.0
74.59,69.79,4.81,16,5,Organic,1000.0,24.9,21.17,94.61
37.58,35.03,2.54,16,5,Recyclable,1000.0,30.0,6.59,42.91
68.03,65.69,2.34,7,4,Recyclable,1500.0,107.9,11.83,81.55
36.0,34.73,1.27,8,0,Recyclable,1200.0,73.8,5.08,42.25
87.51,84.69,2.82,9,5,General,800.0,44.4,7.76,96.91
89.27,87.16,2.1,18,3,Recyclable,1200.0,32.6,11.19,99.52
75.23,72.86,2.37,23,1,General,800.0,80.5,12.19,87.06
32.27,30.06,2.21,18,1,General,800.0,61.7,13.65,44.29
13.11,9.06,4.05,19,5,General,1500.0,113.2,13.81,27.05
89.39,87.9,1.49,20,4,Recyclable,1200.0,114.8,6.99,96.7
93.79,91.56,2.23,10,5,General,1500.0,50.8,9.92,100.0
18.51,15.47,3.04,10,0,Recyclable,1200.0,65.8,11.73,30.09
53.91,51.81,2.1,13,1,General,800.0,87.6,10.88,64.09
39.3,31.81,7.49,3,2,Organic,800.0,81.0,17.14,58.92
28.72,24.87,3.86,9,2,General,800.0,98.2,11.0,40.26
84.65,83.13,1.52,9,3,Recyclable,800.0,95.1,5.66,89.84
18.96,16.76,2.21,14,0,Recyclable,1000.0,35.8,6.82,28.31
63.56,62.21,1.35,0,3,Recyclable,800.0,44.7,11.13,74.92
46.58,43.47,3.11,18,3,Organic,1200.0,13.9,11.64,58.78
60.35,56.79,3.56,18,1,General,1500.0,104.3,11.57,71.63
60.66,60.26,0.4,16,1,General,800.0,65.6,8.09,66.67
26.52,21.47,5.05,5,6,General,800.0,51.1,14.52,38.54
45.81,42.83,2.98,2,3,Organic,1000.0,102.9,14.65,59.48
25.04,23.53,1.51,15,5,Recyclable,1000.0,38.6,14.76,39.65
69.89,68.01,1.88,15,6,Recyclable,1500.0,16.8,14.02,84.46
14.28,11.17,3.11,0,0,Recyclable,1500.0,20.1,8.53,22.92
50.44,47.2,3.24,5,1,General,1000.0,36.9,9.47,59.94
74.48,71.83,2.65,10,3,Recyclable,800.0,71.4,5.41,79.08
83.15,81.78,1.37,22,4,General,1200.0,4.0,7.93,93.66
37.34,35.37,1.96,17,4,Organic,800.0,89.7,10.22,47.51
48.08,46.2,1.88,2,1,General,1200.0,38.6,8.5,58.01
42.79,39.48,3.31,0,4,General,1200.0,94.3,11.53,54.3
60.39,55.27,5.12,22,2,Organic,1000.0,43.1,19.97,82.45
19.7,17.61,2.09,17,1,Recyclable,1000.0,102.8,10.54,29.61
19.24,15.12,4.11,18,0,Organic,1500.0,81.6,16.05,35.68
30.09,27.25,2.83,18,2,Recyclable,1200.0,88.5,9.46,41.09
37.74,34.73,3.01,10,6,Recyclable,1200.0,50.6,13.85,54.09
25.34,20.64,4.7,22,4,General,1500.0,111.5,13.64,38.36
21.56,21.03,0.53,11,3,Recyclable,800.0,30.2,5.77,28.14
28.57,23.9,4.67,20,0,Organic,1200.0,9.6,16.12,47.24
15.65,15.54,0.11,2,5,Recyclable,1000.0,15.6,6.41,23.0
72.12,69.45,2.67,16,6,General,1500.0,79.0,14.01,85.43
26.77,22.53,4.25,2,6,General,1200.0,54.9,12.51,36.27
12.04,7.2,4.84,19,0,General,800.0,93.6,12.8,27.34
53.27,50.18,3.09,21,2,Recyclable,1500.0,36.4,8.55,61.24
83.97,79.01,4.96,17,5,Organic,800.0,77.9,25.57,100.0
21.24,19.74,1.5,2,2,General,1000.0,107.1,7.51,30.42
21.57,20.62,0.94,0,2,Recyclable,800.0,93.3,6.63,32.67
38.56,36.89,1.67,4,1,Organic,1000.0,50.7,11.14,51.29
30.14,26.79,3.35,21,6,General,1000.0,102.2,13.68,45.02
38.22,39.69,-1.47,6,2,Recyclable,800.0,98.9,4.57,42.58
10.67,8.46,2.21,9,1,Recyclable,1000.0,3.7,9.44,19.02
57.53,55.05,2.48,19,6,Recyclable,1500.0,55.4,11.03,67.19
51.43,49.31,2.12,0,3,Recyclable,1200.0,37.3,7.47,57.6
31.71,30.34,1.37,10,1,Recyclable,1200.0,55.8,5.94,39.41
94.93,91.32,3.61,9,0,Organic,1000.0,53.4,9.86,100.0
91.5,90.41,1.1,6,2,Recyclable,1500.0,116.2,9.18,100.0
32.96,29.77,3.19,3,2,Organic,1000.0,7.6,12.53,46.86
19.15,17.28,1.86,2,0,Recyclable,1500.0,58.7,10.55,27.03
64.01,63.84,0.18,6,1,Recyclable,1200.0,14.7,6.4,65.63
40.38,37.19,3.2,6,6,Recyclable,1000.0,88.7,8.92,51.57
71.56,69.95,1.61,11,2,Organic,1200.0,95.0,9.76,82.17
92.04,91.05,0.99,10,0,General,1200.0,41.4,8.3,100.0
12.69,9.69,3.0,18,3,General,1200.0,56.6,11.68,22.1
15.14,11.76,3.38,10,1,Recyclable,1500.0,85.2,10.18,21.1
72.12,69.86,2.26,21,2,General,1200.0,91.9,12.55,84.12
24.7,22.01,2.69,6,6,Recyclable,1200.0,94.1,12.17,37.28
91.32,86.15,5.17,16,4,Organic,1500.0,21.4,17.8,100.0
39.1,37.26,1.84,14,0,Organic,800.0,114.3,8.9,50.42
93.24,88.09,5.15,21,0,Organic,1000.0,58.8,21.21,100.0
87.48,82.9,4.58,11,5,Organic,1000.0,82.6,26.57,100.0
61.95,60.33,1.63,15,5,Organic,1200.0,82.7,12.82,74.54
58.2,54.58,3.62,13,2,General,1000.0,61.4,14.42,70.82
82.28,79.03,3.25,21,3,Recyclable,1000.0,22.2,9.58,89.73
59.78,58.39,1.39,2,0,General,1000.0,29.4,9.71,69.96
78.64,74.69,3.95,5,3,Organic,1000.0,69.3,13.83,93.26
53.8,50.45,3.35,0,2,Organic,1500.0,99.6,13.89,68.92
73.64,69.34,4.3,11,3,Organic,1500.0,7.6,21.9,92.77
30.24,25.34,4.9,22,6,General,800.0,66.3,15.59,45.9
16.9,12.04,4.86,15,6,Organic,1000.0,89.7,21.77,38.45
46.22,42.2,4.02,20,4,Organic,1200.0,38.8,12.17,59.0
57.22,49.77,7.45,9,4,Organic,1000.0,30.2,21.95,79.58
84.45,81.2,3.24,11,0,Organic,1200.0,53.3,20.55,100.0
71.55,70.31,1.24,8,2,Recyclable,800.0,96.7,6.1,74.86
62.26,57.24,5.02,4,1,Organic,800.0,93.6,15.89,78.38
46.16,42.68,3.48,17,6,General,1000.0,17.0,17.81,64.79
84.51,81.22,3.29,17,5,General,1200.0,46.6,14.57,99.35
56.19,51.82,4.37,7,0,Organic,800.0,76.3,13.49,64.35
10.53,9.66,0.87,16,5,Recyclable,1000.0,48.8,10.97,22.65
62.19,59.6,2.58,4,6,General,1200.0,83.2,12.79,75.29
93.24,85.96,7.28,7,2,Organic,1500.0,80.1,21.28,100.0
33.24,29.83,3.41,21,0,Organic,1000.0,2.9,13.97,43.1
57.16,52.91,4.25,11,0,Organic,800.0,13.6,13.4,71.01
36.41,34.44,1.97,23,6,General,1200.0,96.5,8.32,46.52
75.63,69.14,6.49,17,6,Organic,1200.0,31.5,28.52,100.0
47.82,46.9,0.92,2,4,Recyclable,800.0,53.5,4.67,52.57
35.89,34.41,1.48,19,2,General,800.0,116.7,7.05,45.87
73.73,72.46,1.27,12,0,Recyclable,1500.0,22.0,8.21,79.08
11.58,9.33,2.25,22,0,Organic,1200.0,20.0,17.09,31.32
83.02,80.8,2.21,3,6,General,1200.0,61.5,9.68,86.87
72.61,69.07,3.54,4,0,Recyclable,1000.0,100.9,5.93,79.03
85.41,81.99,3.42,17,2,Organic,800.0,6.8,16.72,100.0
94.54,92.13,2.41,18,5,Recyclable,1200.0,92.9,13.21,100.0
35.24,30.72,4.52,14,4,Organic,1000.0,34.3,19.51,54.32
70.26,67.94,2.33,7,1,Organic,1200.0,49.6,13.31,82.94
20.77,17.88,2.89,11,3,Organic,1200.0,74.2,17.41,37.08
94.65,92.77,1.87,20,1,Recyclable,1000.0,88.6,5.18,100.0
51.76,51.01,0.75,22,4,Recyclable,1000.0,77.3,6.6,60.97
20.05,15.25,4.8,20,6,General,800.0,6.6,15.07,36.09
30.0,25.44,4.56,10,5,Organic,1000.0,89.3,17.38,43.6
46.48,41.58,4.9,17,1,Organic,800.0,69.5,18.12,65.25
84.62,81.28,3.34,15,0,General,1500.0,111.1,16.98,99.98
77.8,75.19,2.61,16,3,General,1500.0,8.7,18.02,99.0
21.03,16.18,4.85,13,1,General,800.0,8.1,17.85,36.52
41.75,40.71,1.04,6,2,Recyclable,800.0,97.5,9.48,50.79
22.33,18.01,4.32,16,3,General,1000.0,48.0,10.33,31.05
74.31,73.06,1.25,19,5,Recyclable,1200.0,111.5,9.55,86.71
66.68,61.21,5.47,0,6,Organic,800.0,4.8,21.09,90.11
68.8,68.05,0.75,4,6,Recyclable,1500.0,47.1,10.54,76.1
49.95,45.84,4.11,4,6,General,1200.0,20.3,12.01,61.24
92.73,90.48,2.25,18,1,Organic,800.0,117.3,12.14,100.0
55.0,51.16,3.83,0,0,Organic,1500.0,29.4,13.74,69.98
50.71,43.97,6.74,6,3,Organic,1200.0,115.1,21.26,76.15
48.45,46.01,2.44,20,4,Organic,1200.0,9.4,11.54,60.27
26.93,22.38,4.55,22,0,General,800.0,50.4,13.87,40.21
30.28,25.58,4.71,14,1,Organic,1200.0,102.0,18.42,47.42
25.59,24.15,1.44,20,4,Organic,1500.0,66.3,13.27,37.4
11.1,7.99,3.11,22,0,Organic,1500.0,19.8,10.75,23.48
55.73,53.05,2.68,15,2,Recyclable,800.0,87.4,6.64,63.52
82.82,76.9,5.92,11,1,Organic,1500.0,100.2,21.28,100.0
37.69,34.69,3.0,1,4,Organic,1500.0,93.7,9.37,47.63
69.17,68.28,0.88,18,1,Organic,1200.0,110.1,8.26,75.4
53.14,49.71,3.43,18,5,General,1000.0,15.8,13.3,63.05
45.78,39.21,6.57,13,3,Organic,800.0,66.5,17.34,62.57
41.24,34.16,7.08,5,3,Organic,1200.0,63.8,20.82,65.83
73.07,69.34,3.73,9,1,Organic,800.0,68.6,13.59,89.06
93.39,89.15,4.24,5,1,Organic,1200.0,50.4,11.92,100.0
25.15,23.52,1.63,8,4,General,1200.0,17.0,6.96,32.05
56.99,53.27,3.73,3,0,Recyclable,1000.0,112.1,11.16,68.36
36.6,33.0,3.6,20,0,Recyclable,1200.0,38.9,10.27,47.75
52.85,51.71,1.14,19,4,Recyclable,1200.0,47.5,6.01,61.65
66.77,62.73,4.04,10,3,Recyclable,800.0,117.8,8.01,75.23
21.12,15.74,5.38,10,6,Organic,1200.0,8.4,21.73,41.62
38.24,35.12,3.12,17,5,Recyclable,800.0,23.4,11.55,47.61
12.86,9.19,3.68,7,2,Organic,1500.0,31.2,14.76,25.24
85.95,83.77,2.18,8,1,Recyclable,1000.0,9.9,10.12,95.57
86.18,83.36,2.83,18,1,Recyclable,800.0,113.2,8.73,92.39
45.52,42.63,2.89,22,0,General,1000.0,8.0,9.65,55.84
14.14,11.58,2.56,17,2,Recyclable,800.0,112.8,8.67,25.28
39.9,36.19,3.7,11,0,Recyclable,1000.0,57.2,6.78,50.8
41.7,35.5,6.2,8,0,Organic,1200.0,110.6,18.58,57.31
38.97,37.49,1.48,15,2,Recyclable,1500.0,5.5,5.21,40.68
82.3,78.2,4.1,23,1,General,1200.0,94.4,13.68,94.99
76.78,75.32,1.46,19,5,Recyclable,1200.0,57.5,6.17,83.45
47.09,44.25,2.84,21,2,General,1200.0,43.9,6.07,52.84
77.3,72.58,4.72,20,2,Organic,800.0,48.0,20.66,98.28
65.31,63.13,2.19,5,0,General,1500.0,113.5,6.26,69.75
59.61,57.5,2.11,21,4,Recyclable,1200.0,91.1,10.14,69.26
27.62,24.83,2.8,4,4,General,1200.0,104.6,9.05,35.55
42.32,41.7,0.62,15,4,Recyclable,1200.0,36.3,4.03,48.16
28.21,23.08,5.13,6,2,Organic,1500.0,22.6,19.87,49.66
77.74,77.56,0.18,11,6,Recyclable,1200.0,7.6,12.31,90.6
76.46,72.31,4.15,12,1,Organic,1200.0,79.9,14.92,87.51
64.87,62.54,2.32,3,4,General,800.0,92.9,8.78,75.31
92.26,84.4,7.85,21,1,Organic,1500.0,36.5,21.81,100.0
50.15,46.06,4.09,5,5,General,1000.0,51.3,15.03,65.12
18.05,17.07,0.98,8,0,Organic,1500.0,106.2,9.29,26.4
24.41,23.67,0.74,3,2,Recyclable,1500.0,73.6,6.09,29.93
45.57,44.13,1.44,3,5,General,1000.0,21.1,8.49,55.64
19.09,17.78,1.31,8,4,Recyclable,1000.0,113.3,7.94,27.76
61.61,58.53,3.08,10,6,Organic,1000.0,81.8,18.52,82.21
66.85,65.04,1.81,1,4,Organic,800.0,114.3,10.33,77.36
20.01,17.44,2.57,4,4,Recyclable,1000.0,69.2,9.51,31.1
50.4,45.51,4.89,20,0,Organic,800.0,69.3,14.54,61.91
93.99,90.51,3.49,16,0,Organic,1200.0,89.5,20.28,100.0
92.23,90.37,1.86,21,0,General,1000.0,77.9,8.27,99.92
56.21,53.12,3.1,21,4,General,1500.0,85.0,15.05,75.39
89.05,87.39,1.66,6,5,General,1000.0,3.2,7.3,93.39
76.8,72.97,3.83,14,0,General,1200.0,116.1,17.96,89.02
34.08,30.86,3.22,13,4,Recyclable,800.0,86.1,10.58,48.25
74.73,73.56,1.18,21,4,Organic,1000.0,99.8,11.37,86.7
76.66,73.4,3.26,22,4,Organic,1200.0,4.9,17.3,94.91
94.49,94.46,0.03,10,0,Recyclable,1200.0,73.9,4.85,99.21
11.13,7.33,3.79,21,1,Recyclable,1000.0,118.2,11.58,19.81
14.34,12.03,2.31,4,6,Recyclable,1200.0,108.6,10.21,27.47
14.64,10.65,3.99,16,2,Organic,1500.0,14.5,10.32,23.48
44.18,38.7,5.48,13,3,Organic,1200.0,12.6,18.42,64.05
34.04,28.36,5.68,11,3,Organic,1000.0,53.1,18.33,55.13
54.97,51.63,3.35,2,4,General,800.0,104.5,11.21,64.25
90.82,88.23,2.59,11,5,Organic,1200.0,33.4,15.65,100.0
60.58,58.99,1.59,4,0,Recyclable,1000.0,40.7,7.51,66.71
45.34,41.46,3.88,22,5,General,1000.0,54.4,14.49,58.16
68.2,66.58,1.62,2,3,General,800.0,13.5,8.73,79.3
86.01,82.97,3.03,19,4,General,1500.0,3.2,10.43,96.24
78.04,76.71,1.33,3,5,Organic,800.0,9.8,14.76,93.9
15.81,14.71,1.1,20,3,Recyclable,1500.0,88.6,7.45,23.02
50.08,46.48,3.6,4,1,General,800.0,16.8,15.18,64.52
88.19,87.45,0.75,0,6,Recyclable,1200.0,68.8,9.25,97.18
27.96,25.06,2.9,17,0,Recyclable,1000.0,13.5,4.93,31.85
76.64,76.03,0.61,7,2,General,1500.0,88.7,11.11,86.31
10.12,4.56,5.56,23,6,Organic,1500.0,12.3,23.91,30.23
85.67,84.19,1.48,9,4,General,1500.0,51.8,9.02,92.37
66.59,63.15,3.44,10,6,Organic,1500.0,4.4,12.62,78.59
93.69,91.3,2.4,2,3,Recyclable,800.0,104.6,5.64,100.0
63.54,58.65,4.89,14,0,General,800.0,56.3,17.59,77.48
39.29,35.98,3.31,21,2,General,1200.0,22.6,14.91,51.85
71.18,68.63,2.55,4,1,Recyclable,1200.0,80.9,6.43,76.18
42.5,41.88,0.63,3,1,Recyclable,1500.0,22.3,8.69,49.34
79.81,75.44,4.37,15,1,Recyclable,1000.0,100.7,10.75,90.23
39.22,38.53,0.69,0,1,General,1000.0,67.1,8.97,46.53
34.27,31.42,2.85,10,3,Recyclable,1000.0,45.4,8.62,43.98
91.03,87.75,3.28,1,4,General,800.0,9.6,13.79,100.0
77.3,73.62,3.69,1,4,Recyclable,1500.0,116.5,11.98,90.45
76.8,73.98,2.82,4,4,Recyclable,1000.0,82.7,11.08,84.7
90.13,84.95,5.18,12,1,Organic,1200.0,84.0,15.51,100.0
58.04,57.14,0.9,7,0,Recyclable,1000.0,14.7,9.23,65.02
93.7,92.22,1.48,9,1,General,1200.0,79.9,11.5,100.0
84.14,83.8,0.34,15,6,Recyclable,1200.0,49.6,11.62,98.6
49.64,49.04,0.6,20,3,General,1000.0,110.9,6.48,54.92
33.57,27.69,5.88,12,0,General,1000.0,115.2,17.29,50.09
80.96,76.59,4.36,12,2,General,1200.0,94.2,16.26,97.45
94.64,89.53,5.11,19,6,Organic,1200.0,46.4,16.26,100.0
35.11,31.53,3.58,6,4,Recyclable,1200.0,7.4,6.35,42.85
47.3,43.5,3.8,15,1,General,1000.0,36.3,16.54,66.12
13.5,9.75,3.75,13,1,Recyclable,1000.0,21.9,11.92,21.74
10.98,7.37,3.62,17,2,General,800.0,45.1,18.35,27.99
69.69,68.9,0.79,18,2,Recyclable,1000.0,83.9,7.23,74.73
26.84,24.58,2.26,19,4,Recyclable,1200.0,86.5,9.65,36.77
86.31,82.09,4.22,14,4,Organic,1200.0,12.8,14.25,100.0
27.58,23.66,3.91,13,4,General,1200.0,23.5,11.21,40.13
20.66,18.11,2.56,14,0,Recyclable,1200.0,103.4,8.39,27.98
51.68,46.36,5.32,22,3,Organic,800.0,16.2,18.81,67.87
51.8,48.76,3.04,16,1,Recyclable,1200.0,102.8,9.24,59.89
53.12,49.84,3.27,18,1,Recyclable,1500.0,33.0,8.67,60.99
82.48,79.35,3.13,13,6,Recyclable,800.0,88.0,9.03,93.13
83.56,81.39,2.17,12,1,General,1500.0,48.5,12.56,92.43
82.03,77.15,4.88,18,1,General,1200.0,38.7,13.11,95.68
92.32,90.31,2.01,8,4,General,800.0,24.5,6.12,98.37
23.28,22.34,0.94,6,6,Recyclable,1200.0,64.1,9.0,32.7
38.35,37.64,0.72,15,2,Recyclable,800.0,102.0,5.87,47.4
48.8,45.69,3.11,14,4,Organic,1200.0,60.2,16.28,62.79
44.91,40.53,4.38,8,3,Organic,800.0,84.4,18.11,66.36
84.03,81.81,2.22,0,1,Recyclable,800.0,107.1,6.13,89.45
78.07,73.96,4.11,21,5,General,800.0,104.9,13.2,92.4
35.37,31.22,4.15,8,5,Organic,1500.0,45.9,21.55,59.73
93.6,90.19,3.41,16,1,General,800.0,111.0,12.64,100.0
85.1,83.54,1.56,5,0,Organic,1200.0,47.9,11.73,99.26
24.67,24.86,-0.19,22,4,Organic,1500.0,106.1,8.05,32.25
36.32,34.72,1.6,12,0,General,1200.0,3.7,10.23,45.9
79.03,74.83,4.2,16,0,Organic,1500.0,74.0,20.89,98.32
87.52,84.59,2.93,10,5,Recyclable,1500.0,45.0,12.9,100.0
25.24,23.27,1.96,5,4,Recyclable,1200.0,75.0,6.62,28.47
25.21,22.84,2.36,1,1,General,1500.0,50.5,13.4,40.47
10.95,11.22,-0.27,20,0,Organic,1500.0,118.5,12.73,20.09
55.89,53.17,2.72,13,5,General,1200.0,28.0,13.7,71.27
35.87,32.9,2.97,22,3,Organic,1500.0,34.9,8.3,42.42
78.51,75.78,2.73,6,6,General,1200.0,101.6,10.42,91.67
41.18,36.8,4.38,6,6,Organic,1000.0,42.4,13.88,54.67
33.52,30.83,2.69,14,4,Recyclable,1000.0,7.0,8.45,42.85
59.39,58.2,1.19,20,5,Recyclable,800.0,53.8,12.16,70.49
77.3,76.21,1.09,8,5,Recyclable,800.0,17.1,6.7,83.54
77.08,75.73,1.35,0,3,General,800.0,102.3,8.07,85.92
87.52,84.93,2.59,20,0,General,1500.0,95.2,8.34,94.96
56.97,53.57,3.39,23,4,Organic,1000.0,109.8,8.14,65.91
84.02,79.96,4.06,13,6,General,1500.0,117.2,17.83,100.0
25.18,23.16,2.03,20,6,Recyclable,1000.0,16.1,13.42,39.89
26.67,24.3,2.37,20,0,Recyclable,1500.0,58.7,9.37,34.95
47.73,43.42,4.31,11,4,Organic,1000.0,25.6,10.21,54.78
10.04,9.3,0.75,9,4,Recyclable,1200.0,40.2,6.5,15.2
12.05,7.67,4.38,1,3,General,1200.0,16.0,15.74,28.45
84.61,84.5,0.11,18,4,Recyclable,1000.0,113.4,4.31,93.04
91.66,88.97,2.69,22,6,General,800.0,62.4,9.25,100.0
37.49,34.39,3.09,9,3,General,1000.0,5.9,10.55,49.54
20.37,18.94,1.43,19,3,Recyclable,1200.0,101.1,5.31,26.91
65.6,61.1,4.51,4,3,Organic,800.0,109.3,9.09,77.0
72.92,68.84,4.08,12,3,Organic,1200.0,38.3,11.5,84.34
68.72,66.88,1.85,23,1,Recyclable,1200.0,40.5,10.35,81.65
20.16,18.01,2.15,21,2,Organic,1500.0,39.4,8.82,29.39
85.47,81.88,3.59,2,4,General,1200.0,40.9,12.48,98.65
45.7,44.08,1.62,17,4,Recyclable,800.0,12.8,6.72,54.56
48.45,44.25,4.2,2,3,Organic,1200.0,31.8,17.31,63.81
74.03,72.16,1.87,4,2,General,1500.0,70.6,10.4,86.05
10.58,10.04,0.54,14,3,Recyclable,1000.0,96.7,6.75,16.05
18.7,17.15,1.55,8,2,Recyclable,1500.0,63.9,6.48,25.02
46.1,42.65,3.45,2,5,Organic,1000.0,64.2,19.27,65.0
81.1,77.5,3.6,17,4,General,1500.0,11.6,14.46,92.2
73.81,72.45,1.36,6,1,Organic,800.0,12.0,9.19,79.45
57.75,56.69,1.06,5,6,Recyclable,1500.0,60.7,5.95,63.47
58.64,55.9,2.74,0,3,Recyclable,1500.0,84.0,9.06,70.52
64.11,61.31,2.8,11,4,Recyclable,1000.0,105.7,8.85,74.87
50.99,51.19,-0.2,12,1,General,1000.0,59.7,10.98,61.9
48.95,47.17,1.78,23,2,Organic,1500.0,101.7,10.25,60.26
22.35,20.02,2.33,21,6,Recyclable,800.0,25.6,7.2,30.39
79.89,76.76,3.13,3,5,General,1000.0,55.8,13.96,95.66
42.5,38.49,4.02,0,2,Organic,1500.0,5.2,15.7,56.54
56.71,54.91,1.8,5,2,Recyclable,1200.0,16.2,7.3,61.1
61.51,59.13,2.39,8,3,General,800.0,61.3,13.47,73.45
47.69,44.4,3.29,23,4,Organic,1000.0,53.1,9.33,55.96
89.39,86.69,2.7,23,4,Organic,1500.0,21.4,10.55,100.0
79.4,78.53,0.87,10,3,General,800.0,27.8,12.05,93.83
28.61,23.75,4.86,15,5,General,800.0,106.9,16.5,45.19
84.42,81.94,2.47,22,5,Organic,1000.0,92.8,16.15,100.0
57.92,55.08,2.84,10,0,Recyclable,800.0,46.2,11.92,70.66
89.85,89.25,0.6,14,4,Recyclable,1500.0,85.8,4.48,93.86
42.54,38.61,3.93,1,6,Organic,1500.0,21.8,15.38,57.29
78.32,73.03,5.3,2,3,Organic,1200.0,18.6,19.7,96.93
69.45,66.3,3.15,2,1,Organic,1500.0,67.8,13.24,80.35
83.97,82.24,1.73,6,3,Recyclable,800.0,115.8,10.16,94.08
52.4,48.5,3.9,13,3,Organic,1200.0,24.5,9.31,61.37
53.67,51.78,1.89,3,1,Recyclable,1200.0,73.3,7.93,62.73
54.01,51.8,2.2,4,3,Organic,1200.0,5.5,16.0,70.89
72.03,68.5,3.53,20,5,General,1000.0,82.8,9.51,83.36
24.17,22.82,1.35,10,0,Recyclable,1000.0,96.8,6.5,31.09
12.55,8.44,4.12,5,1,Organic,1200.0,11.0,13.12,24.54
72.29,69.78,2.51,13,2,Organic,1200.0,94.7,10.98,85.46
70.0,65.06,4.94,18,4,Organic,1000.0,12.5,16.78,84.34
10.99,8.71,2.29,17,0,Organic,800.0,119.8,9.87,20.24
10.03,5.48,4.54,6,4,Organic,800.0,84.5,20.83,33.02
35.53,32.05,3.48,11,3,Recyclable,1500.0,15.1,11.32,46.78
64.45,60.23,4.22,7,6,Organic,1200.0,86.2,20.65,86.32
39.65,38.27,1.38,12,2,Organic,1000.0,109.6,8.62,47.99
73.08,69.09,3.99,7,6,Recyclable,800.0,83.0,14.93,86.47
73.96,71.34,2.62,5,6,Organic,1000.0,101.7,13.0,86.65
11.8,10.27,1.53,20,2,General,800.0,78.8,10.53,20.53
85.07,82.55,2.52,19,3,Organic,1000.0,68.1,8.7,96.05
19.37,16.98,2.4,13,0,Recyclable,1000.0,103.5,5.62,25.81
61.72,58.76,2.96,8,6,Recyclable,800.0,100.4,14.25,76.1
91.04,85.71,5.33,14,6,Organic,1500.0,88.3,26.07,100.0
66.65,64.43,2.22,9,2,Recyclable,1000.0,111.2,4.08,71.72
15.02,12.17,2.84,23,2,Recyclable,1200.0,58.3,9.51,24.37
28.76,26.96,1.81,16,2,General,1500.0,92.6,10.69,41.32
52.25,52.49,-0.24,23,5,Recyclable,1200.0,38.6,6.83,58.78
79.8,77.63,2.17,21,0,Organic,800.0,114.0,10.81,90.45
59.13,54.57,4.56,23,0,Organic,1500.0,22.0,14.23,69.23
78.51,75.87,2.65,0,0,Recyclable,1200.0,78.5,6.46,85.81
67.73,67.59,0.14,2,2,Recyclable,1500.0,117.6,7.35,75.88
84.74,81.91,2.82,0,3,Organic,800.0,72.4,9.25,93.5
86.38,81.06,5.31,5,5,Organic,1200.0,35.0,21.99,100.0
79.13,75.44,3.7,18,4,Organic,1000.0,75.4,15.76,94.01
42.93,40.72,2.22,3,4,General,1200.0,67.1,7.81,54.87
78.4,74.3,4.11,22,6,Organic,1000.0,97.7,28.58,100.0
93.56,90.02,3.54,11,3,Organic,800.0,60.2,10.48,100.0
94.45,90.36,4.1,10,2,Organic,1200.0,76.7,9.21,100.0
37.01,33.69,3.32,2,3,Recyclable,1200.0,18.9,8.01,46.7
13.99,13.03,0.96,8,4,Recyclable,800.0,109.1,8.84,22.92
49.14,44.26,4.88,8,3,Organic,1200.0,43.9,19.1,70.12
46.51,44.5,2.01,1,3,Recyclable,1200.0,30.0,5.61,51.57
62.99,61.4,1.59,12,4,General,1500.0,73.6,15.51,75.76
87.49,84.2,3.3,23,5,General,1200.0,80.8,8.36,96.43
10.41,5.14,5.27,20,5,Recyclable,800.0,117.5,14.39,20.76
15.97,10.23,5.74,11,6,Organic,1500.0,54.3,21.87,38.98
17.03,16.19,0.84,3,5,General,800.0,49.4,7.24,24.56
82.7,78.44,4.25,5,1,General,1500.0,58.6,15.22,97.98
77.31,74.59,2.72,4,1,General,800.0,53.2,7.89,82.14
20.78,17.3,3.47,12,3,Recyclable,800.0,88.7,11.04,32.76
42.66,41.32,1.34,9,2,Recyclable,1000.0,107.8,5.97,49.96
78.3,74.6,3.7,20,3,Recyclable,1000.0,12.2,11.17,87.34
21.72,14.27,7.46,6,1,Organic,1000.0,20.9,21.5,42.77
60.58,57.7,2.88,9,2,Recyclable,1000.0,97.6,10.62,68.01
11.75,10.1,1.65,4,3,General,1000.0,74.7,13.71,26.79
76.8,72.82,3.98,17,0,Organic,1200.0,58.0,14.18,93.91
12.52,11.34,1.18,15,2,Recyclable,1000.0,118.0,5.95,16.83
13.69,13.6,0.09,20,3,Recyclable,1500.0,65.6,5.74,19.02
24.87,21.69,3.18,23,0,Recyclable,800.0,95.4,6.1,28.76
35.98,32.91,3.07,23,2,Organic,1200.0,49.8,9.19,45.23
49.23,47.54,1.69,17,6,Organic,1200.0,61.4,12.94,57.78
37.42,33.89,3.53,4,5,Organic,1500.0,61.7,21.77,58.37
93.84,91.61,2.23,9,0,Recyclable,800.0,68.6,6.47,98.63
76.05,72.71,3.34,16,3,Recyclable,800.0,115.0,10.24,84.45
61.14,58.22,2.92,8,1,Recyclable,800.0,43.6,7.18,67.23
31.63,28.22,3.41,11,4,Recyclable,1000.0,55.7,8.1,44.18
54.02,53.47,0.55,11,4,Recyclable,1000.0,10.2,9.78,61.86
70.85,70.83,0.02,18,5,Recyclable,1500.0,116.6,12.77,84.66
69.73,66.99,2.74,13,0,General,800.0,22.3,15.21,86.12
70.55,66.28,4.27,15,0,General,800.0,113.6,15.42,88.04
36.26,34.16,2.1,19,4,General,1500.0,29.8,12.72,44.63
39.88,35.84,4.04,13,3,General,1000.0,118.4,18.43,60.68
78.4,76.55,1.85,2,6,General,1000.0,114.8,9.41,89.32
54.07,53.53,0.54,12,4,Recyclable,1500.0,87.9,4.82,59.11
32.23,31.44,0.79,19,1,Recyclable,1000.0,44.2,7.31,40.03
61.87,58.18,3.68,8,2,General,1200.0,87.2,9.33,70.33
63.68,61.53,2.14,6,2,General,1000.0,81.9,7.01,69.21
56.26,53.4,2.85,1,1,Recyclable,1200.0,16.0,6.34,63.6
57.41,53.88,3.53,15,4,Organic,800.0,117.2,13.5,70.27
19.22,15.06,4.16,1,2,General,800.0,31.0,12.42,31.17
30.54,27.52,3.02,11,0,Organic,1200.0,59.7,14.86,39.56
52.34,48.66,3.68,9,4,Organic,800.0,51.9,11.38,64.71
76.16,70.31,5.86,19,3,Organic,1200.0,5.2,21.9,96.78
17.95,15.84,2.1,12,5,General,800.0,42.4,11.83,30.23
60.36,58.64,1.72,4,1,General,1200.0,105.6,12.51,70.58
21.57,20.84,0.72,11,2,General,1000.0,7.8,15.67,34.17
80.62,79.38,1.24,10,1,Recyclable,1000.0,47.0,10.89,93.87
85.14,82.89,2.25,7,3,General,1500.0,107.9,8.73,92.15
39.92,34.05,5.87,1,1,Organic,1000.0,43.6,20.5,64.17
70.38,69.21,1.17,6,5,Recyclable,1000.0,92.2,5.3,75.5
63.87,59.18,4.69,4,1,Organic,1000.0,34.5,20.6,84.03
30.66,26.98,3.68,21,4,Organic,800.0,28.3,14.6,45.29
48.48,48.0,0.48,5,5,General,800.0,91.4,11.3,60.7
82.98,80.62,2.36,22,3,General,1500.0,83.5,12.76,98.67
23.12,21.23,1.9,1,1,Recyclable,1000.0,14.0,5.71,27.35
45.25,41.32,3.92,9,5,Organic,1200.0,113.2,24.22,67.89
94.51,91.48,3.03,3,6,General,1500.0,116.6,7.09,99.15
46.66,45.04,1.62,8,4,Recyclable,1200.0,6.3,7.46,54.05
41.24,38.12,3.12,1,0,Recyclable,1000.0,50.3,10.89,52.13
87.06,84.56,2.5,6,1,General,1000.0,74.6,10.12,97.33
44.86,41.46,3.4,22,3,Organic,1200.0,69.6,15.55,57.49
45.32,42.72,2.6,20,6,Organic,1000.0,78.3,20.9,64.68
75.26,72.61,2.64,9,6,Recyclable,800.0,71.0,14.75,93.06
24.38,23.12,1.26,19,5,General,1500.0,79.5,6.55,29.95
37.15,32.9,4.25,14,6,General,1500.0,40.9,16.86,54.86
79.28,76.96,2.33,16,6,General,1500.0,25.8,15.76,97.39
28.47,25.61,2.87,17,2,Recyclable,800.0,51.8,11.97,40.85
63.82,60.23,3.59,15,2,General,1000.0,54.0,17.88,83.42
81.19,80.1,1.09,17,5,Organic,1200.0,84.4,10.96,92.14
10.94,5.42,5.52,4,2,Organic,1000.0,80.9,14.38,27.39
27.61,23.99,3.62,20,6,General,800.0,31.7,9.28,37.11
39.67,36.87,2.79,5,4,General,800.0,100.1,14.34,51.19
36.73,34.37,2.36,3,2,Recyclable,1500.0,2.6,4.67,42.43
91.92,90.82,1.11,15,0,Recyclable,1200.0,83.6,10.98,100.0
65.34,60.18,5.16,12,3,Organic,1200.0,21.1,14.14,81.88
59.79,57.49,2.3,22,1,Recyclable,800.0,68.0,11.82,70.07
62.69,60.44,2.24,9,1,Recyclable,800.0,112.3,11.65,72.83
59.49,54.21,5.28,17,1,General,800.0,55.4,17.88,75.24
82.44,79.72,2.71,16,2,Organic,1200.0,78.7,8.95,94.32
46.31,44.1,2.21,15,5,General,800.0,89.9,8.92,54.48
39.79,34.81,4.98,19,0,Organic,1500.0,51.2,20.17,62.02
49.57,47.27,2.3,6,1,Recyclable,800.0,44.2,7.04,55.2
65.52,60.68,4.83,16,6,Organic,800.0,103.0,28.17,96.98
93.06,92.0,1.06,10,1,General,800.0,56.1,7.74,95.11
10.94,9.49,1.45,10,0,General,1200.0,16.5,7.63,21.35
53.69,51.47,2.21,12,1,Organic,1000.0,14.2,10.66,65.87
79.18,77.44,1.75,21,6,General,1500.0,66.4,7.86,86.65
24.18,21.51,2.68,14,6,Organic,800.0,76.9,13.44,39.4
33.89,29.18,4.71,11,6,General,1500.0,67.3,18.27,52.2
83.94,79.88,4.06,5,4,Recyclable,1500.0,34.6,8.93,93.51
75.31,75.14,0.17,17,1,General,1000.0,5.4,8.36,82.8
73.78,73.06,0.72,16,3,Recyclable,1200.0,90.5,5.64,79.7
86.8,83.92,2.88,1,1,Recyclable,1200.0,114.8,9.03,94.54
94.64,91.91,2.74,17,3,General,1000.0,34.6,14.6,100.0
81.5,78.8,2.7,2,6,General,800.0,29.2,12.53,91.55
24.3,21.04,3.26,20,3,General,800.0,31.1,13.05,39.04
34.25,32.53,1.72,1,6,General,800.0,89.6,10.67,45.45
80.05,74.93,5.12,22,2,Organic,1000.0,4.3,16.52,97.76
24.05,21.5,2.54,11,1,Recyclable,1200.0,43.7,5.22,33.32
73.79,70.1,3.7,3,5,General,1000.0,117.1,12.92,87.6
22.46,17.12,5.34,10,0,Organic,1000.0,78.1,19.77,43.93
29.98,25.92,4.06,23,2,Recyclable,1000.0,36.6,10.81,41.41
88.06,86.5,1.56,9,0,Recyclable,1200.0,13.9,10.2,97.28
93.93,91.1,2.83,6,5,Organic,1500.0,71.8,19.97,100.0
64.88,63.1,1.78,22,6,General,1200.0,17.7,8.78,75.48
51.46,49.13,2.33,12,4,Recyclable,1000.0,23.9,7.13,59.48
66.87,65.2,1.66,0,1,Recyclable,1000.0,16.3,10.98,78.62
83.29,81.67,1.63,16,5,General,800.0,59.3,9.88,90.95
47.43,44.69,2.74,3,5,Recyclable,1000.0,113.5,9.58,56.58
90.91,88.49,2.43,9,4,General,800.0,116.9,12.22,100.0
39.72,37.94,1.77,21,3,Recyclable,1000.0,12.3,11.23,52.54
94.52,93.83,0.69,10,5,Organic,800.0,108.9,11.36,100.0
53.56,52.4,1.16,2,6,Recyclable,800.0,33.6,10.28,64.5
88.15,85.39,2.76,12,4,General,800.0,78.6,18.04,100.0
42.86,37.52,5.35,18,0,Organic,1000.0,34.6,19.52,65.27
35.49,30.36,5.13,14,0,General,1000.0,102.8,18.76,52.34
94.31,92.81,1.5,2,4,General,1000.0,14.8,8.14,100.0
58.87,58.69,0.17,1,6,General,1000.0,48.5,6.82,62.77
38.85,33.54,5.31,0,5,Organic,1000.0,40.9,22.32,64.15
63.36,60.85,2.51,22,5,General,1200.0,70.8,14.6,79.97
34.27,33.29,0.98,12,0,Recyclable,800.0,21.7,9.04,43.78
23.78,21.69,2.09,22,1,Organic,1500.0,46.9,8.68,30.77
58.87,57.64,1.23,2,6,Recyclable,1200.0,25.4,5.26,61.82
15.07,10.66,4.41,4,1,Organic,1200.0,34.8,18.35,37.35
91.69,88.64,3.05,8,4,Recyclable,1500.0,91.8,9.87,99.28
60.45,57.54,2.91,21,3,Organic,1000.0,23.6,9.77,70.39
79.98,77.58,2.4,14,2,General,1200.0,46.8,8.43,90.42
76.46,74.88,1.58,15,5,Recyclable,1200.0,20.9,13.58,94.16
77.69,74.8,2.89,21,2,General,800.0,33.7,11.26,88.62
58.49,56.28,2.21,1,6,Recyclable,800.0,58.7,13.14,70.62
85.52,82.21,3.31,2,1,General,1200.0,19.4,10.35,92.1
77.99,74.28,3.7,4,5,Organic,1500.0,116.3,17.3,96.37
14.69,15.06,-0.37,4,4,Recyclable,1500.0,93.0,4.1,18.61
81.99,76.44,5.55,5,5,General,800.0,49.0,15.24,97.84
92.06,91.67,0.39,17,2,Recyclable,1500.0,100.8,4.45,93.45
89.44,86.5,2.94,17,2,Recyclable,1500.0,33.7,10.77,98.72
69.41,70.64,-1.24,5,0,Organic,1500.0,103.9,10.62,77.36
44.82,42.56,2.26,5,6,Organic,800.0,65.3,12.88,59.88
22.91,20.06,2.85,21,2,Recyclable,800.0,93.2,9.87,30.64
28.33,24.45,3.88,17,4,General,1500.0,118.4,15.97,43.91
32.96,27.77,5.18,16,2,Organic,800.0,19.2,21.24,55.12
71.65,69.03,2.62,0,2,General,1500.0,46.1,6.37,77.66
23.23,15.84,7.39,22,3,Organic,1200.0,47.8,21.19,42.69
82.67,80.21,2.46,6,5,General,1200.0,94.6,11.15,91.53
10.77,8.62,2.16,16,1,General,1200.0,83.6,10.18,20.22
74.93,74.39,0.54,7,3,Recyclable,1200.0,17.2,5.14,81.31
69.06,67.84,1.22,18,0,Recyclable,800.0,37.3,4.12,75.25
52.42,48.39,4.03,13,5,General,1500.0,78.3,11.33,64.17
57.0,53.33,3.66,21,3,General,1000.0,108.7,13.94,74.61
35.59,34.62,0.96,22,6,General,1500.0,103.0,7.32,39.75
65.44,64.06,1.38,14,4,Organic,1000.0,5.8,9.86,79.11
45.8,42.57,3.23,23,5,Organic,1200.0,11.1,14.92,60.27
83.65,79.58,4.07,1,1,Organic,800.0,24.0,13.83,96.95
80.63,77.79,2.84,16,5,Organic,1500.0,78.9,13.33,95.1
28.73,25.71,3.02,21,5,Recyclable,1500.0,48.2,10.42,39.02
39.45,38.28,1.17,17,1,Recyclable,800.0,6.2,6.0,45.44
35.63,33.67,1.96,2,1,Recyclable,1200.0,4.1,8.6,43.88
38.06,35.86,2.2,0,2,Recyclable,1500.0,63.5,10.48,47.11
19.31,15.93,3.38,15,6,Organic,1200.0,107.1,11.9,29.73
28.19,27.87,0.33,1,3,Recyclable,1200.0,14.5,6.96,36.33
59.46,55.98,3.47,11,5,Organic,1200.0,40.0,18.77,80.38
24.36,22.83,1.52,2,5,Recyclable,800.0,28.2,6.68,36.23
30.95,28.13,2.82,1,0,General,800.0,104.5,7.18,35.63
52.21,48.82,3.39,5,5,General,800.0,7.0,13.61,69.0
35.62,32.79,2.84,13,3,Recyclable,1500.0,17.0,9.31,42.73
38.5,35.37,3.13,12,1,Organic,1200.0,67.4,10.33,50.54
20.32,18.6,1.72,19,3,Recyclable,1500.0,3.8,6.38,26.35
79.29,74.59,4.7,1,5,Organic,1500.0,103.7,20.03,97.8
35.76,33.01,2.75,20,5,Organic,1500.0,10.6,14.59,54.21
74.58,70.12,4.46,14,2,Organic,800.0,51.4,18.37,92.92
91.15,88.01,3.14,20,6,Recyclable,800.0,114.3,9.04,100.0
73.31,71.07,2.24,22,1,Recyclable,1500.0,33.0,9.34,81.09
18.3,14.94,3.36,15,4,General,800.0,58.4,9.83,29.66
79.62,78.04,1.58,2,0,Recyclable,1000.0,61.9,9.38,90.27
52.5,48.16,4.34,15,2,Organic,800.0,22.6,18.55,68.33
65.35,65.44,-0.1,4,5,Recyclable,1200.0,119.0,6.35,74.48
30.99,27.17,3.82,16,0,Recyclable,800.0,107.2,11.43,41.98
82.55,80.09,2.45,7,0,General,1500.0,47.4,12.83,94.25
93.49,90.97,2.52,0,4,Recyclable,1000.0,105.7,10.97,100.0
57.15,52.85,4.3,2,0,Organic,1200.0,71.2,15.19,72.64
51.55,44.43,7.12,12,2,Organic,1000.0,99.0,20.95,74.42
22.43,20.93,1.5,9,1,Recyclable,1200.0,10.1,6.78,31.45
22.31,19.91,2.4,3,5,Recyclable,1000.0,26.9,11.22,32.72
70.12,67.1,3.02,21,6,Recyclable,1500.0,105.8,10.75,80.5
43.97,38.53,5.44,11,5,Organic,800.0,67.6,27.63,70.12
63.5,61.95,1.55,18,3,Recyclable,1200.0,84.7,7.63,71.47
87.82,84.35,3.47,12,4,Organic,800.0,87.0,14.47,100.0
43.84,39.48,4.36,8,1,Organic,800.0,71.1,15.83,59.58
64.23,63.6,0.63,16,2,Recyclable,1500.0,88.3,7.15,69.72
82.81,78.89,3.92,5,4,Organic,1000.0,24.7,14.51,93.38
34.65,29.25,5.4,16,1,Organic,800.0,96.5,20.01,54.15
67.81,66.92,0.89,8,3,Recyclable,800.0,102.9,4.73,72.81
91.03,88.7,2.33,5,6,Organic,1500.0,88.0,13.72,100.0
92.19,86.46,5.73,5,2,General,1200.0,50.5,15.27,100.0
14.5,10.19,4.31,13,5,General,1500.0,113.6,18.84,33.17
39.65,36.05,3.59,7,3,General,1000.0,24.9,9.65,48.8
16.07,9.65,6.42,9,4,Organic,1000.0,57.7,19.74,38.02
55.28,50.5,4.78,14,2,Organic,1200.0,19.4,17.35,72.89
29.54,25.83,3.71,6,4,General,1000.0,66.8,7.55,39.65
13.41,9.21,4.2,1,0,General,1200.0,83.5,15.13,31.97
66.96,62.91,4.05,13,3,General,1200.0,60.6,15.89,82.96
62.55,60.76,1.79,2,2,General,1500.0,65.1,9.15,70.35
31.87,30.72,1.14,20,2,Recyclable,1500.0,68.0,6.14,42.09
88.73,85.35,3.38,18,6,General,1500.0,27.1,16.31,100.0
61.96,57.66,4.3,16,2,Recyclable,1200.0,58.9,8.85,71.09
33.21,32.3,0.91,16,5,Recyclable,1000.0,50.6,10.27,42.82
46.02,42.55,3.47,4,2,General,1200.0,7.7,10.96,60.84
37.04,33.03,4.01,11,1,Organic,1200.0,39.6,8.83,48.64
34.73,35.23,-0.5,3,0,Recyclable,1000.0,23.5,5.77,42.99
11.93,9.45,2.47,12,2,General,1200.0,45.7,12.0,24.53
37.95,35.56,2.4,9,4,Organic,1000.0,100.1,10.43,50.93
33.36,31.89,1.47,18,2,General,1000.0,22.6,12.39,45.02
81.22,78.93,2.29,19,4,Recyclable,1000.0,34.4,5.34,86.16
81.28,80.93,0.35,23,6,Recyclable,1500.0,94.9,6.42,89.05
31.4,27.43,3.97,2,0,Organic,800.0,16.5,13.66,45.19
83.1,81.88,1.22,23,0,Recyclable,800.0,14.1,9.94,93.77
53.95,48.93,5.01,10,6,Organic,1500.0,64.2,25.6,79.79
12.22,7.68,4.55,10,6,Organic,1200.0,103.5,23.84,34.98
24.36,18.62,5.73,18,0,Organic,1500.0,106.3,19.94,50.02
63.06,59.52,3.53,2,4,Recyclable,800.0,18.1,11.04,75.4
59.81,59.42,0.4,9,4,Recyclable,1500.0,88.6,7.79,68.46
87.74,86.7,1.04,14,5,General,1500.0,28.1,10.1,98.18
68.08,62.99,5.09,13,5,General,1000.0,42.0,19.17,83.78
48.49,44.58,3.91,9,2,Recyclable,1500.0,55.6,9.98,60.12
67.24,65.07,2.17,5,4,General,1000.0,11.3,6.55,72.39
81.46,79.24,2.22,12,6,General,800.0,34.1,11.72,95.08
59.07,58.28,0.79,17,3,Recyclable,1500.0,112.1,7.3,66.78
36.91,30.4,6.51,17,3,Organic,1000.0,88.9,16.69,52.53
36.37,33.92,2.46,15,1,Organic,800.0,15.2,13.79,47.11
50.73,48.96,1.77,7,3,General,1200.0,107.4,11.47,63.59
18.74,16.52,2.22,20,3,Recyclable,1000.0,103.0,7.65,23.58
71.54,67.53,4.01,21,4,General,1000.0,7.2,13.58,85.49
60.82,59.03,1.79,1,6,Recyclable,800.0,111.7,6.08,65.47
32.28,26.6,5.68,22,2,Organic,1200.0,5.2,16.4,52.25
53.4,50.89,2.51,12,0,Organic,1500.0,78.3,15.39,68.7
63.98,62.61,1.37,6,0,Recyclable,1000.0,44.6,4.62,69.62
94.26,91.35,2.91,20,0,General,1200.0,25.9,9.56,100.0
20.65,15.07,5.58,3,5,Organic,1000.0,41.7,24.35,47.97
32.47,28.22,4.25,6,2,Organic,1500.0,30.8,8.52,36.93
72.7,70.75,1.95,16,5,Recyclable,1000.0,55.4,10.54,86.24
11.39,7.7,3.69,2,3,Organic,1000.0,77.9,14.41,22.83
39.29,35.21,4.08,3,6,Organic,1000.0,101.5,15.54,51.77
38.84,37.58,1.26,15,5,Recyclable,800.0,34.5,6.61,48.61
81.88,77.56,4.32,19,4,Organic,800.0,27.6,20.02,100.0
54.63,52.2,2.42,10,5,Recyclable,800.0,84.6,10.34,67.77
89.72,90.47,-0.75,20,2,Recyclable,1000.0,19.7,4.03,94.67
15.02,10.34,4.68,3,4,Recyclable,1000.0,30.0,8.98,23.41
25.94,24.81,1.13,3,2,General,1000.0,18.0,9.09,36.95
48.78,46.22,2.56,13,5,Recyclable,800.0,45.5,13.82,61.37
19.53,18.49,1.04,9,2,General,1500.0,82.3,7.71,25.92
93.41,91.12,2.29,21,0,Recyclable,1000.0,54.1,9.98,100.0
59.66,55.81,3.85,12,6,Organic,1000.0,92.3,23.03,84.14
58.85,52.94,5.92,8,1,General,1200.0,16.2,14.51,70.9
58.08,54.77,3.32,9,4,General,1200.0,2.5,10.22,69.77
58.33,52.82,5.51,23,2,Organic,1500.0,33.8,21.3,79.49
43.67,38.7,4.97,16,2,Organic,800.0,83.8,12.05,55.58
49.5,47.45,2.06,2,0,Recyclable,1000.0,79.9,4.15,54.7
81.2,76.86,4.33,13,6,Organic,1000.0,108.6,16.04,97.71
64.57,61.96,2.62,0,2,General,1200.0,81.0,7.24,72.89
46.18,43.19,3.0,11,6,Recyclable,800.0,31.4,13.67,60.35
57.34,55.75,1.59,12,1,Organic,1500.0,105.1,12.95,70.34
62.49,60.83,1.66,16,4,Recyclable,1200.0,98.5,5.07,65.79
79.12,77.61,1.51,5,0,Organic,1500.0,75.6,8.99,89.7
54.2,49.91,4.29,2,2,General,1500.0,17.9,11.84,65.42
40.59,39.16,1.43,20,5,General,800.0,79.5,10.97,49.97
32.33,29.87,2.46,15,0,General,1200.0,11.7,11.11,40.75
52.19,49.24,2.95,1,6,Organic,1200.0,65.3,16.65,71.44
44.08,39.39,4.7,10,1,Organic,1200.0,45.7,18.63,61.11
86.66,85.34,1.32,22,1,Recyclable,1200.0,12.1,8.95,97.02
13.45,10.04,3.41,3,0,General,1500.0,103.2,14.73,27.29
40.28,38.89,1.39,5,4,Recyclable,800.0,85.2,11.19,54.36
17.88,16.06,1.82,23,0,Recyclable,1500.0,37.3,5.14,22.33
80.64,76.59,4.05,11,4,Organic,800.0,89.9,13.04,93.93
24.4,22.1,2.3,10,1,Recyclable,800.0,72.4,9.37,36.28
85.05,83.16,1.89,5,6,Recyclable,1500.0,47.6,9.43,96.19
38.35,33.5,4.85,5,6,Organic,800.0,76.1,18.69,58.61
76.16,74.04,2.12,2,5,Recyclable,1500.0,101.5,12.82,88.47
92.05,89.89,2.16,19,3,Recyclable,1500.0,46.3,8.56,100.0
88.35,86.09,2.26,0,3,Recyclable,1200.0,33.5,8.52,94.66
45.32,40.81,4.51,15,6,Recyclable,1500.0,112.4,12.55,56.11
69.88,64.41,5.46,12,3,Organic,1200.0,57.9,17.56,90.24
85.48,81.46,4.02,21,2,Organic,1000.0,20.6,20.05,100.0
46.93,45.57,1.36,7,1,General,1500.0,52.5,8.0,56.95
71.33,69.72,1.61,5,3,Recyclable,1200.0,71.7,5.43,76.35
92.29,89.49,2.8,9,1,General,800.0,77.9,14.76,100.0
72.33,67.54,4.79,11,3,Organic,1200.0,107.5,18.87,91.41
89.74,88.81,0.94,17,5,General,800.0,118.1,8.32,97.76
16.54,11.07,5.46,8,4,Organic,1200.0,17.5,20.6,38.93
76.63,72.04,4.59,2,4,General,1500.0,67.9,15.76,90.47
94.11,92.56,1.55,3,5,General,1000.0,36.6,11.17,100.0
82.61,78.9,3.71,16,3,Organic,1200.0,86.3,12.4,91.21
25.28,22.76,2.51,20,6,Recyclable,1500.0,12.8,9.22,35.28
51.99,48.5,3.49,2,2,Organic,1000.0,21.3,10.18,66.31
16.66,14.4,2.25,21,6,Recyclable,1500.0,74.6,12.71,29.56
14.04,8.93,5.11,0,0,Organic,800.0,58.6,20.78,33.98
36.32,33.83,2.49,22,5,Organic,1200.0,94.3,17.08,55.83
78.33,73.45,4.88,5,6,Recyclable,1500.0,27.3,15.52,94.0
25.65,22.52,3.13,12,2,Organic,800.0,32.2,12.99,40.81
63.21,60.94,2.27,11,6,Organic,800.0,97.5,18.56,79.06
16.48,12.75,3.72,23,5,General,1200.0,61.6,15.78,31.45
25.51,21.77,3.74,20,2,Organic,800.0,94.4,11.5,37.57
85.9,83.72,2.18,9,4,Organic,800.0,73.1,10.32,95.63
43.96,40.26,3.7,6,6,General,1000.0,90.7,6.8,50.44
62.04,58.24,3.79,0,5,Organic,800.0,9.5,16.19,76.7
80.22,76.31,3.92,15,3,General,800.0,26.1,16.48,95.51
85.5,83.87,1.64,13,5,General,800.0,58.8,9.95,96.94
40.55,37.02,3.53,18,5,Organic,1000.0,102.4,20.57,63.64
15.1,12.58,2.52,15,6,General,800.0,100.5,12.7,28.63
47.27,43.16,4.11,21,4,Organic,1500.0,110.3,17.73,64.82
76.27,73.51,2.76,2,6,Recyclable,800.0,104.2,7.03,84.01
93.46,90.48,2.99,12,3,Recyclable,800.0,97.6,10.66,100.0
21.55,19.7,1.85,0,3,General,800.0,44.8,7.12,28.23
87.26,85.71,1.55,21,5,General,1000.0,33.4,12.27,100.0
15.44,11.27,4.18,13,0,Recyclable,800.0,5.8,8.93,23.58
13.89,12.46,1.43,1,6,General,1500.0,23.5,9.26,22.3
26.5,23.29,3.21,12,1,General,1000.0,27.7,7.91,34.87
71.0,69.29,1.71,17,3,General,800.0,27.2,16.61,85.31
75.33,73.99,1.34,11,0,General,1200.0,94.1,7.9,86.93
47.99,43.95,4.04,4,1,Organic,1000.0,62.2,13.24,65.17
62.46,59.5,2.96,22,3,Recyclable,1200.0,53.5,11.45,75.7
12.7,7.89,4.82,11,1,Recyclable,1000.0,73.0,11.27,22.43
40.82,34.82,6.0,5,3,Organic,800.0,92.9,17.83,58.45
23.65,20.77,2.88,9,0,General,1200.0,48.9,6.32,30.01
70.06,67.5,2.56,22,6,Organic,800.0,45.5,15.76,84.02
65.83,64.84,1.0,1,5,Recyclable,1500.0,43.3,5.91,71.58
10.28,8.9,1.39,13,3,Recyclable,800.0,101.7,6.91,20.89
15.82,14.7,1.12,13,1,General,800.0,71.9,9.85,23.49
48.71,43.91,4.8,14,6,Recyclable,1500.0,114.8,13.62,63.25
12.21,8.67,3.54,3,6,General,1000.0,5.5,10.45,19.76
92.34,88.76,3.58,17,0,General,1200.0,42.9,17.38,100.0
38.41,33.06,5.34,13,0,Organic,1000.0,15.6,13.38,51.34
60.49,56.95,3.53,9,2,Organic,800.0,21.8,13.67,73.3
54.11,51.1,3.01,5,2,Recyclable,1200.0,30.7,9.16,65.44
67.69,66.55,1.14,0,3,Recyclable,1000.0,117.3,5.58,70.67
91.97,89.28,2.69,5,0,Recyclable,800.0,17.0,11.93,100.0
39.66,37.13,2.54,19,5,General,800.0,109.4,8.37,49.99
76.85,73.85,3.01,19,1,General,1500.0,20.1,11.34,87.22
94.83,93.35,1.48,22,4,Recyclable,1200.0,82.6,4.15,97.85
16.07,14.56,1.51,1,3,Recyclable,1000.0,77.1,10.33,26.4
51.48,49.34,2.14,8,6,Organic,1500.0,21.5,12.33,64.7
80.14,76.6,3.55,3,4,General,1500.0,61.0,11.72,91.96
89.45,84.91,4.54,9,0,General,1200.0,62.8,12.3,100.0
20.95,16.32,4.63,4,3,Organic,1500.0,87.4,16.25,38.47
61.97,59.38,2.59,20,3,Organic,1500.0,54.9,9.17,73.43
55.78,54.46,1.33,8,2,Recyclable,800.0,95.6,6.11,61.45
33.43,31.73,1.71,15,2,Recyclable,1200.0,58.7,10.2,40.66
54.77,51.58,3.2,14,1,General,800.0,99.3,17.05,72.32
87.24,85.71,1.53,0,2,Recyclable,800.0,17.7,5.95,92.46
78.93,75.48,3.45,12,1,General,1000.0,68.5,17.87,95.88
20.85,18.33,2.51,7,6,General,1200.0,5.9,10.55,31.98
73.76,70.89,2.88,20,0,Organic,1500.0,76.4,13.9,88.63
27.07,23.39,3.68,11,4,General,1000.0,75.0,15.65,46.45
76.58,73.22,3.36,20,6,Organic,1000.0,57.7,22.25,95.64
14.29,10.89,3.4,13,3,Recyclable,800.0,115.1,10.38,25.49
37.87,34.99,2.88,2,4,Organic,800.0,102.4,16.01,56.06
74.4,70.43,3.97,12,6,General,1200.0,105.2,16.2,90.98
36.04,35.99,0.05,10,3,Recyclable,1000.0,37.2,8.96,44.7
41.88,38.53,3.35,7,1,General,1500.0,105.1,13.37,60.68
86.5,82.19,4.31,21,0,Organic,1200.0,25.8,15.54,100.0
47.73,43.04,4.69,17,4,Organic,1000.0,60.8,21.39,72.04
79.95,78.13,1.82,14,5,Recyclable,1500.0,75.8,6.54,88.02
74.11,72.53,1.58,14,2,General,1000.0,77.5,10.15,85.09
40.33,38.37,1.95,7,4,General,1500.0,35.6,11.62,58.62
88.7,84.74,3.96,14,6,Organic,1500.0,33.9,16.42,100.0
53.95,52.02,1.93,13,0,Recyclable,1000.0,93.3,9.77,62.29
67.89,61.97,5.92,11,2,General,1200.0,47.5,17.19,83.31
63.72,58.95,4.77,17,2,Organic,1200.0,57.5,15.4,83.63
46.88,45.31,1.57,5,3,Recyclable,800.0,81.6,7.31,54.85
49.58,47.09,2.49,19,4,Recyclable,1200.0,93.8,6.17,53.33
56.37,55.14,1.23,11,1,Recyclable,1500.0,43.8,5.39,62.49
54.53,53.02,1.51,16,1,Recyclable,1500.0,94.2,6.51,58.32
43.1,40.17,2.93,0,2,Organic,1200.0,110.8,8.74,53.62
50.32,47.04,3.28,21,4,Organic,1500.0,30.0,12.68,64.86
88.39,83.97,4.42,11,2,Organic,1500.0,117.9,14.96,100.0
88.43,84.29,4.13,7,4,Organic,1000.0,103.3,18.84,100.0
81.2,77.98,3.21,3,6,General,1500.0,93.4,15.56,99.46
56.96,52.6,4.36,20,2,Organic,1200.0,76.0,19.5,74.29
43.49,40.79,2.7,9,0,General,1500.0,10.6,11.28,56.76
62.64,58.48,4.16,12,5,Organic,1000.0,55.0,16.7,78.03
88.8,85.44,3.35,19,1,Organic,800.0,71.9,9.27,99.71
84.83,82.8,2.03,21,2,General,1000.0,119.3,9.41,91.83
76.13,73.64,2.49,22,4,General,1000.0,39.5,13.37,92.08
73.72,67.85,5.88,6,2,Organic,1200.0,67.1,18.65,91.95
61.9,58.16,3.74,15,0,General,1000.0,47.7,14.93,78.94
20.28,13.49,6.79,1,6,Organic,1200.0,17.2,27.05,46.5
43.3,41.19,2.11,18,3,General,1200.0,67.3,13.88,57.65
34.51,30.84,3.67,16,5,General,1000.0,35.0,15.12,47.81
19.18,16.3,2.88,1,3,Organic,1500.0,48.9,13.11,33.05
14.04,11.83,2.21,4,2,Organic,1500.0,57.0,8.12,19.07
19.08,17.27,1.81,15,6,Organic,1500.0,20.1,13.23,28.7
50.27,47.04,3.22,10,3,Organic,1000.0,74.7,14.14,66.17
71.44,65.82,5.62,21,1,Organic,1000.0,47.8,21.16,91.08
11.88,8.6,3.28,20,2,General,1500.0,4.2,12.57,26.04
18.26,15.55,2.71,9,5,General,1000.0,71.0,6.56,23.41
36.01,34.06,1.95,20,4,Organic,1500.0,88.9,8.81,46.3
93.17,91.25,1.91,4,0,Recyclable,800.0,88.6,7.99,100.0
90.65,89.38,1.28,23,5,Recyclable,800.0,24.8,9.43,99.86
54.87,51.55,3.32,3,1,General,800.0,47.5,13.26,68.16
48.97,49.08,-0.11,8,0,Recyclable,1500.0,12.0,5.79,55.71
81.42,79.91,1.51,9,5,General,1500.0,74.2,7.91,88.04
54.48,51.14,3.34,12,1,Organic,800.0,15.3,12.42,67.52
61.43,59.57,1.87,3,1,Organic,1500.0,51.0,11.46,74.02
22.09,18.63,3.46,0,6,General,1500.0,86.3,10.29,31.87
13.52,10.48,3.04,2,0,General,1000.0,83.3,14.27,25.5
25.97,23.31,2.66,13,4,Organic,1200.0,14.6,10.99,35.58
40.8,39.65,1.15,20,6,Organic,1500.0,74.7,11.48,48.06
31.25,28.55,2.7,5,3,General,800.0,84.8,12.27,48.54
51.98,50.53,1.45,3,2,Organic,1500.0,19.7,9.53,60.5
83.35,80.48,2.86,13,1,General,1200.0,90.8,18.47,100.0
43.48,41.3,2.18,10,5,Recyclable,800.0,53.4,11.28,57.92
92.53,88.43,4.1,9,0,General,1000.0,105.6,14.93,100.0
85.47,84.07,1.4,3,3,Organic,1200.0,17.2,10.36,97.15
40.86,37.46,3.4,15,6,Organic,1500.0,33.1,12.32,55.24
66.12,64.91,1.21,17,4,General,1200.0,111.1,7.82,76.5
31.14,28.81,2.33,23,4,Organic,1200.0,113.6,9.76,42.16
31.53,26.95,4.58,14,1,Organic,1200.0,37.1,18.93,50.38
24.11,22.27,1.83,23,6,Organic,800.0,108.4,12.43,36.28
52.69,49.31,3.38,21,5,General,800.0,116.4,12.0,64.79
73.17,71.76,1.42,12,4,General,1200.0,71.9,9.73,84.86
87.29,83.77,3.52,12,6,General,1200.0,80.3,14.35,100.0
79.66,78.86,0.8,5,0,General,1500.0,59.9,7.7,91.32
84.48,82.56,1.92,0,2,General,1000.0,58.6,10.02,97.48
23.55,22.41,1.14,17,2,Recyclable,1500.0,117.8,8.73,30.44
16.32,15.94,0.38,13,1,General,1200.0,117.6,12.36,29.79
45.14,42.36,2.78,1,4,General,800.0,115.1,11.6,54.4
69.02,67.38,1.63,8,3,Recyclable,800.0,102.0,9.79,76.09
13.61,11.82,1.78,3,1,Recyclable,800.0,104.2,11.54,22.4
20.46,18.45,2.0,0,2,Recyclable,800.0,111.7,6.74,25.88
42.36,38.7,3.66,18,5,General,1200.0,100.7,17.28,57.95
10.17,9.66,0.52,2,5,General,1200.0,40.2,6.27,15.3
87.28,82.68,4.6,1,6,General,1500.0,24.3,13.73,100.0
45.79,44.61,1.18,1,1,Recyclable,800.0,12.4,9.64,52.98
89.44,85.96,3.48,12,1,General,1000.0,99.1,15.63,100.0
64.41,62.86,1.55,16,3,Recyclable,1000.0,60.4,5.96,67.58
71.32,69.54,1.78,7,4,General,1000.0,102.1,6.59,75.52
13.15,9.4,3.75,21,0,Organic,1200.0,75.4,15.66,27.1
82.26,81.34,0.92,14,4,General,1500.0,52.5,9.93,96.34
68.95,67.13,1.82,18,3,Recyclable,1500.0,94.3,11.41,84.06
66.88,63.98,2.91,1,5,General,800.0,20.6,12.5,78.55
89.99,88.35,1.65,17,6,Recyclable,1200.0,97.0,9.1,100.0
37.83,33.8,4.03,16,5,General,800.0,82.8,13.96,50.72
66.24,61.77,4.47,21,0,Organic,800.0,79.3,21.27,85.76
82.12,78.82,3.3,18,0,Organic,1500.0,115.8,11.19,92.94
87.24,82.81,4.42,0,5,Organic,1500.0,15.6,27.56,100.0
16.89,14.08,2.8,6,2,Recyclable,1200.0,56.6,10.48,23.62
50.25,47.13,3.13,22,6,General,800.0,32.3,13.06,60.84
24.35,19.07,5.29,15,3,General,1200.0,80.4,16.81,42.36
68.72,64.2,4.52,7,1,Organic,1000.0,51.2,20.5,93.88
46.44,43.39,3.05,15,0,Recyclable,800.0,15.1,8.29,53.4
86.8,84.17,2.63,23,3,General,800.0,55.4,9.78,97.89
82.66,79.9,2.77,1,0,Recyclable,800.0,83.7,9.36,92.89
84.88,84.7,0.18,4,2,Recyclable,1000.0,21.5,4.04,87.05
67.05,63.0,4.05,12,6,General,1000.0,98.1,14.83,79.18
44.29,38.72,5.57,4,5,Organic,1200.0,64.0,24.57,67.79
93.08,90.52,2.56,18,2,Organic,800.0,89.3,10.72,100.0
55.28,52.0,3.28,7,5,Organic,1000.0,47.4,16.12,74.49
26.75,24.23,2.52,8,6,Organic,1500.0,102.8,15.93,44.85
87.83,84.17,3.66,12,5,Organic,1200.0,17.9,19.6,100.0
31.97,28.87,3.1,0,4,Recyclable,1000.0,45.1,9.23,43.68
39.22,33.16,6.07,7,2,Organic,1000.0,78.0,19.41,56.39
84.23,79.84,4.39,13,3,Organic,1000.0,40.2,18.43,100.0
90.99,86.51,4.48,8,6,Organic,1000.0,87.8,18.21,100.0
68.01,63.65,4.36,3,1,Organic,1200.0,33.2,15.71,81.71
17.8,16.25,1.55,1,3,General,1500.0,108.4,7.15,23.88
44.38,41.81,2.57,16,5,Recyclable,1000.0,116.2,12.73,56.49
10.21,8.82,1.4,6,2,Organic,800.0,11.4,9.99,23.3
86.97,85.11,1.86,21,5,Recyclable,800.0,23.7,10.01,93.35
15.25,11.5,3.75,9,0,General,800.0,20.4,9.69,27.17
29.21,25.69,3.53,8,3,General,1200.0,25.9,15.98,45.76
60.58,58.01,2.57,21,1,General,800.0,72.9,10.09,67.78
71.29,68.27,3.02,8,4,General,1000.0,107.6,11.62,82.65
84.19,83.12,1.07,21,3,Recyclable,1500.0,10.8,5.63,88.13
30.35,24.12,6.23,0,4,Organic,1500.0,48.4,16.84,43.63
15.26,12.3,2.96,9,5,General,800.0,47.8,14.76,29.9
53.81,49.49,4.31,16,2,General,1000.0,50.8,17.35,70.88
60.96,59.84,1.13,18,0,Recyclable,1000.0,28.7,6.57,64.93
76.36,73.2,3.16,21,0,Recyclable,1000.0,104.5,4.25,83.23
85.44,82.16,3.28,17,5,General,1200.0,70.3,13.42,99.35
87.53,86.7,0.84,4,1,Recyclable,1500.0,41.0,4.87,90.83
47.78,44.8,2.98,13,6,General,1200.0,84.1,10.59,58.86
91.72,88.74,2.98,17,6,Recyclable,1000.0,82.9,15.22,100.0
92.68,90.8,1.88,12,6,Organic,1500.0,43.8,12.97,100.0
78.78,73.71,5.07,18,1,Organic,1000.0,9.3,10.71,89.32
94.09,89.35,4.74,23,2,Organic,1200.0,38.1,19.14,100.0
30.91,28.79,2.11,6,5,Recyclable,1200.0,91.1,10.16,44.69
12.42,12.72,-0.3,1,1,Organic,1000.0,86.5,8.32,21.15
19.19,16.9,2.29,3,4,General,1500.0,112.1,9.62,32.25
13.24,7.72,5.52,9,6,Organic,1000.0,35.3,28.29,39.62
33.68,29.56,4.13,21,4,Organic,1000.0,38.9,15.0,48.64
45.05,41.91,3.14,9,5,General,1000.0,44.5,13.29,60.33
63.51,61.74,1.77,13,1,Recyclable,1000.0,16.4,7.33,68.75
50.92,48.47,2.45,5,4,General,1200.0,72.8,9.58,59.8
63.06,58.02,5.05,18,5,Organic,800.0,103.8,25.22,90.88
86.04,83.52,2.52,2,1,General,1500.0,67.7,9.95,95.72
78.78,77.04,1.74,18,1,Organic,1500.0,74.0,11.18,87.23
42.65,41.4,1.25,4,4,General,1000.0,99.0,10.69,56.18
66.84,63.73,3.12,12,6,General,1000.0,77.1,11.6,75.19
28.41,27.03,1.37,11,1,Recyclable,1200.0,66.7,4.89,38.63
57.72,56.91,0.81,5,4,Recyclable,800.0,32.1,4.42,59.01
16.17,12.92,3.25,3,6,Organic,800.0,79.3,11.28,25.71
26.06,21.99,4.07,22,3,General,1200.0,96.8,12.2,38.39
40.06,36.92,3.14,14,5,Organic,800.0,72.6,16.28,57.41
42.8,42.45,0.36,20,4,Recyclable,1500.0,58.6,6.04,50.04
85.03,81.7,3.33,16,1,General,800.0,21.6,18.21,100.0
17.17,13.35,3.83,17,5,General,1500.0,85.8,15.49,33.65
38.47,36.97,1.51,13,1,General,1500.0,78.8,11.4,51.06
28.77,25.35,3.42,21,1,Organic,1500.0,93.5,8.2,38.42
76.45,73.72,2.73,22,3,Recyclable,1200.0,7.8,9.1,85.88
57.08,54.57,2.51,4,4,Recyclable,1500.0,52.1,7.39,62.24
22.32,19.57,2.76,15,5,Recyclable,1200.0,104.0,5.98,25.23
52.51,49.15,3.36,18,3,General,1200.0,14.9,16.89,67.41
71.87,67.06,4.81,14,3,Organic,1500.0,18.8,18.58,87.72
41.94,38.62,3.33,15,6,Recyclable,1500.0,52.5,9.7,50.12
35.54,32.24,3.3,1,1,Organic,800.0,3.1,11.38,51.65
72.12,70.57,1.56,13,0,General,1500.0,57.1,8.1,82.16
14.63,13.7,0.93,15,1,Organic,800.0,27.0,8.67,24.32
87.55,84.02,3.54,15,3,Recyclable,800.0,28.4,8.47,97.59
17.05,15.41,1.64,23,2,General,1200.0,67.4,10.36,22.03
33.98,30.71,3.27,20,0,Organic,1000.0,5.0,19.82,52.72
11.14,9.19,1.94,10,3,General,1000.0,108.0,10.28,21.21
94.56,92.41,2.15,10,2,Recyclable,800.0,94.4,11.62,100.0
24.53,20.24,4.29,14,3,General,1200.0,7.4,17.08,41.59
89.2,87.54,1.66,18,6,Recyclable,800.0,28.8,11.48,99.24
45.07,42.22,2.85,20,5,Recyclable,800.0,93.4,11.01,53.78
25.23,19.9,5.33,10,6,Organic,1000.0,88.8,21.6,43.45
23.51,21.91,1.6,21,6,General,800.0,107.2,6.27,31.58
52.0,49.19,2.81,23,3,Recyclable,800.0,22.1,6.25,57.85
75.81,71.45,4.36,14,2,Organic,1200.0,28.1,21.97,97.64
83.53,80.25,3.28,19,4,Recyclable,1200.0,95.6,4.09,89.76
25.83,25.61,0.22,18,4,Recyclable,1200.0,111.0,9.35,41.36
12.67,11.05,1.63,19,3,Organic,1000.0,55.4,9.29,20.23
63.64,61.81,1.83,14,1,Recyclable,800.0,50.0,5.07,66.06
10.71,5.79,4.92,12,6,Organic,1200.0,13.1,17.99,29.48
74.92,74.39,0.53,15,5,Recyclable,1000.0,102.6,8.14,84.38
89.49,86.7,2.78,15,5,Recyclable,1500.0,100.7,13.39,100.0
55.18,53.94,1.23,8,5,Recyclable,1000.0,92.1,6.13,58.51
61.86,58.44,3.42,4,3,Organic,1000.0,69.9,10.3,73.06
63.45,61.63,1.82,2,2,Organic,1200.0,102.3,13.14,76.39
44.97,41.75,3.22,6,3,Recyclable,1000.0,78.5,4.09,47.5
77.48,72.94,4.54,11,0,Organic,1200.0,63.3,18.33,95.91
51.8,49.48,2.32,0,4,General,1500.0,109.1,8.21,59.97
78.78,79.0,-0.22,4,5,Recyclable,800.0,48.3,5.86,84.57
27.37,24.3,3.08,3,2,Recyclable,800.0,111.8,9.56,34.67
16.84,14.9,1.94,18,2,Recyclable,800.0,7.1,9.76,28.49
60.17,56.41,3.76,20,0,Organic,1200.0,97.0,13.31,71.67
12.75,12.07,0.68,2,4,Recyclable,1500.0,5.4,6.34,21.89
29.66,27.32,2.34,6,2,Organic,800.0,41.5,8.25,38.23
11.87,7.69,4.18,4,4,General,1500.0,62.9,15.25,28.59
44.96,42.99,1.97,23,6,General,800.0,99.0,12.98,57.71
64.81,62.15,2.65,2,3,Recyclable,1500.0,106.7,10.36,75.63
87.44,85.22,2.22,3,3,Organic,800.0,117.8,13.0,100.0
85.42,78.12,7.3,2,0,Organic,1200.0,107.0,21.76,100.0
11.0,10.1,0.9,4,6,General,1000.0,16.4,9.4,20.69
77.1,75.17,1.93,23,4,Recyclable,1500.0,59.5,11.73,89.98
29.11,27.87,1.24,5,1,General,800.0,11.9,7.3,36.74
85.01,83.67,1.34,2,2,General,1500.0,12.1,12.72,94.97
60.68,56.72,3.96,13,0,Organic,1200.0,35.9,20.41,80.07
34.37,31.58,2.79,3,5,General,1500.0,70.9,13.7,50.83
79.56,74.8,4.76,13,3,General,1000.0,19.9,17.25,97.43
33.63,31.59,2.04,20,0,General,1500.0,4.7,9.19,42.18
67.35,65.03,2.32,6,6,General,1200.0,38.0,8.94,73.65
40.39,38.8,1.6,14,0,Recyclable,1200.0,91.7,4.65,49.7
77.24,73.52,3.72,6,5,General,1000.0,54.5,12.67,88.38
76.13,74.21,1.92,7,5,Recyclable,1000.0,17.5,7.86,86.3
53.87,51.23,2.64,0,6,General,1200.0,43.2,11.52,68.44
74.77,72.7,2.07,5,3,Recyclable,1000.0,78.6,5.98,80.54
71.72,70.34,1.38,19,0,Recyclable,800.0,101.6,4.66,75.52
68.27,66.73,1.53,7,2,Recyclable,1200.0,104.9,10.27,81.52
67.61,65.21,2.4,18,0,General,800.0,28.7,13.96,86.58
10.81,7.69,3.12,4,2,General,1000.0,57.4,12.34,23.26
94.33,91.17,3.16,18,4,General,1000.0,4.5,13.36,100.0
91.83,90.19,1.64,18,4,General,1500.0,82.3,11.3,100.0
32.22,29.77,2.45,9,6,Organic,1500.0,118.7,10.69,40.66
85.91,81.35,4.56,14,3,General,1500.0,71.9,12.39,99.84
48.35,46.19,2.16,2,2,Recyclable,1000.0,38.8,7.55,55.2
50.11,47.91,2.19,6,4,General,1500.0,25.4,13.29,63.21
85.87,81.04,4.83,5,2,Organic,800.0,66.8,21.9,100.0
67.42,64.22,3.2,13,0,Organic,1200.0,41.0,13.8,81.08
26.17,23.31,2.86,5,1,Organic,800.0,46.7,11.69,34.25
63.15,60.03,3.11,4,6,Recyclable,1200.0,2.7,11.22,71.78
90.01,87.58,2.42,20,6,Organic,1000.0,115.3,11.31,100.0
26.92,22.78,4.14,20,5,Organic,1200.0,18.0,22.2,47.59
63.89,62.25,1.64,0,2,Recyclable,1500.0,57.4,4.65,64.5
67.71,67.51,0.2,13,6,Recyclable,1200.0,102.3,9.85,77.67
91.76,90.55,1.21,10,0,Recyclable,800.0,12.9,5.61,98.25
92.34,89.01,3.33,21,4,Organic,1200.0,33.3,16.34,100.0
57.92,54.22,3.7,2,6,Organic,800.0,39.9,14.65,74.35
89.52,88.23,1.28,11,1,Organic,800.0,10.0,8.75,99.32
77.33,74.29,3.03,17,0,Recyclable,1000.0,94.7,11.46,89.0
74.45,72.53,1.92,6,4,Recyclable,1200.0,16.8,7.54,80.07
73.39,71.52,1.87,14,0,Organic,1500.0,93.3,11.99,86.0
62.87,60.83,2.04,19,4,General,1200.0,41.9,8.57,68.92
30.04,29.06,0.97,0,1,General,1200.0,29.8,13.66,43.85
82.03,78.61,3.42,16,4,Recyclable,1000.0,18.9,6.14,91.93
57.05,54.77,2.28,10,2,General,1000.0,51.0,12.72,70.68
55.51,52.49,3.02,1,4,General,800.0,9.0,12.49,72.24
86.37,84.6,1.76,8,3,General,800.0,42.2,11.42,96.94
44.22,42.87,1.35,21,3,Recyclable,1200.0,114.6,7.28,49.94
13.34,9.24,4.09,18,5,Organic,1200.0,33.8,28.15,41.25
82.38,81.04,1.34,8,5,General,800.0,14.5,8.61,88.99
48.49,43.77,4.72,2,2,Organic,1000.0,23.3,10.78,58.48
78.55,77.92,0.63,18,1,General,1000.0,44.4,9.11,82.8
44.51,40.98,3.53,16,1,Organic,800.0,75.7,19.51,61.08
32.58,30.96,1.62,10,0,Organic,1000.0,109.2,8.14,39.05
49.6,47.38,2.22,19,5,Recyclable,1200.0,21.6,8.57,56.47
82.42,79.35,3.07,8,6,Organic,800.0,89.2,13.66,96.47
35.82,30.28,5.54,17,0,Organic,1200.0,15.8,19.26,56.6
44.76,41.97,2.79,7,0,Recyclable,800.0,97.3,5.62,47.04
92.99,91.14,1.85,19,2,General,800.0,104.6,7.99,99.98
71.98,69.17,2.81,7,4,Recyclable,1500.0,98.6,9.93,85.04
18.38,15.37,3.01,21,0,General,1500.0,117.9,13.62,27.68
38.96,34.42,4.54,2,3,Organic,1000.0,116.4,17.88,56.5
20.37,17.06,3.31,13,6,Organic,800.0,11.3,16.39,35.71
39.84,37.5,2.34,22,5,Recyclable,1000.0,2.4,11.87,51.95
44.57,42.0,2.57,18,6,Organic,800.0,2.6,26.18,72.52
65.1,62.68,2.42,2,0,Organic,1500.0,92.3,11.1,77.2
55.0,53.22,1.78,14,6,General,800.0,43.3,16.2,71.57
11.0,6.11,4.88,14,0,Organic,1500.0,48.1,21.08,34.93
20.21,20.84,-0.63,21,5,General,1000.0,77.6,7.2,29.05
20.41,19.53,0.88,17,3,Recyclable,1000.0,66.9,9.83,29.34
43.22,38.9,4.32,6,1,Organic,1500.0,11.9,18.91,58.47
76.22,74.36,1.86,8,6,Recyclable,800.0,38.8,13.89,88.16
53.39,47.19,6.2,4,1,Organic,800.0,35.0,20.94,73.07
26.31,21.69,4.62,7,5,General,1200.0,36.0,14.93,40.98
83.14,80.95,2.19,17,1,Organic,1200.0,11.4,8.3,92.93
35.44,32.19,3.25,2,2,Organic,1500.0,51.6,14.26,49.67
82.36,77.35,5.01,15,1,General,800.0,68.2,18.97,100.0
94.06,91.97,2.09,15,0,Recyclable,800.0,61.5,10.66,100.0
80.4,76.99,3.42,16,5,Recyclable,800.0,16.7,15.39,91.79
14.69,12.63,2.06,22,6,Recyclable,1500.0,114.8,8.71,23.4
69.63,65.66,3.97,5,2,General,800.0,82.8,11.34,83.08
57.54,54.63,2.9,7,1,General,1200.0,61.3,7.21,65.32
62.8,59.44,3.37,16,4,Organic,1000.0,68.4,17.82,82.55
67.78,65.29,2.48,1,5,Recyclable,1500.0,66.8,6.55,72.58
22.85,18.94,3.92,22,5,Organic,1200.0,35.4,23.7,44.14
83.23,81.74,1.49,18,4,Recyclable,1200.0,91.7,4.34,89.63
79.09,78.6,0.49,20,1,Recyclable,1000.0,70.9,5.16,83.85
42.29,41.29,1.01,3,2,Recyclable,800.0,43.4,4.36,48.12
65.87,62.42,3.45,11,6,General,1500.0,84.2,14.7,80.62
35.58,33.94,1.64,16,4,General,1200.0,63.0,12.88,47.03
76.17,71.42,4.75,1,3,Recyclable,800.0,49.2,10.72,85.57
94.03,91.31,2.72,21,1,General,1000.0,90.2,11.36,100.0
56.92,54.9,2.01,20,4,General,1000.0,51.2,6.77,63.32
92.65,89.72,2.93,19,4,Organic,1200.0,77.6,10.39,100.0
51.03,47.93,3.1,2,6,Recyclable,1200.0,22.0,15.12,67.94
85.01,82.01,3.0,9,2,Organic,1500.0,59.8,9.95,96.34
33.74,30.02,3.71,19,1,General,1000.0,39.3,11.33,44.6
33.82,30.7,3.12,18,0,Organic,1500.0,22.7,9.91,42.8
55.29,52.81,2.48,6,6,General,1000.0,16.7,8.83,63.1
16.4,14.41,1.99,14,5,General,1200.0,7.0,10.12,25.37
14.13,10.82,3.31,2,1,Recyclable,1200.0,101.0,7.48,20.21
13.06,6.69,6.37,1,2,Organic,1000.0,98.3,19.46,33.72
61.47,59.23,2.24,11,0,Recyclable,800.0,83.4,7.76,67.58
72.35,68.97,3.38,4,1,General,1200.0,22.4,12.55,85.28
22.87,22.46,0.41,4,1,Recyclable,1500.0,5.4,8.68,31.99
19.27,14.87,4.4,22,1,Organic,1000.0,32.2,17.57,35.59
47.43,43.2,4.24,0,5,General,800.0,77.6,14.41,64.02
69.51,65.02,4.5,21,2,Organic,1200.0,24.5,16.97,87.28
