bin_id,timestamp,fill_percent,weight_kg,temperature,sensor_status,validation_status,validation_reason
BIN-001,2026-09-12T10:46:30.378747,21.2,42.4,31.0,HEALTHY,VALID,Routine periodic telemetry reading.
BIN-001,2026-09-12T16:46:30.378747,25.1,50.2,30.7,HEALTHY,VALID,Routine periodic telemetry reading.
BIN-001,2026-09-12T22:46:30.378747,29.3,58.7,29.3,HEALTHY,VALID,Routine periodic telemetry reading.
BIN-001,2026-09-13T04:46:30.378747,30.9,61.9,25.3,HEALTHY,VALID,Routine periodic telemetry reading.
BIN-001,2026-09-13T10:46:30.378747,32.7,65.4,24.4,HEALTHY,VALID,Routine periodic telemetry reading.
BIN-001,2026-09-13T16:46:30.378747,33.9,67.8,24.2,HEALTHY,VALID,Routine periodic telemetry reading.
BIN-001,2026-09-13T22:46:30.378747,38.3,76.7,22.9,HEALTHY,VALID,Routine periodic telemetry reading.
BIN-001,2026-09-14T04:46:30.378747,42.1,84.1,25.0,HEALTHY,VALID,Routine periodic telemetry reading.
BIN-001,2026-09-14T10:46:30.378747,44.6,89.1,30.5,HEALTHY,VALID,Routine periodic telemetry reading.
BIN-001,2026-09-14T16:46:30.378747,49.0,98.1,26.1,HEALTHY,VALID,Routine periodic telemetry reading.
BIN-001,2026-09-14T22:46:30.378747,52.6,105.1,21.7,HEALTHY,VALID,Routine periodic telemetry reading.
BIN-001,2026-09-15T04:46:30.378747,54.6,109.2,30.7,HEALTHY,VALID,Routine periodic telemetry reading.
BIN-001,2026-09-15T10:46:30.378747,57.6,115.2,26.0,HEALTHY,VALID,Routine periodic telemetry reading.
BIN-001,2026-09-15T16:46:30.378747,61.2,122.5,20.6,HEALTHY,VALID,Routine periodic telemetry reading.
BIN-001,2026-09-15T22:46:30.378747,64.3,128.6,25.5,HEALTHY,VALID,Routine periodic telemetry reading.
BIN-001,2026-09-16T04:46:30.378747,68.3,136.5,21.7,HEALTHY,VALID,Routine periodic telemetry reading.
BIN-001,2026-09-16T10:46:30.378747,72.6,145.3,20.9,HEALTHY,VALID,Routine periodic telemetry reading.
BIN-001,2026-09-16T16:46:30.378747,74.3,148.6,26.5,HEALTHY,VALID,Routine periodic telemetry reading.
BIN-001,2026-09-16T22:46:30.378747,77.6,155.3,22.6,HEALTHY,VALID,Routine periodic telemetry reading.
BIN-001,2026-09-17T04:46:30.378747,79.1,158.1,29.8,HEALTHY,VALID,Routine periodic telemetry reading.
BIN-001,2026-09-17T10:46:30.378747,80.9,161.8,26.5,HEALTHY,VALID,Routine periodic telemetry reading.
BIN-001,2026-09-17T16:46:30.378747,84.1,168.2,24.6,HEALTHY,VALID,Routine periodic telemetry reading.
BIN-001,2026-09-17T22:46:30.378747,87.1,174.3,25.8,HEALTHY,VALID,Routine periodic telemetry reading.
BIN-001,2026-09-18T04:46:30.378747,91.4,182.8,27.9,HEALTHY,VALID,Routine periodic telemetry reading.
BIN-001,2026-09-18T10:46:30.378747,93.2,186.5,27.4,HEALTHY,VALID,Routine periodic telemetry reading.
BIN-001,2026-09-18T16:46:30.378747,95.3,190.6,28.3,HEALTHY,VALID,Routine periodic telemetry reading.
BIN-001,2026-09-18T22:46:30.378747,5.0,193.1,31.0,HEALTHY,VALID,Routine periodic telemetry reading.
BIN-001,2026-09-19T04:46:30.378747,9.5,19.0,20.8,HEALTHY,VALID,Routine periodic telemetry reading.
BIN-001,2026-09-19T10:46:30.378747,11.2,22.5,22.9,HEALTHY,VALID,Routine periodic telemetry reading.
BIN-001,2026-09-19T16:46:30.378747,15.5,31.0,29.7,HEALTHY,VALID,Routine periodic telemetry reading.
BIN-001,2026-09-19T22:46:30.378747,19.6,39.2,24.1,HEALTHY,VALID,Routine periodic telemetry reading.
BIN-001,2026-09-20T04:46:30.378747,21.1,42.3,29.2,HEALTHY,VALID,Routine periodic telemetry reading.
BIN-001,2026-09-20T10:46:30.378747,24.6,49.2,26.7,HEALTHY,VALID,Routine periodic telemetry reading.
BIN-001,2026-09-20T16:46:30.378747,29.0,58.1,27.2,HEALTHY,VALID,Routine periodic telemetry reading.
BIN-001,2026-09-20T22:46:30.378747,30.1,60.1,29.0,HEALTHY,VALID,Routine periodic telemetry reading.
BIN-001,2026-09-21T04:46:30.378747,32.1,64.2,27.3,HEALTHY,VALID,Routine periodic telemetry reading.
BIN-001,2026-09-21T10:46:30.378747,36.4,72.8,21.5,HEALTHY,VALID,Routine periodic telemetry reading.
BIN-001,2026-09-21T16:46:30.378747,37.8,75.6,21.2,HEALTHY,VALID,Routine periodic telemetry reading.
BIN-001,2026-09-21T22:46:30.378747,40.7,81.5,23.0,HEALTHY,VALID,Routine periodic telemetry reading.
BIN-001,2026-09-22T04:46:30.378747,43.9,87.7,27.9,HEALTHY,VALID,Routine periodic telemetry reading.
BIN-001,2026-09-22T10:46:30.378747,45.6,91.2,27.0,HEALTHY,VALID,Routine periodic telemetry reading.
BIN-001,2026-09-22T16:46:30.378747,47.5,95.0,25.4,HEALTHY,VALID,Routine periodic telemetry reading.
BIN-001,2026-09-22T22:46:30.378747,51.7,103.3,29.3,HEALTHY,VALID,Routine periodic telemetry reading.
BIN-001,2026-09-23T04:46:30.378747,53.0,106.0,24.7,HEALTHY,VALID,Routine periodic telemetry reading.
BIN-001,2026-09-23T10:46:30.378747,55.0,109.9,20.0,HEALTHY,VALID,Routine periodic telemetry reading.
BIN-001,2026-09-23T16:46:30.378747,58.7,117.3,27.0,HEALTHY,VALID,Routine periodic telemetry reading.
BIN-001,2026-09-23T22:46:30.378747,60.6,121.2,28.2,HEALTHY,VALID,Routine periodic telemetry reading.
BIN-001,2026-09-24T04:46:30.378747,63.5,127.0,24.7,HEALTHY,VALID,Routine periodic telemetry reading.
BIN-001,2026-09-24T10:46:30.378747,64.5,129.1,20.8,HEALTHY,VALID,Routine periodic telemetry reading.
BIN-001,2026-09-24T16:46:30.378747,68.6,137.3,29.9,HEALTHY,VALID,Routine periodic telemetry reading.
BIN-001,2026-09-24T22:46:30.378747,71.5,143.1,29.2,HEALTHY,VALID,Routine periodic telemetry reading.
BIN-001,2026-09-25T04:46:30.378747,74.6,149.2,21.6,HEALTHY,VALID,Routine periodic telemetry reading.
BIN-001,2026-09-25T10:46:30.378747,76.0,152.1,23.4,HEALTHY,VALID,Routine periodic telemetry reading.
BIN-001,2026-09-25T16:46:30.378747,80.2,160.3,28.8,HEALTHY,VALID,Routine periodic telemetry reading.
BIN-001,2026-09-25T22:46:30.378747,84.2,168.4,29.9,HEALTHY,VALID,Routine periodic telemetry reading.
BIN-001,2026-09-26T04:46:30.378747,85.9,171.8,22.7,HEALTHY,VALID,Routine periodic telemetry reading.
BIN-001,2026-09-26T10:46:30.378747,87.3,174.6,28.6,HEALTHY,VALID,Routine periodic telemetry reading.
BIN-001,2026-09-26T16:46:30.378747,5.0,182.8,26.8,HEALTHY,VALID,Routine periodic telemetry reading.
BIN-001,2026-09-26T22:46:30.378747,6.5,13.1,30.2,HEALTHY,VALID,Routine periodic telemetry reading.
BIN-001,2026-09-27T04:46:30.378747,10.6,21.1,30.7,HEALTHY,VALID,Routine periodic telemetry reading.
BIN-001,2026-09-27T10:46:30.378747,14.4,28.8,29.7,HEALTHY,VALID,Routine periodic telemetry reading.
BIN-001,2026-09-27T16:46:30.378747,15.5,31.0,28.1,HEALTHY,VALID,Routine periodic telemetry reading.
BIN-001,2026-09-27T22:46:30.378747,17.7,35.3,30.2,HEALTHY,VALID,Routine periodic telemetry reading.
BIN-001,2026-09-28T04:46:30.378747,21.5,42.9,29.5,HEALTHY,VALID,Routine periodic telemetry reading.
BIN-001,2026-09-28T10:46:30.378747,25.3,50.6,22.9,HEALTHY,VALID,Routine periodic telemetry reading.
BIN-001,2026-09-28T16:46:30.378747,29.1,58.1,21.2,HEALTHY,VALID,Routine periodic telemetry reading.
BIN-001,2026-09-28T22:46:30.378747,33.1,66.2,29.4,HEALTHY,VALID,Routine periodic telemetry reading.
BIN-001,2026-09-29T04:46:30.378747,34.9,69.8,29.0,HEALTHY,VALID,Routine periodic telemetry reading.
BIN-001,2026-09-29T10:46:30.378747,37.5,75.0,23.4,HEALTHY,VALID,Routine periodic telemetry reading.
BIN-001,2026-09-29T16:46:30.378747,41.3,82.6,22.5,HEALTHY,VALID,Routine periodic telemetry reading.
BIN-001,2026-09-29T22:46:30.378747,42.4,84.7,22.1,HEALTHY,VALID,Routine periodic telemetry reading.
BIN-001,2026-09-30T04:46:30.378747,44.5,89.0,29.5,HEALTHY,VALID,Routine periodic telemetry reading.
BIN-001,2026-09-30T10:46:30.378747,48.9,97.8,23.1,HEALTHY,VALID,Routine periodic telemetry reading.
BIN-001,2026-09-30T16:46:30.378747,52.1,104.3,24.4,HEALTHY,VALID,Routine periodic telemetry reading.
BIN-001,2026-09-30T22:46:30.378747,56.6,113.2,25.9,HEALTHY,VALID,Routine periodic telemetry reading.
BIN-001,2026-10-01T04:46:30.378747,60.9,121.7,21.3,HEALTHY,VALID,Routine periodic telemetry reading.
BIN-001,2026-10-01T10:46:30.378747,65.3,130.5,22.0,HEALTHY,VALID,Routine periodic telemetry reading.
BIN-001,2026-10-01T16:46:30.378747,69.6,139.3,22.9,HEALTHY,VALID,Routine periodic telemetry reading.
BIN-001,2026-10-01T22:46:30.378747,71.0,142.0,24.8,HEALTHY,VALID,Routine periodic telemetry reading.
BIN-001,2026-10-02T04:46:30.378747,74.6,149.1,23.5,HEALTHY,VALID,Routine periodic telemetry reading.
BIN-002,2026-09-12T10:46:30.378747,23.1,37.0,25.6,HEALTHY,VALID,Routine periodic telemetry reading.
BIN-002,2026-09-12T16:46:30.378747,25.5,40.8,26.3,HEALTHY,VALID,Routine periodic telemetry reading.
BIN-002,2026-09-12T22:46:30.378747,27.4,43.8,27.8,HEALTHY,VALID,Routine periodic telemetry reading.
BIN-002,2026-09-13T04:46:30.378747,28.4,45.4,30.2,HEALTHY,VALID,Routine periodic telemetry reading.
BIN-002,2026-09-13T10:46:30.378747,31.3,50.0,27.9,HEALTHY,VALID,Routine periodic telemetry reading.
BIN-002,2026-09-13T16:46:30.378747,34.8,55.8,27.4,HEALTHY,VALID,Routine periodic telemetry reading.
BIN-002,2026-09-13T22:46:30.378747,37.1,59.4,20.8,HEALTHY,VALID,Routine periodic telemetry reading.
BIN-002,2026-09-14T04:46:30.378747,40.4,64.7,23.6,HEALTHY,VALID,Routine periodic telemetry reading.
BIN-002,2026-09-14T10:46:30.378747,42.5,68.1,29.3,HEALTHY,VALID,Routine periodic telemetry reading.
BIN-002,2026-09-14T16:46:30.378747,46.1,73.7,23.3,HEALTHY,VALID,Routine periodic telemetry reading.
BIN-002,2026-09-14T22:46:30.378747,48.1,77.0,24.5,HEALTHY,VALID,Routine periodic telemetry reading.
BIN-002,2026-09-15T04:46:30.378747,50.6,80.9,23.3,HEALTHY,VALID,Routine periodic telemetry reading.
BIN-002,2026-09-15T10:46:30.378747,52.0,83.2,24.6,HEALTHY,VALID,Routine periodic telemetry reading.
BIN-002,2026-09-15T16:46:30.378747,56.3,90.1,27.5,HEALTHY,VALID,Routine periodic telemetry reading.
BIN-002,2026-09-15T22:46:30.378747,60.5,96.7,26.8,HEALTHY,VALID,Routine periodic telemetry reading.
BIN-002,2026-09-16T04:46:30.378747,62.5,100.0,26.0,HEALTHY,VALID,Routine periodic telemetry reading.
BIN-002,2026-09-16T10:46:30.378747,63.5,101.6,23.2,HEALTHY,VALID,Routine periodic telemetry reading.
BIN-002,2026-09-16T16:46:30.378747,66.0,105.6,26.4,HEALTHY,VALID,Routine periodic telemetry reading.
BIN-002,2026-09-16T22:46:30.378747,69.3,110.9,25.1,HEALTHY,VALID,Routine periodic telemetry reading.
BIN-002,2026-09-17T04:46:30.378747,71.9,115.0,22.4,HEALTHY,VALID,Routine periodic telemetry reading.
BIN-002,2026-09-17T10:46:30.378747,74.5,119.2,29.9,HEALTHY,VALID,Routine periodic telemetry reading.
BIN-002,2026-09-17T16:46:30.378747,78.3,125.3,21.9,HEALTHY,VALID,Routine periodic telemetry reading.
BIN-002,2026-09-17T22:46:30.378747,79.6,127.3,25.7,HEALTHY,VALID,Routine periodic telemetry reading.
BIN-002,2026-09-18T04:46:30.378747,82.8,132.5,23.7,HEALTHY,VALID,Routine periodic telemetry reading.
BIN-002,2026-09-18T10:46:30.378747,86.7,138.7,28.3,HEALTHY,VALID,Routine periodic telemetry reading.
BIN-002,2026-09-18T16:46:30.378747,90.0,144.0,22.2,HEALTHY,VALID,Routine periodic telemetry reading.
BIN-002,2026-09-18T22:46:30.378747,91.1,145.8,25.2,HEALTHY,VALID,Routine periodic telemetry reading.
BIN-002,2026-09-19T04:46:30.378747,95.1,152.1,24.6,HEALTHY,VALID,Routine periodic telemetry reading.
BIN-002,2026-09-19T10:46:30.378747,98.0,156.8,27.7,HEALTHY,VALID,Routine periodic telemetry reading.
BIN-002,2026-09-19T16:46:30.378747,98.0,156.8,27.2,HEALTHY,VALID,Routine periodic telemetry reading.
BIN-002,2026-09-19T22:46:30.378747,5.0,156.8,28.5,HEALTHY,VALID,Routine periodic telemetry reading.
BIN-002,2026-09-20T04:46:30.378747,6.4,10.2,24.7,HEALTHY,VALID,Routine periodic telemetry reading.
BIN-002,2026-09-20T10:46:30.378747,8.0,12.8,30.5,HEALTHY,VALID,Routine periodic telemetry reading.
BIN-002,2026-09-20T16:46:30.378747,10.8,17.3,20.6,HEALTHY,VALID,Routine periodic telemetry reading.
BIN-002,2026-09-20T22:46:30.378747,12.7,20.3,29.3,HEALTHY,VALID,Routine periodic telemetry reading.
BIN-002,2026-09-21T04:46:30.378747,15.3,24.4,28.8,HEALTHY,VALID,Routine periodic telemetry reading.
BIN-002,2026-09-21T10:46:30.378747,18.6,29.8,30.9,HEALTHY,VALID,Routine periodic telemetry reading.
BIN-002,2026-09-21T16:46:30.378747,21.7,34.7,30.5,HEALTHY,VALID,Routine periodic telemetry reading.
BIN-002,2026-09-21T22:46:30.378747,25.8,41.3,26.7,HEALTHY,VALID,Routine periodic telemetry reading.
BIN-002,2026-09-22T04:46:30.378747,29.3,46.9,25.6,HEALTHY,VALID,Routine periodic telemetry reading.
BIN-002,2026-09-22T10:46:30.378747,33.2,53.2,26.0,HEALTHY,VALID,Routine periodic telemetry reading.
BIN-002,2026-09-22T16:46:30.378747,37.4,59.8,28.2,HEALTHY,VALID,Routine periodic telemetry reading.
BIN-002,2026-09-22T22:46:30.378747,40.0,64.1,22.9,HEALTHY,VALID,Routine periodic telemetry reading.
BIN-002,2026-09-23T04:46:30.378747,41.9,67.0,27.0,HEALTHY,VALID,Routine periodic telemetry reading.
BIN-002,2026-09-23T10:46:30.378747,45.6,72.9,25.7,HEALTHY,VALID,Routine periodic telemetry reading.
BIN-002,2026-09-23T16:46:30.378747,48.8,78.0,23.0,HEALTHY,VALID,Routine periodic telemetry reading.
BIN-002,2026-09-23T22:46:30.378747,50.0,80.1,23.1,HEALTHY,VALID,Routine periodic telemetry reading.
BIN-002,2026-09-24T04:46:30.378747,52.0,83.2,23.5,HEALTHY,VALID,Routine periodic telemetry reading.
BIN-002,2026-09-24T10:46:30.378747,54.9,87.8,21.5,HEALTHY,VALID,Routine periodic telemetry reading.
BIN-002,2026-09-24T16:46:30.378747,56.7,90.7,27.6,HEALTHY,VALID,Routine periodic telemetry reading.
BIN-002,2026-09-24T22:46:30.378747,60.2,96.3,20.7,HEALTHY,VALID,Routine periodic telemetry reading.
BIN-002,2026-09-25T04:46:30.378747,62.6,100.2,26.0,HEALTHY,VALID,Routine periodic telemetry reading.
BIN-002,2026-09-25T10:46:30.378747,65.1,104.1,22.3,HEALTHY,VALID,Routine periodic telemetry reading.
BIN-002,2026-09-25T16:46:30.378747,67.5,108.0,30.0,HEALTHY,VALID,Routine periodic telemetry reading.
BIN-002,2026-09-25T22:46:30.378747,70.6,112.9,27.7,HEALTHY,VALID,Routine periodic telemetry reading.
BIN-002,2026-09-26T04:46:30.378747,74.6,119.3,28.4,HEALTHY,VALID,Routine periodic telemetry reading.
BIN-002,2026-09-26T10:46:30.378747,76.9,123.0,20.1,HEALTHY,VALID,Routine periodic telemetry reading.
BIN-002,2026-09-26T16:46:30.378747,79.1,126.6,28.3,HEALTHY,VALID,Routine periodic telemetry reading.
BIN-002,2026-09-26T22:46:30.378747,83.1,133.0,30.5,HEALTHY,VALID,Routine periodic telemetry reading.
BIN-002,2026-09-27T04:46:30.378747,85.6,136.9,28.2,HEALTHY,VALID,Routine periodic telemetry reading.
BIN-002,2026-09-27T10:46:30.378747,5.0,141.6,22.4,HEALTHY,VALID,Routine periodic telemetry reading.
BIN-002,2026-09-27T16:46:30.378747,6.8,10.8,24.8,HEALTHY,VALID,Routine periodic telemetry reading.
BIN-002,2026-09-27T22:46:30.378747,7.9,12.6,23.7,HEALTHY,VALID,Routine periodic telemetry reading.
BIN-002,2026-09-28T04:46:30.378747,11.2,18.0,24.4,HEALTHY,VALID,Routine periodic telemetry reading.
BIN-002,2026-09-28T10:46:30.378747,12.8,20.5,25.1,HEALTHY,VALID,Routine periodic telemetry reading.
BIN-002,2026-09-28T16:46:30.378747,14.3,22.8,26.8,HEALTHY,VALID,Routine periodic telemetry reading.
BIN-002,2026-09-28T22:46:30.378747,15.4,24.6,24.3,HEALTHY,VALID,Routine periodic telemetry reading.
BIN-002,2026-09-29T04:46:30.378747,18.3,29.3,20.3,HEALTHY,VALID,Routine periodic telemetry reading.
BIN-002,2026-09-29T10:46:30.378747,21.6,34.5,21.5,HEALTHY,VALID,Routine periodic telemetry reading.
BIN-002,2026-09-29T16:46:30.378747,24.2,38.7,20.6,HEALTHY,VALID,Routine periodic telemetry reading.
BIN-002,2026-09-29T22:46:30.378747,26.5,42.5,22.3,HEALTHY,VALID,Routine periodic telemetry reading.
BIN-002,2026-09-30T04:46:30.378747,28.7,45.9,28.4,HEALTHY,VALID,Routine periodic telemetry reading.
BIN-002,2026-09-30T10:46:30.378747,31.0,49.6,28.3,HEALTHY,VALID,Routine periodic telemetry reading.
BIN-002,2026-09-30T16:46:30.378747,34.9,55.9,22.8,HEALTHY,VALID,Routine periodic telemetry reading.
BIN-002,2026-09-30T22:46:30.378747,36.2,57.9,20.2,HEALTHY,VALID,Routine periodic telemetry reading.
BIN-002,2026-10-01T04:46:30.378747,39.1,62.5,31.0,HEALTHY,VALID,Routine periodic telemetry reading.
BIN-002,2026-10-01T10:46:30.378747,41.3,66.1,27.2,HEALTHY,VALID,Routine periodic telemetry reading.
BIN-002,2026-10-01T16:46:30.378747,45.0,72.1,27.2,HEALTHY,VALID,Routine periodic telemetry reading.
BIN-002,2026-10-01T22:46:30.378747,48.7,77.9,30.4,HEALTHY,VALID,Routine periodic telemetry reading.
BIN-002,2026-10-02T04:46:30.378747,50.4,80.6,20.2,HEALTHY,VALID,Routine periodic telemetry reading.
BIN-003,2026-09-12T10:46:30.378747,21.5,43.1,21.4,HEALTHY,VALID,Routine periodic telemetry reading.
BIN-003,2026-09-12T16:46:30.378747,24.9,49.8,26.2,HEALTHY,VALID,Routine periodic telemetry reading.
BIN-003,2026-09-12T22:46:30.378747,26.6,53.3,27.7,HEALTHY,VALID,Routine periodic telemetry reading.
BIN-003,2026-09-13T04:46:30.378747,30.3,60.6,21.8,HEALTHY,VALID,Routine periodic telemetry reading.
BIN-003,2026-09-13T10:46:30.378747,33.4,66.9,28.2,HEALTHY,VALID,Routine periodic telemetry reading.
BIN-003,2026-09-13T16:46:30.378747,34.8,69.7,29.0,HEALTHY,VALID,Routine periodic telemetry reading.
BIN-003,2026-09-13T22:46:30.378747,39.2,78.5,21.2,HEALTHY,VALID,Routine periodic telemetry reading.
BIN-003,2026-09-14T04:46:30.378747,40.3,80.6,23.4,HEALTHY,VALID,Routine periodic telemetry reading.
BIN-003,2026-09-14T10:46:30.378747,43.7,87.4,30.5,HEALTHY,VALID,Routine periodic telemetry reading.
BIN-003,2026-09-14T16:46:30.378747,46.1,92.2,27.9,HEALTHY,VALID,Routine periodic telemetry reading.
BIN-003,2026-09-14T22:46:30.378747,47.3,94.7,27.6,HEALTHY,VALID,Routine periodic telemetry reading.
BIN-003,2026-09-15T04:46:30.378747,50.5,101.1,21.1,HEALTHY,VALID,Routine periodic telemetry reading.
BIN-003,2026-09-15T10:46:30.378747,54.2,108.5,29.4,HEALTHY,VALID,Routine periodic telemetry reading.
BIN-003,2026-09-15T16:46:30.378747,57.3,114.7,21.3,HEALTHY,VALID,Routine periodic telemetry reading.
BIN-003,2026-09-15T22:46:30.378747,61.8,123.6,28.6,HEALTHY,VALID,Routine periodic telemetry reading.
BIN-003,2026-09-16T04:46:30.378747,64.0,128.0,24.7,HEALTHY,VALID,Routine periodic telemetry reading.
BIN-003,2026-09-16T10:46:30.378747,66.3,132.6,25.6,HEALTHY,VALID,Routine periodic telemetry reading.
BIN-003,2026-09-16T16:46:30.378747,68.5,137.0,29.3,HEALTHY,VALID,Routine periodic telemetry reading.
BIN-003,2026-09-16T22:46:30.378747,72.4,144.7,21.2,HEALTHY,VALID,Routine periodic telemetry reading.
BIN-003,2026-09-17T04:46:30.378747,76.7,153.5,27.0,HEALTHY,VALID,Routine periodic telemetry reading.
BIN-003,2026-09-17T10:46:30.378747,80.6,161.3,27.8,HEALTHY,VALID,Routine periodic telemetry reading.
BIN-003,2026-09-17T16:46:30.378747,83.2,166.3,28.1,HEALTHY,VALID,Routine periodic telemetry reading.
BIN-003,2026-09-17T22:46:30.378747,87.5,175.1,23.0,HEALTHY,VALID,Routine periodic telemetry reading.
BIN-003,2026-09-18T04:46:30.378747,5.0,182.7,25.3,HEALTHY,VALID,Routine periodic telemetry reading.
BIN-003,2026-09-18T10:46:30.378747,7.5,15.0,28.0,HEALTHY,VALID,Routine periodic telemetry reading.
BIN-003,2026-09-18T16:46:30.378747,9.5,18.9,29.4,HEALTHY,VALID,Routine periodic telemetry reading.
BIN-003,2026-09-18T22:46:30.378747,13.4,26.7,21.0,HEALTHY,VALID,Routine periodic telemetry reading.
BIN-003,2026-09-19T04:46:30.378747,17.5,34.9,22.7,HEALTHY,VALID,Routine periodic telemetry reading.
BIN-003,2026-09-19T10:46:30.378747,20.1,40.2,26.7,HEALTHY,VALID,Routine periodic telemetry reading.
BIN-003,2026-09-19T16:46:30.378747,22.4,44.8,20.3,HEALTHY,VALID,Routine periodic telemetry reading.
BIN-003,2026-09-19T22:46:30.378747,26.4,52.8,22.0,HEALTHY,VALID,Routine periodic telemetry reading.
BIN-003,2026-09-20T04:46:30.378747,28.1,56.3,28.8,HEALTHY,VALID,Routine periodic telemetry reading.
BIN-003,2026-09-20T10:46:30.378747,30.3,60.6,29.7,HEALTHY,VALID,Routine periodic telemetry reading.
BIN-003,2026-09-20T16:46:30.378747,33.8,67.6,23.0,HEALTHY,VALID,Routine periodic telemetry reading.
BIN-003,2026-09-20T22:46:30.378747,34.8,69.6,30.4,HEALTHY,VALID,Routine periodic telemetry reading.
BIN-003,2026-09-21T04:46:30.378747,36.1,72.2,27.9,HEALTHY,VALID,Routine periodic telemetry reading.
BIN-003,2026-09-21T10:46:30.378747,38.8,77.6,28.3,HEALTHY,VALID,Routine periodic telemetry reading.
BIN-003,2026-09-21T16:46:30.378747,42.2,84.5,27.1,HEALTHY,VALID,Routine periodic telemetry reading.
BIN-003,2026-09-21T22:46:30.378747,45.0,89.9,28.7,HEALTHY,VALID,Routine periodic telemetry reading.
BIN-003,2026-09-22T04:46:30.378747,46.3,92.6,22.4,HEALTHY,VALID,Routine periodic telemetry reading.
BIN-003,2026-09-22T10:46:30.378747,49.7,99.4,23.4,HEALTHY,VALID,Routine periodic telemetry reading.
BIN-003,2026-09-22T16:46:30.378747,52.7,105.5,25.2,HEALTHY,VALID,Routine periodic telemetry reading.
BIN-003,2026-09-22T22:46:30.378747,55.6,111.2,24.7,HEALTHY,VALID,Routine periodic telemetry reading.
BIN-003,2026-09-23T04:46:30.378747,59.2,118.4,23.6,HEALTHY,VALID,Routine periodic telemetry reading.
BIN-003,2026-09-23T10:46:30.378747,62.7,125.3,23.0,HEALTHY,VALID,Routine periodic telemetry reading.
BIN-003,2026-09-23T16:46:30.378747,64.5,129.1,21.3,HEALTHY,VALID,Routine periodic telemetry reading.
BIN-003,2026-09-23T22:46:30.378747,66.2,132.4,21.3,HEALTHY,VALID,Routine periodic telemetry reading.
BIN-003,2026-09-24T04:46:30.378747,69.1,138.2,28.4,HEALTHY,VALID,Routine periodic telemetry reading.
BIN-003,2026-09-24T10:46:30.378747,70.7,141.5,22.4,HEALTHY,VALID,Routine periodic telemetry reading.
BIN-003,2026-09-24T16:46:30.378747,73.4,146.9,28.0,HEALTHY,VALID,Routine periodic telemetry reading.
BIN-003,2026-09-24T22:46:30.378747,77.9,155.7,25.8,HEALTHY,VALID,Routine periodic telemetry reading.
BIN-003,2026-09-25T04:46:30.378747,79.8,159.7,21.1,HEALTHY,VALID,Routine periodic telemetry reading.
BIN-003,2026-09-25T10:46:30.378747,81.5,163.1,22.5,HEALTHY,VALID,Routine periodic telemetry reading.
BIN-003,2026-09-25T16:46:30.378747,83.2,166.3,20.2,HEALTHY,VALID,Routine periodic telemetry reading.
BIN-003,2026-09-25T22:46:30.378747,86.0,172.1,23.0,HEALTHY,VALID,Routine periodic telemetry reading.
BIN-003,2026-09-26T04:46:30.378747,5.0,180.9,27.7,HEALTHY,VALID,Routine periodic telemetry reading.
BIN-003,2026-09-26T10:46:30.378747,6.4,12.9,29.6,HEALTHY,VALID,Routine periodic telemetry reading.
BIN-003,2026-09-26T16:46:30.378747,9.2,18.3,29.6,HEALTHY,VALID,Routine periodic telemetry reading.
BIN-003,2026-09-26T22:46:30.378747,12.2,24.3,25.2,HEALTHY,VALID,Routine periodic telemetry reading.
BIN-003,2026-09-27T04:46:30.378747,14.7,29.4,22.0,HEALTHY,VALID,Routine periodic telemetry reading.
BIN-003,2026-09-27T10:46:30.378747,15.9,31.8,30.4,HEALTHY,VALID,Routine periodic telemetry reading.
BIN-003,2026-09-27T16:46:30.378747,18.6,37.1,29.0,HEALTHY,VALID,Routine periodic telemetry reading.
BIN-003,2026-09-27T22:46:30.378747,21.0,41.9,20.8,HEALTHY,VALID,Routine periodic telemetry reading.
BIN-003,2026-09-28T04:46:30.378747,24.2,48.3,20.6,HEALTHY,VALID,Routine periodic telemetry reading.
BIN-003,2026-09-28T10:46:30.378747,25.7,51.4,26.2,HEALTHY,VALID,Routine periodic telemetry reading.
BIN-003,2026-09-28T16:46:30.378747,27.8,55.5,30.9,HEALTHY,VALID,Routine periodic telemetry reading.
BIN-003,2026-09-28T22:46:30.378747,29.2,58.3,28.4,HEALTHY,VALID,Routine periodic telemetry reading.
BIN-003,2026-09-29T04:46:30.378747,32.3,64.6,28.7,HEALTHY,VALID,Routine periodic telemetry reading.
BIN-003,2026-09-29T10:46:30.378747,34.1,68.2,25.7,HEALTHY,VALID,Routine periodic telemetry reading.
BIN-003,2026-09-29T16:46:30.378747,36.7,73.3,24.9,HEALTHY,VALID,Routine periodic telemetry reading.
BIN-003,2026-09-29T22:46:30.378747,40.7,81.3,30.9,HEALTHY,VALID,Routine periodic telemetry reading.
BIN-003,2026-09-30T04:46:30.378747,42.7,85.5,26.8,HEALTHY,VALID,Routine periodic telemetry reading.
BIN-003,2026-09-30T10:46:30.378747,45.9,91.7,28.1,HEALTHY,VALID,Routine periodic telemetry reading.
BIN-003,2026-09-30T16:46:30.378747,50.2,100.4,22.3,HEALTHY,VALID,Routine periodic telemetry reading.
BIN-003,2026-09-30T22:46:30.378747,51.9,103.9,27.3,HEALTHY,VALID,Routine periodic telemetry reading.
BIN-003,2026-10-01T04:46:30.378747,53.5,107.0,21.9,HEALTHY,VALID,Routine periodic telemetry reading.
BIN-003,2026-10-01T10:46:30.378747,54.7,109.5,20.0,HEALTHY,VALID,Routine periodic telemetry reading.
BIN-003,2026-10-01T16:46:30.378747,57.3,114.6,26.5,HEALTHY,VALID,Routine periodic telemetry reading.
BIN-003,2026-10-01T22:46:30.378747,59.3,118.7,22.5,HEALTHY,VALID,Routine periodic telemetry reading.
BIN-003,2026-10-02T04:46:30.378747,62.8,125.6,27.7,HEALTHY,VALID,Routine periodic telemetry reading.
BIN-004,2026-09-12T10:46:30.378747,22.6,31.6,27.6,HEALTHY,VALID,Routine periodic telemetry reading.
BIN-004,2026-09-12T16:46:30.378747,26.8,37.6,28.7,HEALTHY,VALID,Routine periodic telemetry reading.
BIN-004,2026-09-12T22:46:30.378747,30.0,42.0,27.3,HEALTHY,VALID,Routine periodic telemetry reading.
BIN-004,2026-09-13T04:46:30.378747,34.3,48.0,24.7,HEALTHY,VALID,Routine periodic telemetry reading.
BIN-004,2026-09-13T10:46:30.378747,37.2,52.1,27.1,HEALTHY,VALID,Routine periodic telemetry reading.
BIN-004,2026-09-13T16:46:30.378747,41.4,57.9,29.1,HEALTHY,VALID,Routine periodic telemetry reading.
BIN-004,2026-09-13T22:46:30.378747,42.6,59.7,21.8,HEALTHY,VALID,Routine periodic telemetry reading.
BIN-004,2026-09-14T04:46:30.378747,44.7,62.6,28.2,HEALTHY,VALID,Routine periodic telemetry reading.
BIN-004,2026-09-14T10:46:30.378747,47.7,66.8,23.2,HEALTHY,VALID,Routine periodic telemetry reading.
BIN-004,2026-09-14T16:46:30.378747,49.1,68.8,27.6,HEALTHY,VALID,Routine periodic telemetry reading.
BIN-004,2026-09-14T22:46:30.378747,52.6,73.6,30.4,HEALTHY,VALID,Routine periodic telemetry reading.
BIN-004,2026-09-15T04:46:30.378747,55.3,77.4,25.4,HEALTHY,VALID,Routine periodic telemetry reading.
BIN-004,2026-09-15T10:46:30.378747,56.6,79.2,20.4,HEALTHY,VALID,Routine periodic telemetry reading.
BIN-004,2026-09-15T16:46:30.378747,59.1,82.8,23.5,HEALTHY,VALID,Routine periodic telemetry reading.
BIN-004,2026-09-15T22:46:30.378747,61.0,85.4,21.0,HEALTHY,VALID,Routine periodic telemetry reading.
BIN-004,2026-09-16T04:46:30.378747,65.4,91.5,29.2,HEALTHY,VALID,Routine periodic telemetry reading.
BIN-004,2026-09-16T10:46:30.378747,68.4,95.7,30.5,HEALTHY,VALID,Routine periodic telemetry reading.
BIN-004,2026-09-16T16:46:30.378747,72.9,102.0,27.4,HEALTHY,VALID,Routine periodic telemetry reading.
BIN-004,2026-09-16T22:46:30.378747,74.8,104.7,20.4,HEALTHY,VALID,Routine periodic telemetry reading.
BIN-004,2026-09-17T04:46:30.378747,78.5,109.8,25.2,HEALTHY,VALID,Routine periodic telemetry reading.
BIN-004,2026-09-17T10:46:30.378747,81.7,114.4,30.1,HEALTHY,VALID,Routine periodic telemetry reading.
BIN-004,2026-09-17T16:46:30.378747,83.4,116.7,26.4,HEALTHY,VALID,Routine periodic telemetry reading.
BIN-004,2026-09-17T22:46:30.378747,86.6,121.2,25.4,HEALTHY,VALID,Routine periodic telemetry reading.
BIN-004,2026-09-18T04:46:30.378747,87.9,123.1,23.8,HEALTHY,VALID,Routine periodic telemetry reading.
BIN-004,2026-09-18T10:46:30.378747,5.0,126.1,29.4,HEALTHY,VALID,Routine periodic telemetry reading.
BIN-004,2026-09-18T16:46:30.378747,7.2,10.0,27.6,HEALTHY,VALID,Routine periodic telemetry reading.
BIN-004,2026-09-18T22:46:30.378747,9.2,12.8,30.4,HEALTHY,VALID,Routine periodic telemetry reading.
BIN-004,2026-09-19T04:46:30.378747,13.0,18.2,26.1,HEALTHY,VALID,Routine periodic telemetry reading.
BIN-004,2026-09-19T10:46:30.378747,15.6,21.8,23.5,HEALTHY,VALID,Routine periodic telemetry reading.
BIN-004,2026-09-19T16:46:30.378747,17.7,24.8,30.7,HEALTHY,VALID,Routine periodic telemetry reading.
BIN-004,2026-09-19T22:46:30.378747,20.1,28.2,25.7,HEALTHY,VALID,Routine periodic telemetry reading.
BIN-004,2026-09-20T04:46:30.378747,24.6,34.4,27.2,HEALTHY,VALID,Routine periodic telemetry reading.
BIN-004,2026-09-20T10:46:30.378747,27.5,38.5,24.5,HEALTHY,VALID,Routine periodic telemetry reading.
BIN-004,2026-09-20T16:46:30.378747,29.2,40.8,24.0,HEALTHY,VALID,Routine periodic telemetry reading.
BIN-004,2026-09-20T22:46:30.378747,32.8,45.9,26.9,HEALTHY,VALID,Routine periodic telemetry reading.
BIN-004,2026-09-21T04:46:30.378747,36.5,51.1,22.2,HEALTHY,VALID,Routine periodic telemetry reading.
BIN-004,2026-09-21T10:46:30.378747,39.4,55.1,30.2,HEALTHY,VALID,Routine periodic telemetry reading.
BIN-004,2026-09-21T16:46:30.378747,41.9,58.7,27.7,HEALTHY,VALID,Routine periodic telemetry reading.
BIN-004,2026-09-21T22:46:30.378747,43.4,60.7,30.7,HEALTHY,VALID,Routine periodic telemetry reading.
BIN-004,2026-09-22T04:46:30.378747,46.5,65.1,22.6,HEALTHY,VALID,Routine periodic telemetry reading.
BIN-004,2026-09-22T10:46:30.378747,48.0,67.3,26.1,HEALTHY,VALID,Routine periodic telemetry reading.
BIN-004,2026-09-22T16:46:30.378747,51.0,71.4,21.0,HEALTHY,VALID,Routine periodic telemetry reading.
BIN-004,2026-09-22T22:46:30.378747,55.4,77.6,30.0,HEALTHY,VALID,Routine periodic telemetry reading.
BIN-004,2026-09-23T04:46:30.378747,58.1,81.3,21.3,HEALTHY,VALID,Routine periodic telemetry reading.
BIN-004,2026-09-23T10:46:30.378747,62.0,86.8,25.5,HEALTHY,VALID,Routine periodic telemetry reading.
BIN-004,2026-09-23T16:46:30.378747,65.5,91.7,25.6,HEALTHY,VALID,Routine periodic telemetry reading.
BIN-004,2026-09-23T22:46:30.378747,67.4,94.4,29.2,HEALTHY,VALID,Routine periodic telemetry reading.
BIN-004,2026-09-24T04:46:30.378747,71.9,100.6,22.7,HEALTHY,VALID,Routine periodic telemetry reading.
BIN-004,2026-09-24T10:46:30.378747,74.8,104.7,24.2,HEALTHY,VALID,Routine periodic telemetry reading.
BIN-004,2026-09-24T16:46:30.378747,79.0,110.6,25.6,HEALTHY,VALID,Routine periodic telemetry reading.
BIN-004,2026-09-24T22:46:30.378747,83.1,116.3,29.5,HEALTHY,VALID,Routine periodic telemetry reading.
BIN-004,2026-09-25T04:46:30.378747,85.1,119.1,28.7,HEALTHY,VALID,Routine periodic telemetry reading.
BIN-004,2026-09-25T10:46:30.378747,87.5,122.5,30.3,HEALTHY,VALID,Routine periodic telemetry reading.
BIN-004,2026-09-25T16:46:30.378747,5.0,126.4,23.1,HEALTHY,VALID,Routine periodic telemetry reading.
BIN-004,2026-09-25T22:46:30.378747,7.0,9.9,26.5,HEALTHY,VALID,Routine periodic telemetry reading.
BIN-004,2026-09-26T04:46:30.378747,11.5,16.2,25.4,HEALTHY,VALID,Routine periodic telemetry reading.
BIN-004,2026-09-26T10:46:30.378747,13.1,18.3,25.9,HEALTHY,VALID,Routine periodic telemetry reading.
BIN-004,2026-09-26T16:46:30.378747,15.3,21.4,26.1,HEALTHY,VALID,Routine periodic telemetry reading.
BIN-004,2026-09-26T22:46:30.378747,18.2,25.4,25.0,HEALTHY,VALID,Routine periodic telemetry reading.
BIN-004,2026-09-27T04:46:30.378747,20.3,28.4,22.1,HEALTHY,VALID,Routine periodic telemetry reading.
BIN-004,2026-09-27T10:46:30.378747,23.7,33.2,26.3,HEALTHY,VALID,Routine periodic telemetry reading.
BIN-004,2026-09-27T16:46:30.378747,25.6,35.8,28.5,HEALTHY,VALID,Routine periodic telemetry reading.
BIN-004,2026-09-27T22:46:30.378747,26.7,37.4,28.2,HEALTHY,VALID,Routine periodic telemetry reading.
BIN-004,2026-09-28T04:46:30.378747,30.2,42.2,28.9,HEALTHY,VALID,Routine periodic telemetry reading.
BIN-004,2026-09-28T10:46:30.378747,32.5,45.5,27.3,HEALTHY,VALID,Routine periodic telemetry reading.
BIN-004,2026-09-28T16:46:30.378747,36.4,51.0,30.8,HEALTHY,VALID,Routine periodic telemetry reading.
BIN-004,2026-09-28T22:46:30.378747,39.1,54.8,20.4,HEALTHY,VALID,Routine periodic telemetry reading.
BIN-004,2026-09-29T04:46:30.378747,41.9,58.6,26.5,HEALTHY,VALID,Routine periodic telemetry reading.
BIN-004,2026-09-29T10:46:30.378747,45.9,64.3,29.6,HEALTHY,VALID,Routine periodic telemetry reading.
BIN-004,2026-09-29T16:46:30.378747,48.5,67.9,25.8,HEALTHY,VALID,Routine periodic telemetry reading.
BIN-004,2026-09-29T22:46:30.378747,51.1,71.5,27.9,HEALTHY,VALID,Routine periodic telemetry reading.
BIN-004,2026-09-30T04:46:30.378747,53.5,74.9,27.2,HEALTHY,VALID,Routine periodic telemetry reading.
BIN-004,2026-09-30T10:46:30.378747,55.1,77.1,25.2,HEALTHY,VALID,Routine periodic telemetry reading.
BIN-004,2026-09-30T16:46:30.378747,59.4,83.2,23.7,HEALTHY,VALID,Routine periodic telemetry reading.
BIN-004,2026-09-30T22:46:30.378747,62.9,88.0,27.1,HEALTHY,VALID,Routine periodic telemetry reading.
BIN-004,2026-10-01T04:46:30.378747,66.9,93.6,29.4,HEALTHY,VALID,Routine periodic telemetry reading.
BIN-004,2026-10-01T10:46:30.378747,70.9,99.2,24.2,HEALTHY,VALID,Routine periodic telemetry reading.
BIN-004,2026-10-01T16:46:30.378747,73.0,102.2,27.9,HEALTHY,VALID,Routine periodic telemetry reading.
BIN-004,2026-10-01T22:46:30.378747,76.6,107.3,29.6,HEALTHY,VALID,Routine periodic telemetry reading.
BIN-004,2026-10-02T04:46:30.378747,77.7,108.8,20.8,HEALTHY,VALID,Routine periodic telemetry reading.
BIN-005,2026-09-12T10:46:30.378747,23.2,37.1,30.1,HEALTHY,VALID,Routine periodic telemetry reading.
BIN-005,2026-09-12T16:46:30.378747,27.7,44.3,28.2,HEALTHY,VALID,Routine periodic telemetry reading.
BIN-005,2026-09-12T22:46:30.378747,30.2,48.4,21.1,HEALTHY,VALID,Routine periodic telemetry reading.
BIN-005,2026-09-13T04:46:30.378747,33.4,53.5,29.6,HEALTHY,VALID,Routine periodic telemetry reading.
BIN-005,2026-09-13T10:46:30.378747,36.0,57.6,27.6,HEALTHY,VALID,Routine periodic telemetry reading.
BIN-005,2026-09-13T16:46:30.378747,40.2,64.2,20.5,HEALTHY,VALID,Routine periodic telemetry reading.
BIN-005,2026-09-13T22:46:30.378747,43.9,70.3,23.2,HEALTHY,VALID,Routine periodic telemetry reading.
BIN-005,2026-09-14T04:46:30.378747,46.3,74.0,21.6,HEALTHY,VALID,Routine periodic telemetry reading.
BIN-005,2026-09-14T10:46:30.378747,49.1,78.6,26.2,HEALTHY,VALID,Routine periodic telemetry reading.
BIN-005,2026-09-14T16:46:30.378747,52.9,84.6,21.9,HEALTHY,VALID,Routine periodic telemetry reading.
BIN-005,2026-09-14T22:46:30.378747,54.2,86.7,29.6,HEALTHY,VALID,Routine periodic telemetry reading.
BIN-005,2026-09-15T04:46:30.378747,57.3,91.7,22.6,HEALTHY,VALID,Routine periodic telemetry reading.
BIN-005,2026-09-15T10:46:30.378747,61.5,98.4,21.6,HEALTHY,VALID,Routine periodic telemetry reading.
BIN-005,2026-09-15T16:46:30.378747,64.1,102.6,22.8,HEALTHY,VALID,Routine periodic telemetry reading.
BIN-005,2026-09-15T22:46:30.378747,66.0,105.6,20.1,HEALTHY,VALID,Routine periodic telemetry reading.
BIN-005,2026-09-16T04:46:30.378747,69.8,111.8,29.9,HEALTHY,VALID,Routine periodic telemetry reading.
BIN-005,2026-09-16T10:46:30.378747,73.2,117.2,21.7,HEALTHY,VALID,Routine periodic telemetry reading.
BIN-005,2026-09-16T16:46:30.378747,75.8,121.2,23.8,HEALTHY,VALID,Routine periodic telemetry reading.
BIN-005,2026-09-16T22:46:30.378747,78.8,126.1,27.0,HEALTHY,VALID,Routine periodic telemetry reading.
BIN-005,2026-09-17T04:46:30.378747,81.3,130.1,22.8,HEALTHY,VALID,Routine periodic telemetry reading.
BIN-005,2026-09-17T10:46:30.378747,85.3,136.4,22.2,HEALTHY,VALID,Routine periodic telemetry reading.
BIN-005,2026-09-17T16:46:30.378747,87.6,140.2,25.3,HEALTHY,VALID,Routine periodic telemetry reading.
BIN-005,2026-09-17T22:46:30.378747,5.0,143.1,26.3,HEALTHY,VALID,Routine periodic telemetry reading.
BIN-005,2026-09-18T04:46:30.378747,9.5,15.2,23.2,HEALTHY,VALID,Routine periodic telemetry reading.
BIN-005,2026-09-18T10:46:30.378747,13.9,22.2,27.2,HEALTHY,VALID,Routine periodic telemetry reading.
BIN-005,2026-09-18T16:46:30.378747,15.9,25.4,26.2,HEALTHY,VALID,Routine periodic telemetry reading.
BIN-005,2026-09-18T22:46:30.378747,19.3,30.8,28.2,HEALTHY,VALID,Routine periodic telemetry reading.
BIN-005,2026-09-19T04:46:30.378747,20.4,32.7,26.7,HEALTHY,VALID,Routine periodic telemetry reading.
BIN-005,2026-09-19T10:46:30.378747,23.2,37.1,29.9,HEALTHY,VALID,Routine periodic telemetry reading.
BIN-005,2026-09-19T16:46:30.378747,25.2,40.3,28.8,HEALTHY,VALID,Routine periodic telemetry reading.
BIN-005,2026-09-19T22:46:30.378747,28.3,45.3,23.9,HEALTHY,VALID,Routine periodic telemetry reading.
BIN-005,2026-09-20T04:46:30.378747,31.5,50.4,26.8,HEALTHY,VALID,Routine periodic telemetry reading.
BIN-005,2026-09-20T10:46:30.378747,34.9,55.8,27.9,HEALTHY,VALID,Routine periodic telemetry reading.
BIN-005,2026-09-20T16:46:30.378747,38.2,61.1,29.2,HEALTHY,VALID,Routine periodic telemetry reading.
BIN-005,2026-09-20T22:46:30.378747,41.4,66.2,29.9,HEALTHY,VALID,Routine periodic telemetry reading.
BIN-005,2026-09-21T04:46:30.378747,44.7,71.5,23.4,HEALTHY,VALID,Routine periodic telemetry reading.
BIN-005,2026-09-21T10:46:30.378747,47.2,75.5,26.4,HEALTHY,VALID,Routine periodic telemetry reading.
BIN-005,2026-09-21T16:46:30.378747,50.8,81.2,21.0,HEALTHY,VALID,Routine periodic telemetry reading.
BIN-005,2026-09-21T22:46:30.378747,52.8,84.5,28.2,HEALTHY,VALID,Routine periodic telemetry reading.
BIN-005,2026-09-22T04:46:30.378747,54.4,87.1,21.5,HEALTHY,VALID,Routine periodic telemetry reading.
BIN-005,2026-09-22T10:46:30.378747,57.3,91.7,30.7,HEALTHY,VALID,Routine periodic telemetry reading.
BIN-005,2026-09-22T16:46:30.378747,60.2,96.3,30.0,HEALTHY,VALID,Routine periodic telemetry reading.
BIN-005,2026-09-22T22:46:30.378747,64.1,102.5,22.8,HEALTHY,VALID,Routine periodic telemetry reading.
BIN-005,2026-09-23T04:46:30.378747,68.0,108.7,25.3,HEALTHY,VALID,Routine periodic telemetry reading.
BIN-005,2026-09-23T10:46:30.378747,71.8,114.8,28.2,HEALTHY,VALID,Routine periodic telemetry reading.
BIN-005,2026-09-23T16:46:30.378747,74.0,118.3,21.3,HEALTHY,VALID,Routine periodic telemetry reading.
BIN-005,2026-09-23T22:46:30.378747,78.3,125.3,21.5,HEALTHY,VALID,Routine periodic telemetry reading.
BIN-005,2026-09-24T04:46:30.378747,82.7,132.3,29.5,HEALTHY,VALID,Routine periodic telemetry reading.
BIN-005,2026-09-24T10:46:30.378747,86.3,138.0,30.8,HEALTHY,VALID,Routine periodic telemetry reading.
BIN-005,2026-09-24T16:46:30.378747,5.0,145.0,24.0,HEALTHY,VALID,Routine periodic telemetry reading.
BIN-005,2026-09-24T22:46:30.378747,8.8,14.0,20.2,HEALTHY,VALID,Routine periodic telemetry reading.
BIN-005,2026-09-25T04:46:30.378747,11.6,18.6,25.0,HEALTHY,VALID,Routine periodic telemetry reading.
BIN-005,2026-09-25T10:46:30.378747,15.0,24.0,27.4,HEALTHY,VALID,Routine periodic telemetry reading.
BIN-005,2026-09-25T16:46:30.378747,18.0,28.9,29.0,HEALTHY,VALID,Routine periodic telemetry reading.
BIN-005,2026-09-25T22:46:30.378747,22.3,35.7,21.2,HEALTHY,VALID,Routine periodic telemetry reading.
BIN-005,2026-09-26T04:46:30.378747,24.2,38.6,20.3,HEALTHY,VALID,Routine periodic telemetry reading.
BIN-005,2026-09-26T10:46:30.378747,28.3,45.2,26.2,HEALTHY,VALID,Routine periodic telemetry reading.
BIN-005,2026-09-26T16:46:30.378747,32.5,51.9,22.4,HEALTHY,VALID,Routine periodic telemetry reading.
BIN-005,2026-09-26T22:46:30.378747,33.7,53.9,29.1,HEALTHY,VALID,Routine periodic telemetry reading.
BIN-005,2026-09-27T04:46:30.378747,37.9,60.6,23.3,HEALTHY,VALID,Routine periodic telemetry reading.
BIN-005,2026-09-27T10:46:30.378747,40.3,64.5,21.5,HEALTHY,VALID,Routine periodic telemetry reading.
BIN-005,2026-09-27T16:46:30.378747,44.6,71.4,23.3,HEALTHY,VALID,Routine periodic telemetry reading.
BIN-005,2026-09-27T22:46:30.378747,47.3,75.7,21.1,HEALTHY,VALID,Routine periodic telemetry reading.
BIN-005,2026-09-28T04:46:30.378747,51.4,82.3,21.5,HEALTHY,VALID,Routine periodic telemetry reading.
BIN-005,2026-09-28T10:46:30.378747,54.0,86.4,27.4,HEALTHY,VALID,Routine periodic telemetry reading.
BIN-005,2026-09-28T16:46:30.378747,57.6,92.2,30.4,HEALTHY,VALID,Routine periodic telemetry reading.
BIN-005,2026-09-28T22:46:30.378747,60.1,96.1,28.2,HEALTHY,VALID,Routine periodic telemetry reading.
BIN-005,2026-09-29T04:46:30.378747,61.6,98.6,24.6,HEALTHY,VALID,Routine periodic telemetry reading.
BIN-005,2026-09-29T10:46:30.378747,63.0,100.8,25.4,HEALTHY,VALID,Routine periodic telemetry reading.
BIN-005,2026-09-29T16:46:30.378747,65.4,104.6,30.5,HEALTHY,VALID,Routine periodic telemetry reading.
BIN-005,2026-09-29T22:46:30.378747,66.5,106.4,24.1,HEALTHY,VALID,Routine periodic telemetry reading.
BIN-005,2026-09-30T04:46:30.378747,69.1,110.5,30.5,HEALTHY,VALID,Routine periodic telemetry reading.
BIN-005,2026-09-30T10:46:30.378747,73.1,116.9,21.1,HEALTHY,VALID,Routine periodic telemetry reading.
BIN-005,2026-09-30T16:46:30.378747,76.5,122.3,26.0,HEALTHY,VALID,Routine periodic telemetry reading.
BIN-005,2026-09-30T22:46:30.378747,80.9,129.4,23.9,HEALTHY,VALID,Routine periodic telemetry reading.
BIN-005,2026-10-01T04:46:30.378747,83.3,133.2,22.1,HEALTHY,VALID,Routine periodic telemetry reading.
BIN-005,2026-10-01T10:46:30.378747,84.7,135.5,29.3,HEALTHY,VALID,Routine periodic telemetry reading.
BIN-005,2026-10-01T16:46:30.378747,87.3,139.7,27.3,HEALTHY,VALID,Routine periodic telemetry reading.
BIN-005,2026-10-01T22:46:30.378747,5.0,144.9,20.2,HEALTHY,VALID,Routine periodic telemetry reading.
BIN-005,2026-10-02T04:46:30.378747,8.8,14.0,22.7,HEALTHY,VALID,Routine periodic telemetry reading.
BIN-006,2026-09-12T10:46:30.378747,21.4,42.9,26.2,HEALTHY,VALID,Routine periodic telemetry reading.
BIN-006,2026-09-12T16:46:30.378747,22.7,45.4,28.4,HEALTHY,VALID,Routine periodic telemetry reading.
BIN-006,2026-09-12T22:46:30.378747,24.4,48.8,22.4,HEALTHY,VALID,Routine periodic telemetry reading.
BIN-006,2026-09-13T04:46:30.378747,28.4,56.9,23.6,HEALTHY,VALID,Routine periodic telemetry reading.
BIN-006,2026-09-13T10:46:30.378747,30.0,59.9,29.9,HEALTHY,VALID,Routine periodic telemetry reading.
BIN-006,2026-09-13T16:46:30.378747,31.0,62.0,29.4,HEALTHY,VALID,Routine periodic telemetry reading.
BIN-006,2026-09-13T22:46:30.378747,32.5,65.0,21.4,HEALTHY,VALID,Routine periodic telemetry reading.
BIN-006,2026-09-14T04:46:30.378747,34.4,68.7,21.9,HEALTHY,VALID,Routine periodic telemetry reading.
BIN-006,2026-09-14T10:46:30.378747,37.7,75.3,20.3,HEALTHY,VALID,Routine periodic telemetry reading.
BIN-006,2026-09-14T16:46:30.378747,38.7,77.5,28.7,HEALTHY,VALID,Routine periodic telemetry reading.
BIN-006,2026-09-14T22:46:30.378747,40.6,81.1,23.6,HEALTHY,VALID,Routine periodic telemetry reading.
BIN-006,2026-09-15T04:46:30.378747,42.2,84.3,20.6,HEALTHY,VALID,Routine periodic telemetry reading.
BIN-006,2026-09-15T10:46:30.378747,45.8,91.5,25.8,HEALTHY,VALID,Routine periodic telemetry reading.
BIN-006,2026-09-15T16:46:30.378747,49.4,98.7,25.2,HEALTHY,VALID,Routine periodic telemetry reading.
BIN-006,2026-09-15T22:46:30.378747,53.1,106.2,25.6,HEALTHY,VALID,Routine periodic telemetry reading.
BIN-006,2026-09-16T04:46:30.378747,54.5,109.0,25.5,HEALTHY,VALID,Routine periodic telemetry reading.
BIN-006,2026-09-16T10:46:30.378747,58.8,117.6,20.5,HEALTHY,VALID,Routine periodic telemetry reading.
BIN-006,2026-09-16T16:46:30.378747,62.5,125.1,29.5,HEALTHY,VALID,Routine periodic telemetry reading.
BIN-006,2026-09-16T22:46:30.378747,65.4,130.7,25.0,HEALTHY,VALID,Routine periodic telemetry reading.
BIN-006,2026-09-17T04:46:30.378747,69.7,139.5,20.7,HEALTHY,VALID,Routine periodic telemetry reading.
BIN-006,2026-09-17T10:46:30.378747,72.4,144.8,24.4,HEALTHY,VALID,Routine periodic telemetry reading.
BIN-006,2026-09-17T16:46:30.378747,75.8,151.6,25.4,HEALTHY,VALID,Routine periodic telemetry reading.
BIN-006,2026-09-17T22:46:30.378747,80.0,160.0,20.8,HEALTHY,VALID,Routine periodic telemetry reading.
BIN-006,2026-09-18T04:46:30.378747,81.3,162.5,26.7,HEALTHY,VALID,Routine periodic telemetry reading.
BIN-006,2026-09-18T10:46:30.378747,82.5,165.0,23.0,HEALTHY,VALID,Routine periodic telemetry reading.
BIN-006,2026-09-18T16:46:30.378747,85.7,171.4,26.0,HEALTHY,VALID,Routine periodic telemetry reading.
BIN-006,2026-09-18T22:46:30.378747,87.9,175.7,30.9,HEALTHY,VALID,Routine periodic telemetry reading.
BIN-006,2026-09-19T04:46:30.378747,5.0,181.4,26.7,HEALTHY,VALID,Routine periodic telemetry reading.
BIN-006,2026-09-19T10:46:30.378747,6.3,12.7,27.7,HEALTHY,VALID,Routine periodic telemetry reading.
BIN-006,2026-09-19T16:46:30.378747,10.3,20.7,27.2,HEALTHY,VALID,Routine periodic telemetry reading.
BIN-006,2026-09-19T22:46:30.378747,14.0,28.0,27.9,HEALTHY,VALID,Routine periodic telemetry reading.
BIN-006,2026-09-20T04:46:30.378747,15.8,31.6,25.0,HEALTHY,VALID,Routine periodic telemetry reading.
BIN-006,2026-09-20T10:46:30.378747,17.6,35.2,23.7,HEALTHY,VALID,Routine periodic telemetry reading.
BIN-006,2026-09-20T16:46:30.378747,20.2,40.3,24.6,HEALTHY,VALID,Routine periodic telemetry reading.
BIN-006,2026-09-20T22:46:30.378747,21.5,43.0,24.7,HEALTHY,VALID,Routine periodic telemetry reading.
BIN-006,2026-09-21T04:46:30.378747,24.8,49.6,24.1,HEALTHY,VALID,Routine periodic telemetry reading.
BIN-006,2026-09-21T10:46:30.378747,26.4,52.7,30.2,HEALTHY,VALID,Routine periodic telemetry reading.
BIN-006,2026-09-21T16:46:30.378747,27.6,55.2,29.1,HEALTHY,VALID,Routine periodic telemetry reading.
BIN-006,2026-09-21T22:46:30.378747,28.9,57.8,21.1,HEALTHY,VALID,Routine periodic telemetry reading.
BIN-006,2026-09-22T04:46:30.378747,32.5,65.0,28.9,HEALTHY,VALID,Routine periodic telemetry reading.
BIN-006,2026-09-22T10:46:30.378747,35.5,70.9,26.5,HEALTHY,VALID,Routine periodic telemetry reading.
BIN-006,2026-09-22T16:46:30.378747,38.4,76.8,23.6,HEALTHY,VALID,Routine periodic telemetry reading.
BIN-006,2026-09-22T22:46:30.378747,39.8,79.7,23.9,HEALTHY,VALID,Routine periodic telemetry reading.
BIN-006,2026-09-23T04:46:30.378747,43.2,86.3,28.3,HEALTHY,VALID,Routine periodic telemetry reading.
BIN-006,2026-09-23T10:46:30.378747,47.2,94.4,27.9,HEALTHY,VALID,Routine periodic telemetry reading.
BIN-006,2026-09-23T16:46:30.378747,51.6,103.2,26.6,HEALTHY,VALID,Routine periodic telemetry reading.
BIN-006,2026-09-23T22:46:30.378747,53.8,107.7,26.4,HEALTHY,VALID,Routine periodic telemetry reading.
BIN-006,2026-09-24T04:46:30.378747,55.6,111.2,27.2,HEALTHY,VALID,Routine periodic telemetry reading.
BIN-006,2026-09-24T10:46:30.378747,57.4,114.7,21.2,HEALTHY,VALID,Routine periodic telemetry reading.
BIN-006,2026-09-24T16:46:30.378747,61.3,122.6,24.0,HEALTHY,VALID,Routine periodic telemetry reading.
BIN-006,2026-09-24T22:46:30.378747,65.0,130.0,26.3,HEALTHY,VALID,Routine periodic telemetry reading.
BIN-006,2026-09-25T04:46:30.378747,68.8,137.6,29.3,HEALTHY,VALID,Routine periodic telemetry reading.
BIN-006,2026-09-25T10:46:30.378747,73.2,146.5,29.0,HEALTHY,VALID,Routine periodic telemetry reading.
BIN-006,2026-09-25T16:46:30.378747,76.4,152.7,27.1,HEALTHY,VALID,Routine periodic telemetry reading.
BIN-006,2026-09-25T22:46:30.378747,77.5,154.9,30.2,HEALTHY,VALID,Routine periodic telemetry reading.
BIN-006,2026-09-26T04:46:30.378747,81.4,162.7,22.9,HEALTHY,VALID,Routine periodic telemetry reading.
BIN-006,2026-09-26T10:46:30.378747,83.0,166.0,27.7,HEALTHY,VALID,Routine periodic telemetry reading.
BIN-006,2026-09-26T16:46:30.378747,85.1,170.2,23.7,HEALTHY,VALID,Routine periodic telemetry reading.
BIN-006,2026-09-26T22:46:30.378747,86.1,172.2,29.6,HEALTHY,VALID,Routine periodic telemetry reading.
BIN-006,2026-09-27T04:46:30.378747,5.0,178.2,21.6,HEALTHY,VALID,Routine periodic telemetry reading.
BIN-006,2026-09-27T10:46:30.378747,8.2,16.4,20.3,HEALTHY,VALID,Routine periodic telemetry reading.
BIN-006,2026-09-27T16:46:30.378747,11.8,23.7,22.4,HEALTHY,VALID,Routine periodic telemetry reading.
BIN-006,2026-09-27T22:46:30.378747,14.3,28.6,23.7,HEALTHY,VALID,Routine periodic telemetry reading.
BIN-006,2026-09-28T04:46:30.378747,16.6,33.2,27.9,HEALTHY,VALID,Routine periodic telemetry reading.
BIN-006,2026-09-28T10:46:30.378747,20.3,40.6,26.2,HEALTHY,VALID,Routine periodic telemetry reading.
BIN-006,2026-09-28T16:46:30.378747,21.6,43.2,20.6,HEALTHY,VALID,Routine periodic telemetry reading.
BIN-006,2026-09-28T22:46:30.378747,23.2,46.3,26.8,HEALTHY,VALID,Routine periodic telemetry reading.
BIN-006,2026-09-29T04:46:30.378747,26.5,53.0,23.0,HEALTHY,VALID,Routine periodic telemetry reading.
BIN-006,2026-09-29T10:46:30.378747,29.8,59.7,25.3,HEALTHY,VALID,Routine periodic telemetry reading.
BIN-006,2026-09-29T16:46:30.378747,32.4,64.8,23.0,HEALTHY,VALID,Routine periodic telemetry reading.
BIN-006,2026-09-29T22:46:30.378747,36.0,72.0,21.3,HEALTHY,VALID,Routine periodic telemetry reading.
BIN-006,2026-09-30T04:46:30.378747,38.5,77.1,23.1,HEALTHY,VALID,Routine periodic telemetry reading.
BIN-006,2026-09-30T10:46:30.378747,41.9,83.8,25.4,HEALTHY,VALID,Routine periodic telemetry reading.
BIN-006,2026-09-30T16:46:30.378747,45.2,90.5,20.5,HEALTHY,VALID,Routine periodic telemetry reading.
BIN-006,2026-09-30T22:46:30.378747,47.6,95.2,26.6,HEALTHY,VALID,Routine periodic telemetry reading.
BIN-006,2026-10-01T04:46:30.378747,48.6,97.3,23.3,HEALTHY,VALID,Routine periodic telemetry reading.
BIN-006,2026-10-01T10:46:30.378747,50.4,100.8,21.5,HEALTHY,VALID,Routine periodic telemetry reading.
BIN-006,2026-10-01T16:46:30.378747,52.3,104.6,23.6,HEALTHY,VALID,Routine periodic telemetry reading.
BIN-006,2026-10-01T22:46:30.378747,53.3,106.6,28.2,HEALTHY,VALID,Routine periodic telemetry reading.
BIN-006,2026-10-02T04:46:30.378747,54.9,109.8,24.2,HEALTHY,VALID,Routine periodic telemetry reading.
BIN-010,2026-09-12T10:46:30.378747,23.5,46.9,25.5,HEALTHY,VALID,Routine periodic telemetry reading.
BIN-010,2026-09-12T16:46:30.378747,27.4,54.8,28.9,HEALTHY,VALID,Routine periodic telemetry reading.
BIN-010,2026-09-12T22:46:30.378747,28.6,57.3,29.5,HEALTHY,VALID,Routine periodic telemetry reading.
BIN-010,2026-09-13T04:46:30.378747,29.8,59.6,20.2,HEALTHY,VALID,Routine periodic telemetry reading.
BIN-010,2026-09-13T10:46:30.378747,34.0,68.0,29.5,HEALTHY,VALID,Routine periodic telemetry reading.
BIN-010,2026-09-13T16:46:30.378747,37.0,74.0,26.3,HEALTHY,VALID,Routine periodic telemetry reading.
BIN-010,2026-09-13T22:46:30.378747,40.5,81.0,24.6,HEALTHY,VALID,Routine periodic telemetry reading.
BIN-010,2026-09-14T04:46:30.378747,41.9,83.8,20.2,HEALTHY,VALID,Routine periodic telemetry reading.
BIN-010,2026-09-14T10:46:30.378747,44.0,88.1,28.8,HEALTHY,VALID,Routine periodic telemetry reading.
BIN-010,2026-09-14T16:46:30.378747,47.2,94.4,29.2,HEALTHY,VALID,Routine periodic telemetry reading.
BIN-010,2026-09-14T22:46:30.378747,51.4,102.8,21.0,HEALTHY,VALID,Routine periodic telemetry reading.
BIN-010,2026-09-15T04:46:30.378747,55.4,110.8,22.7,HEALTHY,VALID,Routine periodic telemetry reading.
BIN-010,2026-09-15T10:46:30.378747,58.4,116.9,25.8,HEALTHY,VALID,Routine periodic telemetry reading.
BIN-010,2026-09-15T16:46:30.378747,60.8,121.7,23.4,HEALTHY,VALID,Routine periodic telemetry reading.
BIN-010,2026-09-15T22:46:30.378747,63.0,126.0,23.7,HEALTHY,VALID,Routine periodic telemetry reading.
BIN-010,2026-09-16T04:46:30.378747,64.6,129.2,25.6,HEALTHY,VALID,Routine periodic telemetry reading.
BIN-010,2026-09-16T10:46:30.378747,66.0,132.0,25.6,HEALTHY,VALID,Routine periodic telemetry reading.
BIN-010,2026-09-16T16:46:30.378747,70.2,140.3,23.8,HEALTHY,VALID,Routine periodic telemetry reading.
BIN-010,2026-09-16T22:46:30.378747,73.7,147.4,29.0,HEALTHY,VALID,Routine periodic telemetry reading.
BIN-010,2026-09-17T04:46:30.378747,77.6,155.1,22.6,HEALTHY,VALID,Routine periodic telemetry reading.
BIN-010,2026-09-17T10:46:30.378747,79.1,158.2,22.2,HEALTHY,VALID,Routine periodic telemetry reading.
BIN-010,2026-09-17T16:46:30.378747,82.2,164.4,28.4,HEALTHY,VALID,Routine periodic telemetry reading.
BIN-010,2026-09-17T22:46:30.378747,85.5,171.0,21.9,HEALTHY,VALID,Routine periodic telemetry reading.
BIN-010,2026-09-18T04:46:30.378747,5.0,178.4,28.3,HEALTHY,VALID,Routine periodic telemetry reading.
BIN-010,2026-09-18T10:46:30.378747,8.7,17.3,24.9,HEALTHY,VALID,Routine periodic telemetry reading.
BIN-010,2026-09-18T16:46:30.378747,12.9,25.8,26.2,HEALTHY,VALID,Routine periodic telemetry reading.
BIN-010,2026-09-18T22:46:30.378747,16.1,32.2,26.9,HEALTHY,VALID,Routine periodic telemetry reading.
BIN-010,2026-09-19T04:46:30.378747,20.1,40.3,26.9,HEALTHY,VALID,Routine periodic telemetry reading.
BIN-010,2026-09-19T10:46:30.378747,21.7,43.3,20.8,HEALTHY,VALID,Routine periodic telemetry reading.
BIN-010,2026-09-19T16:46:30.378747,24.2,48.4,23.3,HEALTHY,VALID,Routine periodic telemetry reading.
BIN-010,2026-09-19T22:46:30.378747,26.2,52.4,20.6,HEALTHY,VALID,Routine periodic telemetry reading.
BIN-010,2026-09-20T04:46:30.378747,29.0,57.9,23.4,HEALTHY,VALID,Routine periodic telemetry reading.
BIN-010,2026-09-20T10:46:30.378747,31.5,63.1,20.6,HEALTHY,VALID,Routine periodic telemetry reading.
BIN-010,2026-09-20T16:46:30.378747,35.4,70.9,20.8,HEALTHY,VALID,Routine periodic telemetry reading.
BIN-010,2026-09-20T22:46:30.378747,39.5,78.9,29.4,HEALTHY,VALID,Routine periodic telemetry reading.
BIN-010,2026-09-21T04:46:30.378747,42.6,85.3,25.6,HEALTHY,VALID,Routine periodic telemetry reading.
BIN-010,2026-09-21T10:46:30.378747,45.2,90.5,26.1,HEALTHY,VALID,Routine periodic telemetry reading.
BIN-010,2026-09-21T16:46:30.378747,49.0,98.0,29.9,HEALTHY,VALID,Routine periodic telemetry reading.
BIN-010,2026-09-21T22:46:30.378747,51.6,103.2,28.9,HEALTHY,VALID,Routine periodic telemetry reading.
BIN-010,2026-09-22T04:46:30.378747,54.9,109.7,23.5,HEALTHY,VALID,Routine periodic telemetry reading.
BIN-010,2026-09-22T10:46:30.378747,57.5,115.1,21.7,HEALTHY,VALID,Routine periodic telemetry reading.
BIN-010,2026-09-22T16:46:30.378747,58.8,117.5,21.1,HEALTHY,VALID,Routine periodic telemetry reading.
BIN-010,2026-09-22T22:46:30.378747,62.9,125.8,23.8,HEALTHY,VALID,Routine periodic telemetry reading.
BIN-010,2026-09-23T04:46:30.378747,66.4,132.8,25.6,HEALTHY,VALID,Routine periodic telemetry reading.
BIN-010,2026-09-23T10:46:30.378747,68.0,136.0,22.7,HEALTHY,VALID,Routine periodic telemetry reading.
BIN-010,2026-09-23T16:46:30.378747,70.5,141.1,24.8,HEALTHY,VALID,Routine periodic telemetry reading.
BIN-010,2026-09-23T22:46:30.378747,73.4,146.7,21.7,HEALTHY,VALID,Routine periodic telemetry reading.
BIN-010,2026-09-24T04:46:30.378747,75.7,151.3,23.1,HEALTHY,VALID,Routine periodic telemetry reading.
BIN-010,2026-09-24T10:46:30.378747,78.1,156.2,23.7,HEALTHY,VALID,Routine periodic telemetry reading.
BIN-010,2026-09-24T16:46:30.378747,81.2,162.4,28.7,HEALTHY,VALID,Routine periodic telemetry reading.
BIN-010,2026-09-24T22:46:30.378747,84.5,168.9,20.7,HEALTHY,VALID,Routine periodic telemetry reading.
BIN-010,2026-09-25T04:46:30.378747,85.8,171.6,27.5,HEALTHY,VALID,Routine periodic telemetry reading.
BIN-010,2026-09-25T10:46:30.378747,87.8,175.6,28.0,HEALTHY,VALID,Routine periodic telemetry reading.
BIN-010,2026-09-25T16:46:30.378747,5.0,182.2,29.6,HEALTHY,VALID,Routine periodic telemetry reading.
BIN-010,2026-09-25T22:46:30.378747,7.2,14.3,26.4,HEALTHY,VALID,Routine periodic telemetry reading.
BIN-010,2026-09-26T04:46:30.378747,8.7,17.3,23.8,HEALTHY,VALID,Routine periodic telemetry reading.
BIN-010,2026-09-26T10:46:30.378747,13.0,26.1,27.7,HEALTHY,VALID,Routine periodic telemetry reading.
BIN-010,2026-09-26T16:46:30.378747,15.4,30.8,26.5,HEALTHY,VALID,Routine periodic telemetry reading.
BIN-010,2026-09-26T22:46:30.378747,19.7,39.4,23.4,HEALTHY,VALID,Routine periodic telemetry reading.
BIN-010,2026-09-27T04:46:30.378747,22.0,44.0,28.7,HEALTHY,VALID,Routine periodic telemetry reading.
BIN-010,2026-09-27T10:46:30.378747,25.9,51.7,27.4,HEALTHY,VALID,Routine periodic telemetry reading.
BIN-010,2026-09-27T16:46:30.378747,29.8,59.5,28.1,HEALTHY,VALID,Routine periodic telemetry reading.
BIN-010,2026-09-27T22:46:30.378747,33.2,66.3,25.8,HEALTHY,VALID,Routine periodic telemetry reading.
BIN-010,2026-09-28T04:46:30.378747,36.4,72.9,24.7,HEALTHY,VALID,Routine periodic telemetry reading.
BIN-010,2026-09-28T10:46:30.378747,38.7,77.4,24.0,HEALTHY,VALID,Routine periodic telemetry reading.
BIN-010,2026-09-28T16:46:30.378747,40.3,80.7,22.4,HEALTHY,VALID,Routine periodic telemetry reading.
BIN-010,2026-09-28T22:46:30.378747,44.6,89.3,25.3,HEALTHY,VALID,Routine periodic telemetry reading.
BIN-010,2026-09-29T04:46:30.378747,46.4,92.9,21.5,HEALTHY,VALID,Routine periodic telemetry reading.
BIN-010,2026-09-29T10:46:30.378747,47.7,95.4,29.3,HEALTHY,VALID,Routine periodic telemetry reading.
BIN-010,2026-09-29T16:46:30.378747,49.1,98.1,28.5,HEALTHY,VALID,Routine periodic telemetry reading.
BIN-010,2026-09-29T22:46:30.378747,53.0,106.0,29.7,HEALTHY,VALID,Routine periodic telemetry reading.
BIN-010,2026-09-30T04:46:30.378747,54.1,108.2,23.7,HEALTHY,VALID,Routine periodic telemetry reading.
BIN-010,2026-09-30T10:46:30.378747,57.8,115.6,21.4,HEALTHY,VALID,Routine periodic telemetry reading.
BIN-010,2026-09-30T16:46:30.378747,60.1,120.2,21.8,HEALTHY,VALID,Routine periodic telemetry reading.
BIN-010,2026-09-30T22:46:30.378747,64.0,128.1,28.5,HEALTHY,VALID,Routine periodic telemetry reading.
BIN-010,2026-10-01T04:46:30.378747,67.9,135.7,21.8,HEALTHY,VALID,Routine periodic telemetry reading.
BIN-010,2026-10-01T10:46:30.378747,70.4,140.8,24.5,HEALTHY,VALID,Routine periodic telemetry reading.
BIN-010,2026-10-01T16:46:30.378747,73.8,147.5,22.6,HEALTHY,VALID,Routine periodic telemetry reading.
BIN-010,2026-10-01T22:46:30.378747,76.3,152.6,23.1,HEALTHY,VALID,Routine periodic telemetry reading.
BIN-010,2026-10-02T04:46:30.378747,79.9,159.9,24.9,HEALTHY,VALID,Routine periodic telemetry reading.
BIN-015,2026-09-12T10:46:30.378747,22.9,54.9,23.4,HEALTHY,VALID,Routine periodic telemetry reading.
BIN-015,2026-09-12T16:46:30.378747,26.7,64.1,25.2,HEALTHY,VALID,Routine periodic telemetry reading.
BIN-015,2026-09-12T22:46:30.378747,30.6,73.5,24.0,HEALTHY,VALID,Routine periodic telemetry reading.
BIN-015,2026-09-13T04:46:30.378747,34.9,83.8,30.8,HEALTHY,VALID,Routine periodic telemetry reading.
BIN-015,2026-09-13T10:46:30.378747,37.6,90.1,23.1,HEALTHY,VALID,Routine periodic telemetry reading.
BIN-015,2026-09-13T16:46:30.378747,39.9,95.7,25.8,HEALTHY,VALID,Routine periodic telemetry reading.
BIN-015,2026-09-13T22:46:30.378747,44.3,106.3,29.0,HEALTHY,VALID,Routine periodic telemetry reading.
BIN-015,2026-09-14T04:46:30.378747,48.1,115.4,21.5,HEALTHY,VALID,Routine periodic telemetry reading.
BIN-015,2026-09-14T10:46:30.378747,50.0,119.9,27.1,HEALTHY,VALID,Routine periodic telemetry reading.
BIN-015,2026-09-14T16:46:30.378747,54.0,129.6,26.1,HEALTHY,VALID,Routine periodic telemetry reading.
BIN-015,2026-09-14T22:46:30.378747,55.4,132.9,29.3,HEALTHY,VALID,Routine periodic telemetry reading.
BIN-015,2026-09-15T04:46:30.378747,59.3,142.4,23.1,HEALTHY,VALID,Routine periodic telemetry reading.
BIN-015,2026-09-15T10:46:30.378747,63.0,151.2,23.0,HEALTHY,VALID,Routine periodic telemetry reading.
BIN-015,2026-09-15T16:46:30.378747,67.2,161.3,21.6,HEALTHY,VALID,Routine periodic telemetry reading.
BIN-015,2026-09-15T22:46:30.378747,69.7,167.3,30.4,HEALTHY,VALID,Routine periodic telemetry reading.
BIN-015,2026-09-16T04:46:30.378747,71.5,171.6,25.0,HEALTHY,VALID,Routine periodic telemetry reading.
BIN-015,2026-09-16T10:46:30.378747,73.7,176.9,20.3,HEALTHY,VALID,Routine periodic telemetry reading.
BIN-015,2026-09-16T16:46:30.378747,74.9,179.8,25.5,HEALTHY,VALID,Routine periodic telemetry reading.
BIN-015,2026-09-16T22:46:30.378747,76.7,184.2,30.9,HEALTHY,VALID,Routine periodic telemetry reading.
BIN-015,2026-09-17T04:46:30.378747,79.0,189.7,20.3,HEALTHY,VALID,Routine periodic telemetry reading.
BIN-015,2026-09-17T10:46:30.378747,83.3,199.9,29.2,HEALTHY,VALID,Routine periodic telemetry reading.
BIN-015,2026-09-17T16:46:30.378747,86.6,207.8,28.7,HEALTHY,VALID,Routine periodic telemetry reading.
BIN-015,2026-09-17T22:46:30.378747,88.1,211.3,29.1,HEALTHY,VALID,Routine periodic telemetry reading.
BIN-015,2026-09-18T04:46:30.378747,91.5,219.6,27.8,HEALTHY,VALID,Routine periodic telemetry reading.
BIN-015,2026-09-18T10:46:30.378747,94.1,225.8,20.9,HEALTHY,VALID,Routine periodic telemetry reading.
BIN-015,2026-09-18T16:46:30.378747,5.0,230.3,26.0,HEALTHY,VALID,Routine periodic telemetry reading.
BIN-015,2026-09-18T22:46:30.378747,8.5,20.5,25.8,HEALTHY,VALID,Routine periodic telemetry reading.
BIN-015,2026-09-19T04:46:30.378747,9.9,23.8,23.2,HEALTHY,VALID,Routine periodic telemetry reading.
BIN-015,2026-09-19T10:46:30.378747,12.0,28.8,20.5,HEALTHY,VALID,Routine periodic telemetry reading.
BIN-015,2026-09-19T16:46:30.378747,14.5,34.7,28.7,HEALTHY,VALID,Routine periodic telemetry reading.
BIN-015,2026-09-19T22:46:30.378747,17.1,40.9,21.2,HEALTHY,VALID,Routine periodic telemetry reading.
BIN-015,2026-09-20T04:46:30.378747,21.2,50.9,26.6,HEALTHY,VALID,Routine periodic telemetry reading.
BIN-015,2026-09-20T10:46:30.378747,22.3,53.5,25.7,HEALTHY,VALID,Routine periodic telemetry reading.
BIN-015,2026-09-20T16:46:30.378747,24.1,57.9,21.6,HEALTHY,VALID,Routine periodic telemetry reading.
BIN-015,2026-09-20T22:46:30.378747,26.6,63.9,26.8,HEALTHY,VALID,Routine periodic telemetry reading.
BIN-015,2026-09-21T04:46:30.378747,28.5,68.3,24.6,HEALTHY,VALID,Routine periodic telemetry reading.
BIN-015,2026-09-21T10:46:30.378747,31.8,76.3,20.9,HEALTHY,VALID,Routine periodic telemetry reading.
BIN-015,2026-09-21T16:46:30.378747,36.2,86.9,20.7,HEALTHY,VALID,Routine periodic telemetry reading.
BIN-015,2026-09-21T22:46:30.378747,39.1,93.7,25.6,HEALTHY,VALID,Routine periodic telemetry reading.
BIN-015,2026-09-22T04:46:30.378747,43.5,104.4,26.1,HEALTHY,VALID,Routine periodic telemetry reading.
BIN-015,2026-09-22T10:46:30.378747,45.9,110.1,25.2,HEALTHY,VALID,Routine periodic telemetry reading.
BIN-015,2026-09-22T16:46:30.378747,49.1,117.8,30.8,HEALTHY,VALID,Routine periodic telemetry reading.
BIN-015,2026-09-22T22:46:30.378747,51.0,122.4,20.2,HEALTHY,VALID,Routine periodic telemetry reading.
BIN-015,2026-09-23T04:46:30.378747,54.8,131.4,23.8,HEALTHY,VALID,Routine periodic telemetry reading.
BIN-015,2026-09-23T10:46:30.378747,58.3,140.0,26.9,HEALTHY,VALID,Routine periodic telemetry reading.
BIN-015,2026-09-23T16:46:30.378747,62.0,148.8,28.1,HEALTHY,VALID,Routine periodic telemetry reading.
BIN-015,2026-09-23T22:46:30.378747,64.2,154.0,20.5,HEALTHY,VALID,Routine periodic telemetry reading.
BIN-015,2026-09-24T04:46:30.378747,67.1,161.0,28.9,HEALTHY,VALID,Routine periodic telemetry reading.
BIN-015,2026-09-24T10:46:30.378747,68.7,164.9,28.6,HEALTHY,VALID,Routine periodic telemetry reading.
BIN-015,2026-09-24T16:46:30.378747,71.3,171.2,27.6,HEALTHY,VALID,Routine periodic telemetry reading.
BIN-015,2026-09-24T22:46:30.378747,74.5,178.9,28.9,HEALTHY,VALID,Routine periodic telemetry reading.
BIN-015,2026-09-25T04:46:30.378747,75.8,181.8,28.5,HEALTHY,VALID,Routine periodic telemetry reading.
BIN-015,2026-09-25T10:46:30.378747,78.4,188.1,23.2,HEALTHY,VALID,Routine periodic telemetry reading.
BIN-015,2026-09-25T16:46:30.378747,79.5,190.8,22.2,HEALTHY,VALID,Routine periodic telemetry reading.
BIN-015,2026-09-25T22:46:30.378747,80.7,193.6,30.3,HEALTHY,VALID,Routine periodic telemetry reading.
BIN-015,2026-09-26T04:46:30.378747,83.5,200.3,30.9,HEALTHY,VALID,Routine periodic telemetry reading.
BIN-015,2026-09-26T10:46:30.378747,86.4,207.3,22.8,HEALTHY,VALID,Routine periodic telemetry reading.
BIN-015,2026-09-26T16:46:30.378747,90.0,216.0,23.9,HEALTHY,VALID,Routine periodic telemetry reading.
BIN-015,2026-09-26T22:46:30.378747,5.0,225.0,23.7,HEALTHY,VALID,Routine periodic telemetry reading.
BIN-015,2026-09-27T04:46:30.378747,6.4,15.4,24.0,HEALTHY,VALID,Routine periodic telemetry reading.
BIN-015,2026-09-27T10:46:30.378747,10.5,25.3,28.2,HEALTHY,VALID,Routine periodic telemetry reading.
BIN-015,2026-09-27T16:46:30.378747,14.7,35.2,24.3,HEALTHY,VALID,Routine periodic telemetry reading.
BIN-015,2026-09-27T22:46:30.378747,19.1,45.8,25.5,HEALTHY,VALID,Routine periodic telemetry reading.
BIN-015,2026-09-28T04:46:30.378747,21.8,52.4,30.2,HEALTHY,VALID,Routine periodic telemetry reading.
BIN-015,2026-09-28T10:46:30.378747,24.6,59.2,28.8,HEALTHY,VALID,Routine periodic telemetry reading.
BIN-015,2026-09-28T16:46:30.378747,28.2,67.7,20.9,HEALTHY,VALID,Routine periodic telemetry reading.
BIN-015,2026-09-28T22:46:30.378747,31.3,75.1,29.0,HEALTHY,VALID,Routine periodic telemetry reading.
BIN-015,2026-09-29T04:46:30.378747,34.2,82.1,23.5,HEALTHY,VALID,Routine periodic telemetry reading.
BIN-015,2026-09-29T10:46:30.378747,35.5,85.2,27.3,HEALTHY,VALID,Routine periodic telemetry reading.
BIN-015,2026-09-29T16:46:30.378747,37.6,90.1,26.6,HEALTHY,VALID,Routine periodic telemetry reading.
BIN-015,2026-09-29T22:46:30.378747,40.1,96.1,27.6,HEALTHY,VALID,Routine periodic telemetry reading.
BIN-015,2026-09-30T04:46:30.378747,42.3,101.5,20.5,HEALTHY,VALID,Routine periodic telemetry reading.
BIN-015,2026-09-30T10:46:30.378747,46.3,111.2,23.9,HEALTHY,VALID,Routine periodic telemetry reading.
BIN-015,2026-09-30T16:46:30.378747,50.8,122.0,23.0,HEALTHY,VALID,Routine periodic telemetry reading.
BIN-015,2026-09-30T22:46:30.378747,55.3,132.6,30.4,HEALTHY,VALID,Routine periodic telemetry reading.
BIN-015,2026-10-01T04:46:30.378747,56.5,135.6,27.0,HEALTHY,VALID,Routine periodic telemetry reading.
BIN-015,2026-10-01T10:46:30.378747,58.8,141.1,28.8,HEALTHY,VALID,Routine periodic telemetry reading.
BIN-015,2026-10-01T16:46:30.378747,62.2,149.2,30.5,HEALTHY,VALID,Routine periodic telemetry reading.
BIN-015,2026-10-01T22:46:30.378747,63.7,152.8,26.7,HEALTHY,VALID,Routine periodic telemetry reading.
BIN-015,2026-10-02T04:46:30.378747,67.4,161.8,20.4,HEALTHY,VALID,Routine periodic telemetry reading.
BIN-020,2026-09-12T10:46:30.378747,21.2,34.0,28.6,HEALTHY,VALID,Routine periodic telemetry reading.
BIN-020,2026-09-12T16:46:30.378747,23.5,37.6,24.2,HEALTHY,VALID,Routine periodic telemetry reading.
BIN-020,2026-09-12T22:46:30.378747,26.5,42.4,26.7,HEALTHY,VALID,Routine periodic telemetry reading.
BIN-020,2026-09-13T04:46:30.378747,29.9,47.8,30.4,HEALTHY,VALID,Routine periodic telemetry reading.
BIN-020,2026-09-13T10:46:30.378747,32.2,51.5,28.4,HEALTHY,VALID,Routine periodic telemetry reading.
BIN-020,2026-09-13T16:46:30.378747,35.2,56.3,25.8,HEALTHY,VALID,Routine periodic telemetry reading.
BIN-020,2026-09-13T22:46:30.378747,37.6,60.1,27.1,HEALTHY,VALID,Routine periodic telemetry reading.
BIN-020,2026-09-14T04:46:30.378747,39.5,63.1,21.2,HEALTHY,VALID,Routine periodic telemetry reading.
BIN-020,2026-09-14T10:46:30.378747,43.0,68.9,25.5,HEALTHY,VALID,Routine periodic telemetry reading.
BIN-020,2026-09-14T16:46:30.378747,45.4,72.6,26.2,HEALTHY,VALID,Routine periodic telemetry reading.
BIN-020,2026-09-14T22:46:30.378747,47.3,75.7,22.9,HEALTHY,VALID,Routine periodic telemetry reading.
BIN-020,2026-09-15T04:46:30.378747,49.9,79.8,31.0,HEALTHY,VALID,Routine periodic telemetry reading.
BIN-020,2026-09-15T10:46:30.378747,51.9,83.0,30.1,HEALTHY,VALID,Routine periodic telemetry reading.
BIN-020,2026-09-15T16:46:30.378747,54.6,87.3,21.3,HEALTHY,VALID,Routine periodic telemetry reading.
BIN-020,2026-09-15T22:46:30.378747,58.6,93.7,25.0,HEALTHY,VALID,Routine periodic telemetry reading.
BIN-020,2026-09-16T04:46:30.378747,62.7,100.3,24.9,HEALTHY,VALID,Routine periodic telemetry reading.
BIN-020,2026-09-16T10:46:30.378747,64.0,102.4,27.5,HEALTHY,VALID,Routine periodic telemetry reading.
BIN-020,2026-09-16T16:46:30.378747,68.0,108.8,23.5,HEALTHY,VALID,Routine periodic telemetry reading.
BIN-020,2026-09-16T22:46:30.378747,70.2,112.3,20.7,HEALTHY,VALID,Routine periodic telemetry reading.
BIN-020,2026-09-17T04:46:30.378747,73.1,116.9,29.8,HEALTHY,VALID,Routine periodic telemetry reading.
BIN-020,2026-09-17T10:46:30.378747,77.1,123.3,27.8,HEALTHY,VALID,Routine periodic telemetry reading.
BIN-020,2026-09-17T16:46:30.378747,81.3,130.1,27.0,HEALTHY,VALID,Routine periodic telemetry reading.
BIN-020,2026-09-17T22:46:30.378747,85.1,136.2,25.6,HEALTHY,VALID,Routine periodic telemetry reading.
BIN-020,2026-09-18T04:46:30.378747,86.5,138.4,22.2,HEALTHY,VALID,Routine periodic telemetry reading.
BIN-020,2026-09-18T10:46:30.378747,5.0,140.8,20.3,HEALTHY,VALID,Routine periodic telemetry reading.
BIN-020,2026-09-18T16:46:30.378747,7.9,12.7,24.1,HEALTHY,VALID,Routine periodic telemetry reading.
BIN-020,2026-09-18T22:46:30.378747,11.8,18.8,26.1,HEALTHY,VALID,Routine periodic telemetry reading.
BIN-020,2026-09-19T04:46:30.378747,14.9,23.8,20.9,HEALTHY,VALID,Routine periodic telemetry reading.
BIN-020,2026-09-19T10:46:30.378747,17.0,27.2,31.0,HEALTHY,VALID,Routine periodic telemetry reading.
BIN-020,2026-09-19T16:46:30.378747,20.5,32.8,25.8,HEALTHY,VALID,Routine periodic telemetry reading.
BIN-020,2026-09-19T22:46:30.378747,24.2,38.7,29.1,HEALTHY,VALID,Routine periodic telemetry reading.
BIN-020,2026-09-20T04:46:30.378747,25.4,40.7,30.7,HEALTHY,VALID,Routine periodic telemetry reading.
BIN-020,2026-09-20T10:46:30.378747,28.7,45.9,24.9,HEALTHY,VALID,Routine periodic telemetry reading.
BIN-020,2026-09-20T16:46:30.378747,32.1,51.3,23.8,HEALTHY,VALID,Routine periodic telemetry reading.
BIN-020,2026-09-20T22:46:30.378747,36.1,57.8,28.6,HEALTHY,VALID,Routine periodic telemetry reading.
BIN-020,2026-09-21T04:46:30.378747,39.4,63.0,22.0,HEALTHY,VALID,Routine periodic telemetry reading.
BIN-020,2026-09-21T10:46:30.378747,43.8,70.0,24.8,HEALTHY,VALID,Routine periodic telemetry reading.
BIN-020,2026-09-21T16:46:30.378747,48.0,76.7,20.6,HEALTHY,VALID,Routine periodic telemetry reading.
BIN-020,2026-09-21T22:46:30.378747,49.4,79.0,21.7,HEALTHY,VALID,Routine periodic telemetry reading.
BIN-020,2026-09-22T04:46:30.378747,51.0,81.5,23.5,HEALTHY,VALID,Routine periodic telemetry reading.
BIN-020,2026-09-22T10:46:30.378747,54.4,87.1,23.8,HEALTHY,VALID,Routine periodic telemetry reading.
BIN-020,2026-09-22T16:46:30.378747,58.7,94.0,29.8,HEALTHY,VALID,Routine periodic telemetry reading.
BIN-020,2026-09-22T22:46:30.378747,62.7,100.3,22.8,HEALTHY,VALID,Routine periodic telemetry reading.
BIN-020,2026-09-23T04:46:30.378747,65.9,105.5,26.1,HEALTHY,VALID,Routine periodic telemetry reading.
BIN-020,2026-09-23T10:46:30.378747,67.4,107.8,23.3,HEALTHY,VALID,Routine periodic telemetry reading.
BIN-020,2026-09-23T16:46:30.378747,70.2,112.4,25.5,HEALTHY,VALID,Routine periodic telemetry reading.
BIN-020,2026-09-23T22:46:30.378747,71.8,114.9,30.4,HEALTHY,VALID,Routine periodic telemetry reading.
BIN-020,2026-09-24T04:46:30.378747,73.4,117.4,27.2,HEALTHY,VALID,Routine periodic telemetry reading.
BIN-020,2026-09-24T10:46:30.378747,76.9,123.0,26.7,HEALTHY,VALID,Routine periodic telemetry reading.
BIN-020,2026-09-24T16:46:30.378747,80.8,129.3,26.2,HEALTHY,VALID,Routine periodic telemetry reading.
BIN-020,2026-09-24T22:46:30.378747,84.7,135.5,20.3,HEALTHY,VALID,Routine periodic telemetry reading.
BIN-020,2026-09-25T04:46:30.378747,85.9,137.4,27.1,HEALTHY,VALID,Routine periodic telemetry reading.
BIN-020,2026-09-25T10:46:30.378747,5.0,142.2,28.4,HEALTHY,VALID,Routine periodic telemetry reading.
BIN-020,2026-09-25T16:46:30.378747,7.5,11.9,27.0,HEALTHY,VALID,Routine periodic telemetry reading.
BIN-020,2026-09-25T22:46:30.378747,10.2,16.3,26.9,HEALTHY,VALID,Routine periodic telemetry reading.
BIN-020,2026-09-26T04:46:30.378747,12.2,19.5,30.5,HEALTHY,VALID,Routine periodic telemetry reading.
BIN-020,2026-09-26T10:46:30.378747,14.9,23.8,28.9,HEALTHY,VALID,Routine periodic telemetry reading.
BIN-020,2026-09-26T16:46:30.378747,18.3,29.3,23.3,HEALTHY,VALID,Routine periodic telemetry reading.
BIN-020,2026-09-26T22:46:30.378747,19.6,31.3,20.7,HEALTHY,VALID,Routine periodic telemetry reading.
BIN-020,2026-09-27T04:46:30.378747,22.1,35.4,25.3,HEALTHY,VALID,Routine periodic telemetry reading.
BIN-020,2026-09-27T10:46:30.378747,23.8,38.1,26.7,HEALTHY,VALID,Routine periodic telemetry reading.
BIN-020,2026-09-27T16:46:30.378747,25.9,41.4,27.9,HEALTHY,VALID,Routine periodic telemetry reading.
BIN-020,2026-09-27T22:46:30.378747,29.5,47.2,29.5,HEALTHY,VALID,Routine periodic telemetry reading.
BIN-020,2026-09-28T04:46:30.378747,33.9,54.2,21.4,HEALTHY,VALID,Routine periodic telemetry reading.
BIN-020,2026-09-28T10:46:30.378747,36.2,57.9,26.2,HEALTHY,VALID,Routine periodic telemetry reading.
BIN-020,2026-09-28T16:46:30.378747,38.3,61.3,25.1,HEALTHY,VALID,Routine periodic telemetry reading.
BIN-020,2026-09-28T22:46:30.378747,40.2,64.4,22.7,HEALTHY,VALID,Routine periodic telemetry reading.
BIN-020,2026-09-29T04:46:30.378747,41.6,66.5,23.2,HEALTHY,VALID,Routine periodic telemetry reading.
BIN-020,2026-09-29T10:46:30.378747,43.9,70.3,26.8,HEALTHY,VALID,Routine periodic telemetry reading.
BIN-020,2026-09-29T16:46:30.378747,45.8,73.3,29.5,HEALTHY,VALID,Routine periodic telemetry reading.
BIN-020,2026-09-29T22:46:30.378747,47.3,75.8,23.6,HEALTHY,VALID,Routine periodic telemetry reading.
BIN-020,2026-09-30T04:46:30.378747,50.4,80.6,23.4,HEALTHY,VALID,Routine periodic telemetry reading.
BIN-020,2026-09-30T10:46:30.378747,54.0,86.5,25.5,HEALTHY,VALID,Routine periodic telemetry reading.
BIN-020,2026-09-30T16:46:30.378747,56.8,91.0,25.5,HEALTHY,VALID,Routine periodic telemetry reading.
BIN-020,2026-09-30T22:46:30.378747,58.9,94.3,20.3,HEALTHY,VALID,Routine periodic telemetry reading.
BIN-020,2026-10-01T04:46:30.378747,63.2,101.2,25.6,HEALTHY,VALID,Routine periodic telemetry reading.
BIN-020,2026-10-01T10:46:30.378747,67.6,108.2,22.4,HEALTHY,VALID,Routine periodic telemetry reading.
BIN-020,2026-10-01T16:46:30.378747,69.9,111.8,20.6,HEALTHY,VALID,Routine periodic telemetry reading.
BIN-020,2026-10-01T22:46:30.378747,72.6,116.1,29.7,HEALTHY,VALID,Routine periodic telemetry reading.
BIN-020,2026-10-02T04:46:30.378747,75.9,121.4,25.2,HEALTHY,VALID,Routine periodic telemetry reading.
BIN-007,2026-09-12T10:46:30.378747,22.9,32.0,29.3,HEALTHY,VALID,Routine periodic telemetry reading.
BIN-007,2026-09-12T16:46:30.378747,25.4,35.5,29.7,HEALTHY,VALID,Routine periodic telemetry reading.
BIN-007,2026-09-12T22:46:30.378747,28.9,40.5,28.4,HEALTHY,VALID,Routine periodic telemetry reading.
BIN-007,2026-09-13T04:46:30.378747,31.2,43.7,24.4,HEALTHY,VALID,Routine periodic telemetry reading.
BIN-007,2026-09-13T10:46:30.378747,34.2,47.9,22.1,HEALTHY,VALID,Routine periodic telemetry reading.
BIN-007,2026-09-13T16:46:30.378747,37.1,52.0,20.8,HEALTHY,VALID,Routine periodic telemetry reading.
BIN-007,2026-09-13T22:46:30.378747,39.9,55.9,28.4,HEALTHY,VALID,Routine periodic telemetry reading.
BIN-007,2026-09-14T04:46:30.378747,41.9,58.6,30.9,HEALTHY,VALID,Routine periodic telemetry reading.
BIN-007,2026-09-14T10:46:30.378747,45.3,63.4,21.3,HEALTHY,VALID,Routine periodic telemetry reading.
BIN-007,2026-09-14T16:46:30.378747,49.7,69.6,24.3,HEALTHY,VALID,Routine periodic telemetry reading.
BIN-007,2026-09-14T22:46:30.378747,53.5,74.9,23.7,HEALTHY,VALID,Routine periodic telemetry reading.
BIN-007,2026-09-15T04:46:30.378747,57.8,80.9,28.3,HEALTHY,VALID,Routine periodic telemetry reading.
BIN-007,2026-09-15T10:46:30.378747,59.4,83.2,25.6,HEALTHY,VALID,Routine periodic telemetry reading.
BIN-007,2026-09-15T16:46:30.378747,62.2,87.1,20.5,HEALTHY,VALID,Routine periodic telemetry reading.
BIN-007,2026-09-15T22:46:30.378747,63.7,89.2,23.7,HEALTHY,VALID,Routine periodic telemetry reading.
BIN-007,2026-09-16T04:46:30.378747,66.3,92.9,25.0,HEALTHY,VALID,Routine periodic telemetry reading.
BIN-007,2026-09-16T10:46:30.378747,69.5,97.2,25.7,HEALTHY,VALID,Routine periodic telemetry reading.
BIN-007,2026-09-16T16:46:30.378747,71.6,100.2,26.7,HEALTHY,VALID,Routine periodic telemetry reading.
BIN-007,2026-09-16T22:46:30.378747,73.2,102.4,30.9,HEALTHY,VALID,Routine periodic telemetry reading.
BIN-007,2026-09-17T04:46:30.378747,76.8,107.5,23.3,HEALTHY,VALID,Routine periodic telemetry reading.
BIN-007,2026-09-17T10:46:30.378747,78.9,110.5,29.1,HEALTHY,VALID,Routine periodic telemetry reading.
BIN-007,2026-09-17T16:46:30.378747,81.8,114.5,27.8,HEALTHY,VALID,Routine periodic telemetry reading.
BIN-007,2026-09-17T22:46:30.378747,83.9,117.4,29.0,HEALTHY,VALID,Routine periodic telemetry reading.
BIN-007,2026-09-18T04:46:30.378747,86.1,120.6,27.4,HEALTHY,VALID,Routine periodic telemetry reading.
BIN-007,2026-09-18T10:46:30.378747,5.0,126.8,28.8,HEALTHY,VALID,Routine periodic telemetry reading.
BIN-007,2026-09-18T16:46:30.378747,8.5,12.0,27.6,HEALTHY,VALID,Routine periodic telemetry reading.
BIN-007,2026-09-18T22:46:30.378747,9.6,13.5,25.2,HEALTHY,VALID,Routine periodic telemetry reading.
BIN-007,2026-09-19T04:46:30.378747,14.0,19.6,28.6,HEALTHY,VALID,Routine periodic telemetry reading.
BIN-007,2026-09-19T10:46:30.378747,17.7,24.8,26.4,HEALTHY,VALID,Routine periodic telemetry reading.
BIN-007,2026-09-19T16:46:30.378747,21.3,29.8,26.4,HEALTHY,VALID,Routine periodic telemetry reading.
BIN-007,2026-09-19T22:46:30.378747,22.9,32.0,26.9,HEALTHY,VALID,Routine periodic telemetry reading.
BIN-007,2026-09-20T04:46:30.378747,26.0,36.4,29.3,HEALTHY,VALID,Routine periodic telemetry reading.
BIN-007,2026-09-20T10:46:30.378747,27.5,38.6,27.5,HEALTHY,VALID,Routine periodic telemetry reading.
BIN-007,2026-09-20T16:46:30.378747,28.7,40.1,30.4,HEALTHY,VALID,Routine periodic telemetry reading.
BIN-007,2026-09-20T22:46:30.378747,30.0,42.1,20.2,HEALTHY,VALID,Routine periodic telemetry reading.
BIN-007,2026-09-21T04:46:30.378747,32.1,45.0,21.7,HEALTHY,VALID,Routine periodic telemetry reading.
BIN-007,2026-09-21T10:46:30.378747,35.6,49.8,24.5,HEALTHY,VALID,Routine periodic telemetry reading.
BIN-007,2026-09-21T16:46:30.378747,39.3,55.0,30.1,HEALTHY,VALID,Routine periodic telemetry reading.
BIN-007,2026-09-21T22:46:30.378747,43.3,60.6,28.1,HEALTHY,VALID,Routine periodic telemetry reading.
BIN-007,2026-09-22T04:46:30.378747,44.5,62.4,21.5,HEALTHY,VALID,Routine periodic telemetry reading.
BIN-007,2026-09-22T10:46:30.378747,46.3,64.8,23.6,HEALTHY,VALID,Routine periodic telemetry reading.
BIN-007,2026-09-22T16:46:30.378747,49.6,69.4,25.8,HEALTHY,VALID,Routine periodic telemetry reading.
BIN-007,2026-09-22T22:46:30.378747,51.7,72.3,21.9,HEALTHY,VALID,Routine periodic telemetry reading.
BIN-007,2026-09-23T04:46:30.378747,55.9,78.2,23.8,HEALTHY,VALID,Routine periodic telemetry reading.
BIN-007,2026-09-23T10:46:30.378747,58.1,81.4,28.5,HEALTHY,VALID,Routine periodic telemetry reading.
BIN-007,2026-09-23T16:46:30.378747,61.6,86.3,27.1,HEALTHY,VALID,Routine periodic telemetry reading.
BIN-007,2026-09-23T22:46:30.378747,65.1,91.1,26.7,HEALTHY,VALID,Routine periodic telemetry reading.
BIN-007,2026-09-24T04:46:30.378747,66.7,93.4,22.7,HEALTHY,VALID,Routine periodic telemetry reading.
BIN-007,2026-09-24T10:46:30.378747,69.7,97.6,22.5,HEALTHY,VALID,Routine periodic telemetry reading.
BIN-007,2026-09-24T16:46:30.378747,74.1,103.7,23.3,HEALTHY,VALID,Routine periodic telemetry reading.
BIN-007,2026-09-24T22:46:30.378747,76.1,106.5,22.3,HEALTHY,VALID,Routine periodic telemetry reading.
BIN-007,2026-09-25T04:46:30.378747,79.6,111.4,23.5,HEALTHY,VALID,Routine periodic telemetry reading.
BIN-007,2026-09-25T10:46:30.378747,81.8,114.5,30.3,HEALTHY,VALID,Routine periodic telemetry reading.
BIN-007,2026-09-25T16:46:30.378747,85.6,119.8,23.0,HEALTHY,VALID,Routine periodic telemetry reading.
BIN-007,2026-09-25T22:46:30.378747,87.0,121.8,27.4,HEALTHY,VALID,Routine periodic telemetry reading.
BIN-007,2026-09-26T04:46:30.378747,5.0,125.1,29.0,HEALTHY,VALID,Routine periodic telemetry reading.
BIN-007,2026-09-26T10:46:30.378747,9.3,13.1,28.9,HEALTHY,VALID,Routine periodic telemetry reading.
BIN-007,2026-09-26T16:46:30.378747,11.4,15.9,23.2,HEALTHY,VALID,Routine periodic telemetry reading.
BIN-007,2026-09-26T22:46:30.378747,14.9,20.8,23.8,HEALTHY,VALID,Routine periodic telemetry reading.
BIN-007,2026-09-27T04:46:30.378747,17.4,24.4,22.8,HEALTHY,VALID,Routine periodic telemetry reading.
BIN-007,2026-09-27T10:46:30.378747,20.1,28.1,22.2,HEALTHY,VALID,Routine periodic telemetry reading.
BIN-007,2026-09-27T16:46:30.378747,23.0,32.2,30.3,HEALTHY,VALID,Routine periodic telemetry reading.
BIN-007,2026-09-27T22:46:30.378747,26.4,37.0,21.5,HEALTHY,VALID,Routine periodic telemetry reading.
BIN-007,2026-09-28T04:46:30.378747,29.6,41.4,26.5,HEALTHY,VALID,Routine periodic telemetry reading.
BIN-007,2026-09-28T10:46:30.378747,31.4,44.0,27.4,HEALTHY,VALID,Routine periodic telemetry reading.
BIN-007,2026-09-28T16:46:30.378747,34.3,48.0,27.0,HEALTHY,VALID,Routine periodic telemetry reading.
BIN-007,2026-09-28T22:46:30.378747,35.4,49.6,24.5,HEALTHY,VALID,Routine periodic telemetry reading.
BIN-007,2026-09-29T04:46:30.378747,39.0,54.5,21.1,HEALTHY,VALID,Routine periodic telemetry reading.
BIN-007,2026-09-29T10:46:30.378747,42.7,59.7,20.1,HEALTHY,VALID,Routine periodic telemetry reading.
BIN-007,2026-09-29T16:46:30.378747,45.6,63.8,30.2,HEALTHY,VALID,Routine periodic telemetry reading.
BIN-007,2026-09-29T22:46:30.378747,48.0,67.2,30.3,HEALTHY,VALID,Routine periodic telemetry reading.
BIN-007,2026-09-30T04:46:30.378747,52.1,72.9,25.3,HEALTHY,VALID,Routine periodic telemetry reading.
BIN-007,2026-09-30T10:46:30.378747,53.8,75.3,30.6,HEALTHY,VALID,Routine periodic telemetry reading.
BIN-007,2026-09-30T16:46:30.378747,55.9,78.3,27.1,HEALTHY,VALID,Routine periodic telemetry reading.
BIN-007,2026-09-30T22:46:30.378747,60.1,84.1,21.0,HEALTHY,VALID,Routine periodic telemetry reading.
BIN-007,2026-10-01T04:46:30.378747,63.1,88.3,25.9,HEALTHY,VALID,Routine periodic telemetry reading.
BIN-007,2026-10-01T10:46:30.378747,66.6,93.3,30.3,HEALTHY,VALID,Routine periodic telemetry reading.
BIN-007,2026-10-01T16:46:30.378747,70.8,99.1,21.9,HEALTHY,VALID,Routine periodic telemetry reading.
BIN-007,2026-10-01T22:46:30.378747,74.9,104.9,21.9,HEALTHY,VALID,Routine periodic telemetry reading.
BIN-007,2026-10-02T04:46:30.378747,79.1,110.8,31.0,HEALTHY,VALID,Routine periodic telemetry reading.
BIN-008,2026-09-12T10:46:30.378747,22.4,31.3,25.4,HEALTHY,VALID,Routine periodic telemetry reading.
BIN-008,2026-09-12T16:46:30.378747,26.7,37.3,30.6,HEALTHY,VALID,Routine periodic telemetry reading.
BIN-008,2026-09-12T22:46:30.378747,30.9,43.3,29.6,HEALTHY,VALID,Routine periodic telemetry reading.
BIN-008,2026-09-13T04:46:30.378747,31.9,44.7,26.2,HEALTHY,VALID,Routine periodic telemetry reading.
BIN-008,2026-09-13T10:46:30.378747,33.3,46.6,30.8,HEALTHY,VALID,Routine periodic telemetry reading.
BIN-008,2026-09-13T16:46:30.378747,35.3,49.4,30.9,HEALTHY,VALID,Routine periodic telemetry reading.
BIN-008,2026-09-13T22:46:30.378747,38.2,53.5,25.4,HEALTHY,VALID,Routine periodic telemetry reading.
BIN-008,2026-09-14T04:46:30.378747,42.5,59.5,29.4,HEALTHY,VALID,Routine periodic telemetry reading.
BIN-008,2026-09-14T10:46:30.378747,45.1,63.2,22.1,HEALTHY,VALID,Routine periodic telemetry reading.
BIN-008,2026-09-14T16:46:30.378747,46.5,65.1,21.8,HEALTHY,VALID,Routine periodic telemetry reading.
BIN-008,2026-09-14T22:46:30.378747,49.1,68.8,22.8,HEALTHY,VALID,Routine periodic telemetry reading.
BIN-008,2026-09-15T04:46:30.378747,50.8,71.1,28.1,HEALTHY,VALID,Routine periodic telemetry reading.
BIN-008,2026-09-15T10:46:30.378747,54.6,76.4,26.2,HEALTHY,VALID,Routine periodic telemetry reading.
BIN-008,2026-09-15T16:46:30.378747,58.2,81.5,21.9,HEALTHY,VALID,Routine periodic telemetry reading.
BIN-008,2026-09-15T22:46:30.378747,62.2,87.1,29.9,HEALTHY,VALID,Routine periodic telemetry reading.
BIN-008,2026-09-16T04:46:30.378747,66.1,92.5,25.7,HEALTHY,VALID,Routine periodic telemetry reading.
BIN-008,2026-09-16T10:46:30.378747,67.4,94.4,27.4,HEALTHY,VALID,Routine periodic telemetry reading.
BIN-008,2026-09-16T16:46:30.378747,69.0,96.7,21.5,HEALTHY,VALID,Routine periodic telemetry reading.
BIN-008,2026-09-16T22:46:30.378747,71.2,99.7,22.7,HEALTHY,VALID,Routine periodic telemetry reading.
BIN-008,2026-09-17T04:46:30.378747,73.1,102.3,22.6,HEALTHY,VALID,Routine periodic telemetry reading.
BIN-008,2026-09-17T10:46:30.378747,76.7,107.4,30.5,HEALTHY,VALID,Routine periodic telemetry reading.
BIN-008,2026-09-17T16:46:30.378747,78.8,110.3,28.0,HEALTHY,VALID,Routine periodic telemetry reading.
BIN-008,2026-09-17T22:46:30.378747,79.8,111.8,27.2,HEALTHY,VALID,Routine periodic telemetry reading.
BIN-008,2026-09-18T04:46:30.378747,83.3,116.6,20.7,HEALTHY,VALID,Routine periodic telemetry reading.
BIN-008,2026-09-18T10:46:30.378747,84.7,118.5,23.4,HEALTHY,VALID,Routine periodic telemetry reading.
BIN-008,2026-09-18T16:46:30.378747,87.1,121.9,25.5,HEALTHY,VALID,Routine periodic telemetry reading.
BIN-008,2026-09-18T22:46:30.378747,5.0,127.7,23.4,HEALTHY,VALID,Routine periodic telemetry reading.
BIN-008,2026-09-19T04:46:30.378747,6.4,9.0,30.1,HEALTHY,VALID,Routine periodic telemetry reading.
BIN-008,2026-09-19T10:46:30.378747,8.4,11.8,26.8,HEALTHY,VALID,Routine periodic telemetry reading.
BIN-008,2026-09-19T16:46:30.378747,10.2,14.3,21.5,HEALTHY,VALID,Routine periodic telemetry reading.
BIN-008,2026-09-19T22:46:30.378747,11.7,16.4,28.2,HEALTHY,VALID,Routine periodic telemetry reading.
BIN-008,2026-09-20T04:46:30.378747,14.9,20.8,24.6,HEALTHY,VALID,Routine periodic telemetry reading.
BIN-008,2026-09-20T10:46:30.378747,17.8,24.9,25.2,HEALTHY,VALID,Routine periodic telemetry reading.
BIN-008,2026-09-20T16:46:30.378747,20.7,28.9,27.3,HEALTHY,VALID,Routine periodic telemetry reading.
BIN-008,2026-09-20T22:46:30.378747,22.4,31.4,22.7,HEALTHY,VALID,Routine periodic telemetry reading.
BIN-008,2026-09-21T04:46:30.378747,26.1,36.5,29.6,HEALTHY,VALID,Routine periodic telemetry reading.
BIN-008,2026-09-21T10:46:30.378747,27.4,38.3,24.9,HEALTHY,VALID,Routine periodic telemetry reading.
BIN-008,2026-09-21T16:46:30.378747,30.8,43.2,20.9,HEALTHY,VALID,Routine periodic telemetry reading.
BIN-008,2026-09-21T22:46:30.378747,33.8,47.3,20.7,HEALTHY,VALID,Routine periodic telemetry reading.
BIN-008,2026-09-22T04:46:30.378747,36.7,51.4,25.6,HEALTHY,VALID,Routine periodic telemetry reading.
BIN-008,2026-09-22T10:46:30.378747,39.7,55.6,21.6,HEALTHY,VALID,Routine periodic telemetry reading.
BIN-008,2026-09-22T16:46:30.378747,41.9,58.6,25.7,HEALTHY,VALID,Routine periodic telemetry reading.
BIN-008,2026-09-22T22:46:30.378747,43.3,60.6,22.3,HEALTHY,VALID,Routine periodic telemetry reading.
BIN-008,2026-09-23T04:46:30.378747,46.3,64.8,21.0,HEALTHY,VALID,Routine periodic telemetry reading.
BIN-008,2026-09-23T10:46:30.378747,49.1,68.7,28.9,HEALTHY,VALID,Routine periodic telemetry reading.
BIN-008,2026-09-23T16:46:30.378747,51.7,72.4,25.6,HEALTHY,VALID,Routine periodic telemetry reading.
BIN-008,2026-09-23T22:46:30.378747,54.3,76.0,20.6,HEALTHY,VALID,Routine periodic telemetry reading.
BIN-008,2026-09-24T04:46:30.378747,56.9,79.7,28.9,HEALTHY,VALID,Routine periodic telemetry reading.
BIN-008,2026-09-24T10:46:30.378747,60.4,84.6,24.4,HEALTHY,VALID,Routine periodic telemetry reading.
BIN-008,2026-09-24T16:46:30.378747,64.3,90.0,28.2,HEALTHY,VALID,Routine periodic telemetry reading.
BIN-008,2026-09-24T22:46:30.378747,67.3,94.3,20.5,HEALTHY,VALID,Routine periodic telemetry reading.
BIN-008,2026-09-25T04:46:30.378747,69.5,97.3,20.7,HEALTHY,VALID,Routine periodic telemetry reading.
BIN-008,2026-09-25T10:46:30.378747,74.0,103.6,30.3,HEALTHY,VALID,Routine periodic telemetry reading.
BIN-008,2026-09-25T16:46:30.378747,75.2,105.3,30.3,HEALTHY,VALID,Routine periodic telemetry reading.
BIN-008,2026-09-25T22:46:30.378747,76.4,106.9,24.5,HEALTHY,VALID,Routine periodic telemetry reading.
BIN-008,2026-09-26T04:46:30.378747,80.1,112.1,28.4,HEALTHY,VALID,Routine periodic telemetry reading.
BIN-008,2026-09-26T10:46:30.378747,84.5,118.3,27.1,HEALTHY,VALID,Routine periodic telemetry reading.
BIN-008,2026-09-26T16:46:30.378747,86.9,121.7,30.9,HEALTHY,VALID,Routine periodic telemetry reading.
BIN-008,2026-09-26T22:46:30.378747,5.0,125.0,30.0,HEALTHY,VALID,Routine periodic telemetry reading.
BIN-008,2026-09-27T04:46:30.378747,7.3,10.2,27.5,HEALTHY,VALID,Routine periodic telemetry reading.
BIN-008,2026-09-27T10:46:30.378747,10.6,14.9,25.9,HEALTHY,VALID,Routine periodic telemetry reading.
BIN-008,2026-09-27T16:46:30.378747,13.9,19.5,23.8,HEALTHY,VALID,Routine periodic telemetry reading.
BIN-008,2026-09-27T22:46:30.378747,15.5,21.8,25.9,HEALTHY,VALID,Routine periodic telemetry reading.
BIN-008,2026-09-28T04:46:30.378747,18.4,25.8,28.0,HEALTHY,VALID,Routine periodic telemetry reading.
BIN-008,2026-09-28T10:46:30.378747,20.2,28.2,20.0,HEALTHY,VALID,Routine periodic telemetry reading.
BIN-008,2026-09-28T16:46:30.378747,21.3,29.8,23.3,HEALTHY,VALID,Routine periodic telemetry reading.
BIN-008,2026-09-28T22:46:30.378747,24.6,34.5,26.0,HEALTHY,VALID,Routine periodic telemetry reading.
BIN-008,2026-09-29T04:46:30.378747,27.5,38.5,29.1,HEALTHY,VALID,Routine periodic telemetry reading.
BIN-008,2026-09-29T10:46:30.378747,29.3,41.1,23.8,HEALTHY,VALID,Routine periodic telemetry reading.
BIN-008,2026-09-29T16:46:30.378747,31.3,43.8,30.3,HEALTHY,VALID,Routine periodic telemetry reading.
BIN-008,2026-09-29T22:46:30.378747,34.8,48.8,21.2,HEALTHY,VALID,Routine periodic telemetry reading.
BIN-008,2026-09-30T04:46:30.378747,38.7,54.1,24.6,HEALTHY,VALID,Routine periodic telemetry reading.
BIN-008,2026-09-30T10:46:30.378747,42.4,59.3,29.7,HEALTHY,VALID,Routine periodic telemetry reading.
BIN-008,2026-09-30T16:46:30.378747,43.4,60.8,22.3,HEALTHY,VALID,Routine periodic telemetry reading.
BIN-008,2026-09-30T22:46:30.378747,44.8,62.7,20.4,HEALTHY,VALID,Routine periodic telemetry reading.
BIN-008,2026-10-01T04:46:30.378747,47.9,67.0,27.7,HEALTHY,VALID,Routine periodic telemetry reading.
BIN-008,2026-10-01T10:46:30.378747,49.0,68.6,28.1,HEALTHY,VALID,Routine periodic telemetry reading.
BIN-008,2026-10-01T16:46:30.378747,51.4,72.0,22.6,HEALTHY,VALID,Routine periodic telemetry reading.
BIN-008,2026-10-01T22:46:30.378747,53.2,74.5,29.5,HEALTHY,VALID,Routine periodic telemetry reading.
BIN-008,2026-10-02T04:46:30.378747,54.4,76.1,25.5,HEALTHY,VALID,Routine periodic telemetry reading.
BIN-009,2026-09-12T10:46:30.378747,22.0,52.8,29.0,HEALTHY,VALID,Routine periodic telemetry reading.
BIN-009,2026-09-12T16:46:30.378747,25.6,61.4,23.5,HEALTHY,VALID,Routine periodic telemetry reading.
BIN-009,2026-09-12T22:46:30.378747,28.7,68.8,27.4,HEALTHY,VALID,Routine periodic telemetry reading.
BIN-009,2026-09-13T04:46:30.378747,30.8,73.9,23.3,HEALTHY,VALID,Routine periodic telemetry reading.
BIN-009,2026-09-13T10:46:30.378747,32.3,77.5,27.3,HEALTHY,VALID,Routine periodic telemetry reading.
BIN-009,2026-09-13T16:46:30.378747,34.1,81.8,23.3,HEALTHY,VALID,Routine periodic telemetry reading.
BIN-009,2026-09-13T22:46:30.378747,35.3,84.7,30.4,HEALTHY,VALID,Routine periodic telemetry reading.
BIN-009,2026-09-14T04:46:30.378747,39.4,94.5,30.0,HEALTHY,VALID,Routine periodic telemetry reading.
BIN-009,2026-09-14T10:46:30.378747,42.5,102.1,24.7,HEALTHY,VALID,Routine periodic telemetry reading.
BIN-009,2026-09-14T16:46:30.378747,45.3,108.7,30.7,HEALTHY,VALID,Routine periodic telemetry reading.
BIN-009,2026-09-14T22:46:30.378747,49.6,119.0,27.4,HEALTHY,VALID,Routine periodic telemetry reading.
BIN-009,2026-09-15T04:46:30.378747,53.3,128.0,23.5,HEALTHY,VALID,Routine periodic telemetry reading.
BIN-009,2026-09-15T10:46:30.378747,55.8,133.9,21.6,HEALTHY,VALID,Routine periodic telemetry reading.
BIN-009,2026-09-15T16:46:30.378747,58.1,139.4,28.3,HEALTHY,VALID,Routine periodic telemetry reading.
BIN-009,2026-09-15T22:46:30.378747,60.8,145.8,29.3,HEALTHY,VALID,Routine periodic telemetry reading.
BIN-009,2026-09-16T04:46:30.378747,62.8,150.7,27.8,HEALTHY,VALID,Routine periodic telemetry reading.
BIN-009,2026-09-16T10:46:30.378747,66.6,159.9,30.1,HEALTHY,VALID,Routine periodic telemetry reading.
BIN-009,2026-09-16T16:46:30.378747,69.6,167.0,30.6,HEALTHY,VALID,Routine periodic telemetry reading.
BIN-009,2026-09-16T22:46:30.378747,72.6,174.1,21.5,HEALTHY,VALID,Routine periodic telemetry reading.
BIN-009,2026-09-17T04:46:30.378747,74.4,178.6,22.2,HEALTHY,VALID,Routine periodic telemetry reading.
BIN-009,2026-09-17T10:46:30.378747,77.7,186.4,30.1,HEALTHY,VALID,Routine periodic telemetry reading.
BIN-009,2026-09-17T16:46:30.378747,81.6,195.9,21.0,HEALTHY,VALID,Routine periodic telemetry reading.
BIN-009,2026-09-17T22:46:30.378747,85.2,204.4,22.1,HEALTHY,VALID,Routine periodic telemetry reading.
BIN-009,2026-09-18T04:46:30.378747,87.1,209.1,27.4,HEALTHY,VALID,Routine periodic telemetry reading.
BIN-009,2026-09-18T10:46:30.378747,5.0,216.5,22.1,HEALTHY,VALID,Routine periodic telemetry reading.
BIN-009,2026-09-18T16:46:30.378747,8.7,20.8,28.0,HEALTHY,VALID,Routine periodic telemetry reading.
BIN-009,2026-09-18T22:46:30.378747,11.6,27.9,25.3,HEALTHY,VALID,Routine periodic telemetry reading.
BIN-009,2026-09-19T04:46:30.378747,15.7,37.6,23.7,HEALTHY,VALID,Routine periodic telemetry reading.
BIN-009,2026-09-19T10:46:30.378747,20.0,48.0,20.2,HEALTHY,VALID,Routine periodic telemetry reading.
BIN-009,2026-09-19T16:46:30.378747,24.3,58.3,30.6,HEALTHY,VALID,Routine periodic telemetry reading.
BIN-009,2026-09-19T22:46:30.378747,25.7,61.7,31.0,HEALTHY,VALID,Routine periodic telemetry reading.
BIN-009,2026-09-20T04:46:30.378747,28.4,68.1,22.7,HEALTHY,VALID,Routine periodic telemetry reading.
BIN-009,2026-09-20T10:46:30.378747,31.5,75.6,22.2,HEALTHY,VALID,Routine periodic telemetry reading.
BIN-009,2026-09-20T16:46:30.378747,35.7,85.7,26.1,HEALTHY,VALID,Routine periodic telemetry reading.
BIN-009,2026-09-20T22:46:30.378747,39.4,94.6,24.2,HEALTHY,VALID,Routine periodic telemetry reading.
BIN-009,2026-09-21T04:46:30.378747,42.3,101.5,24.0,HEALTHY,VALID,Routine periodic telemetry reading.
BIN-009,2026-09-21T10:46:30.378747,44.2,106.1,25.6,HEALTHY,VALID,Routine periodic telemetry reading.
BIN-009,2026-09-21T16:46:30.378747,46.9,112.7,21.1,HEALTHY,VALID,Routine periodic telemetry reading.
BIN-009,2026-09-21T22:46:30.378747,51.4,123.3,25.2,HEALTHY,VALID,Routine periodic telemetry reading.
BIN-009,2026-09-22T04:46:30.378747,55.3,132.7,30.1,HEALTHY,VALID,Routine periodic telemetry reading.
BIN-009,2026-09-22T10:46:30.378747,57.6,138.3,24.6,HEALTHY,VALID,Routine periodic telemetry reading.
BIN-009,2026-09-22T16:46:30.378747,60.6,145.4,22.4,HEALTHY,VALID,Routine periodic telemetry reading.
BIN-009,2026-09-22T22:46:30.378747,62.1,149.0,22.9,HEALTHY,VALID,Routine periodic telemetry reading.
BIN-009,2026-09-23T04:46:30.378747,66.4,159.3,26.4,HEALTHY,VALID,Routine periodic telemetry reading.
BIN-009,2026-09-23T10:46:30.378747,68.8,165.2,21.7,HEALTHY,VALID,Routine periodic telemetry reading.
BIN-009,2026-09-23T16:46:30.378747,71.0,170.3,24.2,HEALTHY,VALID,Routine periodic telemetry reading.
BIN-009,2026-09-23T22:46:30.378747,74.9,179.7,25.5,HEALTHY,VALID,Routine periodic telemetry reading.
BIN-009,2026-09-24T04:46:30.378747,78.2,187.6,27.5,HEALTHY,VALID,Routine periodic telemetry reading.
BIN-009,2026-09-24T10:46:30.378747,80.1,192.2,29.0,HEALTHY,VALID,Routine periodic telemetry reading.
BIN-009,2026-09-24T16:46:30.378747,84.5,202.7,27.1,HEALTHY,VALID,Routine periodic telemetry reading.
BIN-009,2026-09-24T22:46:30.378747,87.2,209.2,21.9,HEALTHY,VALID,Routine periodic telemetry reading.
BIN-009,2026-09-25T04:46:30.378747,91.0,218.3,27.9,HEALTHY,VALID,Routine periodic telemetry reading.
BIN-009,2026-09-25T10:46:30.378747,5.0,224.8,26.0,HEALTHY,VALID,Routine periodic telemetry reading.
BIN-009,2026-09-25T16:46:30.378747,8.2,19.8,20.6,HEALTHY,VALID,Routine periodic telemetry reading.
BIN-009,2026-09-25T22:46:30.378747,9.4,22.5,29.3,HEALTHY,VALID,Routine periodic telemetry reading.
BIN-009,2026-09-26T04:46:30.378747,13.7,32.8,27.4,HEALTHY,VALID,Routine periodic telemetry reading.
BIN-009,2026-09-26T10:46:30.378747,17.3,41.6,24.5,HEALTHY,VALID,Routine periodic telemetry reading.
BIN-009,2026-09-26T16:46:30.378747,21.3,51.1,22.5,HEALTHY,VALID,Routine periodic telemetry reading.
BIN-009,2026-09-26T22:46:30.378747,24.8,59.5,20.1,HEALTHY,VALID,Routine periodic telemetry reading.
BIN-009,2026-09-27T04:46:30.378747,27.5,66.1,24.1,HEALTHY,VALID,Routine periodic telemetry reading.
BIN-009,2026-09-27T10:46:30.378747,30.7,73.7,27.3,HEALTHY,VALID,Routine periodic telemetry reading.
BIN-009,2026-09-27T16:46:30.378747,33.9,81.3,25.3,HEALTHY,VALID,Routine periodic telemetry reading.
BIN-009,2026-09-27T22:46:30.378747,36.6,87.8,20.1,HEALTHY,VALID,Routine periodic telemetry reading.
BIN-009,2026-09-28T04:46:30.378747,39.5,94.8,20.1,HEALTHY,VALID,Routine periodic telemetry reading.
BIN-009,2026-09-28T10:46:30.378747,42.4,101.6,23.0,HEALTHY,VALID,Routine periodic telemetry reading.
BIN-009,2026-09-28T16:46:30.378747,46.8,112.3,20.2,HEALTHY,VALID,Routine periodic telemetry reading.
BIN-009,2026-09-28T22:46:30.378747,50.6,121.5,27.4,HEALTHY,VALID,Routine periodic telemetry reading.
BIN-009,2026-09-29T04:46:30.378747,54.4,130.7,30.0,HEALTHY,VALID,Routine periodic telemetry reading.
BIN-009,2026-09-29T10:46:30.378747,55.8,134.0,21.1,HEALTHY,VALID,Routine periodic telemetry reading.
BIN-009,2026-09-29T16:46:30.378747,57.3,137.6,22.1,HEALTHY,VALID,Routine periodic telemetry reading.
BIN-009,2026-09-29T22:46:30.378747,60.2,144.4,29.0,HEALTHY,VALID,Routine periodic telemetry reading.
BIN-009,2026-09-30T04:46:30.378747,62.1,149.1,24.4,HEALTHY,VALID,Routine periodic telemetry reading.
BIN-009,2026-09-30T10:46:30.378747,64.4,154.6,24.5,HEALTHY,VALID,Routine periodic telemetry reading.
BIN-009,2026-09-30T16:46:30.378747,67.4,161.8,30.9,HEALTHY,VALID,Routine periodic telemetry reading.
BIN-009,2026-09-30T22:46:30.378747,69.2,166.1,27.5,HEALTHY,VALID,Routine periodic telemetry reading.
BIN-009,2026-10-01T04:46:30.378747,73.2,175.6,27.2,HEALTHY,VALID,Routine periodic telemetry reading.
BIN-009,2026-10-01T10:46:30.378747,77.2,185.2,28.4,HEALTHY,VALID,Routine periodic telemetry reading.
BIN-009,2026-10-01T16:46:30.378747,78.5,188.4,24.2,HEALTHY,VALID,Routine periodic telemetry reading.
BIN-009,2026-10-01T22:46:30.378747,81.4,195.4,20.6,HEALTHY,VALID,Routine periodic telemetry reading.
BIN-009,2026-10-02T04:46:30.378747,82.5,197.9,21.9,HEALTHY,VALID,Routine periodic telemetry reading.
BIN-011,2026-09-12T10:46:30.378747,22.7,31.8,24.8,HEALTHY,VALID,Routine periodic telemetry reading.
BIN-011,2026-09-12T16:46:30.378747,26.5,37.1,26.2,HEALTHY,VALID,Routine periodic telemetry reading.
BIN-011,2026-09-12T22:46:30.378747,30.5,42.7,21.0,HEALTHY,VALID,Routine periodic telemetry reading.
BIN-011,2026-09-13T04:46:30.378747,33.3,46.7,20.5,HEALTHY,VALID,Routine periodic telemetry reading.
BIN-011,2026-09-13T10:46:30.378747,35.1,49.1,29.5,HEALTHY,VALID,Routine periodic telemetry reading.
BIN-011,2026-09-13T16:46:30.378747,39.2,54.9,25.2,HEALTHY,VALID,Routine periodic telemetry reading.
BIN-011,2026-09-13T22:46:30.378747,40.4,56.5,20.8,HEALTHY,VALID,Routine periodic telemetry reading.
BIN-011,2026-09-14T04:46:30.378747,44.6,62.4,29.9,HEALTHY,VALID,Routine periodic telemetry reading.
BIN-011,2026-09-14T10:46:30.378747,47.6,66.6,20.4,HEALTHY,VALID,Routine periodic telemetry reading.
BIN-011,2026-09-14T16:46:30.378747,51.8,72.5,23.5,HEALTHY,VALID,Routine periodic telemetry reading.
BIN-011,2026-09-14T22:46:30.378747,56.2,78.7,26.5,HEALTHY,VALID,Routine periodic telemetry reading.
BIN-011,2026-09-15T04:46:30.378747,59.8,83.7,27.8,HEALTHY,VALID,Routine periodic telemetry reading.
BIN-011,2026-09-15T10:46:30.378747,62.2,87.1,20.8,HEALTHY,VALID,Routine periodic telemetry reading.
BIN-011,2026-09-15T16:46:30.378747,63.8,89.3,22.6,HEALTHY,VALID,Routine periodic telemetry reading.
BIN-011,2026-09-15T22:46:30.378747,67.7,94.8,24.3,HEALTHY,VALID,Routine periodic telemetry reading.
BIN-011,2026-09-16T04:46:30.378747,71.8,100.6,23.6,HEALTHY,VALID,Routine periodic telemetry reading.
BIN-011,2026-09-16T10:46:30.378747,75.5,105.7,21.5,HEALTHY,VALID,Routine periodic telemetry reading.
BIN-011,2026-09-16T16:46:30.378747,79.9,111.9,28.0,HEALTHY,VALID,Routine periodic telemetry reading.
BIN-011,2026-09-16T22:46:30.378747,82.7,115.8,30.7,HEALTHY,VALID,Routine periodic telemetry reading.
BIN-011,2026-09-17T04:46:30.378747,83.9,117.4,24.8,HEALTHY,VALID,Routine periodic telemetry reading.
BIN-011,2026-09-17T10:46:30.378747,87.8,122.9,23.7,HEALTHY,VALID,Routine periodic telemetry reading.
BIN-011,2026-09-17T16:46:30.378747,5.0,128.1,24.4,HEALTHY,VALID,Routine periodic telemetry reading.
BIN-011,2026-09-17T22:46:30.378747,8.7,12.2,20.3,HEALTHY,VALID,Routine periodic telemetry reading.
BIN-011,2026-09-18T04:46:30.378747,10.7,14.9,30.9,HEALTHY,VALID,Routine periodic telemetry reading.
BIN-011,2026-09-18T10:46:30.378747,13.4,18.7,23.9,HEALTHY,VALID,Routine periodic telemetry reading.
BIN-011,2026-09-18T16:46:30.378747,17.7,24.7,24.8,HEALTHY,VALID,Routine periodic telemetry reading.
BIN-011,2026-09-18T22:46:30.378747,21.1,29.5,27.3,HEALTHY,VALID,Routine periodic telemetry reading.
BIN-011,2026-09-19T04:46:30.378747,22.4,31.3,26.8,HEALTHY,VALID,Routine periodic telemetry reading.
BIN-011,2026-09-19T10:46:30.378747,26.1,36.6,27.8,HEALTHY,VALID,Routine periodic telemetry reading.
BIN-011,2026-09-19T16:46:30.378747,27.4,38.4,21.7,HEALTHY,VALID,Routine periodic telemetry reading.
BIN-011,2026-09-19T22:46:30.378747,30.9,43.3,27.0,HEALTHY,VALID,Routine periodic telemetry reading.
BIN-011,2026-09-20T04:46:30.378747,34.5,48.3,23.5,HEALTHY,VALID,Routine periodic telemetry reading.
BIN-011,2026-09-20T10:46:30.378747,35.9,50.2,20.1,HEALTHY,VALID,Routine periodic telemetry reading.
BIN-011,2026-09-20T16:46:30.378747,38.0,53.2,24.0,HEALTHY,VALID,Routine periodic telemetry reading.
BIN-011,2026-09-20T22:46:30.378747,39.9,55.9,21.5,HEALTHY,VALID,Routine periodic telemetry reading.
BIN-011,2026-09-21T04:46:30.378747,41.6,58.2,24.9,HEALTHY,VALID,Routine periodic telemetry reading.
BIN-011,2026-09-21T10:46:30.378747,44.5,62.3,24.5,HEALTHY,VALID,Routine periodic telemetry reading.
BIN-011,2026-09-21T16:46:30.378747,45.6,63.8,23.9,HEALTHY,VALID,Routine periodic telemetry reading.
BIN-011,2026-09-21T22:46:30.378747,46.9,65.7,26.6,HEALTHY,VALID,Routine periodic telemetry reading.
BIN-011,2026-09-22T04:46:30.378747,49.1,68.7,24.2,HEALTHY,VALID,Routine periodic telemetry reading.
BIN-011,2026-09-22T10:46:30.378747,51.1,71.5,24.3,HEALTHY,VALID,Routine periodic telemetry reading.
BIN-011,2026-09-22T16:46:30.378747,52.4,73.3,29.9,HEALTHY,VALID,Routine periodic telemetry reading.
BIN-011,2026-09-22T22:46:30.378747,56.5,79.2,30.8,HEALTHY,VALID,Routine periodic telemetry reading.
BIN-011,2026-09-23T04:46:30.378747,59.5,83.4,21.9,HEALTHY,VALID,Routine periodic telemetry reading.
BIN-011,2026-09-23T10:46:30.378747,61.9,86.6,21.5,HEALTHY,VALID,Routine periodic telemetry reading.
BIN-011,2026-09-23T16:46:30.378747,63.9,89.5,25.4,HEALTHY,VALID,Routine periodic telemetry reading.
BIN-011,2026-09-23T22:46:30.378747,65.2,91.2,24.8,HEALTHY,VALID,Routine periodic telemetry reading.
BIN-011,2026-09-24T04:46:30.378747,67.6,94.7,25.3,HEALTHY,VALID,Routine periodic telemetry reading.
BIN-011,2026-09-24T10:46:30.378747,68.9,96.5,22.8,HEALTHY,VALID,Routine periodic telemetry reading.
BIN-011,2026-09-24T16:46:30.378747,70.8,99.1,26.9,HEALTHY,VALID,Routine periodic telemetry reading.
BIN-011,2026-09-24T22:46:30.378747,73.8,103.4,22.2,HEALTHY,VALID,Routine periodic telemetry reading.
BIN-011,2026-09-25T04:46:30.378747,75.2,105.3,23.4,HEALTHY,VALID,Routine periodic telemetry reading.
BIN-011,2026-09-25T10:46:30.378747,79.5,111.4,23.7,HEALTHY,VALID,Routine periodic telemetry reading.
BIN-011,2026-09-25T16:46:30.378747,82.7,115.8,28.8,HEALTHY,VALID,Routine periodic telemetry reading.
BIN-011,2026-09-25T22:46:30.378747,84.9,118.8,23.7,HEALTHY,VALID,Routine periodic telemetry reading.
BIN-011,2026-09-26T04:46:30.378747,5.0,124.2,30.7,HEALTHY,VALID,Routine periodic telemetry reading.
BIN-011,2026-09-26T10:46:30.378747,6.5,9.1,23.5,HEALTHY,VALID,Routine periodic telemetry reading.
BIN-011,2026-09-26T16:46:30.378747,10.8,15.1,22.2,HEALTHY,VALID,Routine periodic telemetry reading.
BIN-011,2026-09-26T22:46:30.378747,12.9,18.0,30.6,HEALTHY,VALID,Routine periodic telemetry reading.
BIN-011,2026-09-27T04:46:30.378747,17.3,24.2,23.2,HEALTHY,VALID,Routine periodic telemetry reading.
BIN-011,2026-09-27T10:46:30.378747,20.7,29.0,25.4,HEALTHY,VALID,Routine periodic telemetry reading.
BIN-011,2026-09-27T16:46:30.378747,23.7,33.2,22.7,HEALTHY,VALID,Routine periodic telemetry reading.
BIN-011,2026-09-27T22:46:30.378747,26.0,36.5,29.0,HEALTHY,VALID,Routine periodic telemetry reading.
BIN-011,2026-09-28T04:46:30.378747,28.4,39.8,21.3,HEALTHY,VALID,Routine periodic telemetry reading.
BIN-011,2026-09-28T10:46:30.378747,31.4,44.0,26.5,HEALTHY,VALID,Routine periodic telemetry reading.
BIN-011,2026-09-28T16:46:30.378747,34.3,48.0,27.5,HEALTHY,VALID,Routine periodic telemetry reading.
BIN-011,2026-09-28T22:46:30.378747,37.2,52.1,30.5,HEALTHY,VALID,Routine periodic telemetry reading.
BIN-011,2026-09-29T04:46:30.378747,39.8,55.8,27.8,HEALTHY,VALID,Routine periodic telemetry reading.
BIN-011,2026-09-29T10:46:30.378747,42.4,59.3,23.2,HEALTHY,VALID,Routine periodic telemetry reading.
BIN-011,2026-09-29T16:46:30.378747,45.8,64.1,29.0,HEALTHY,VALID,Routine periodic telemetry reading.
BIN-011,2026-09-29T22:46:30.378747,49.6,69.4,24.5,HEALTHY,VALID,Routine periodic telemetry reading.
BIN-011,2026-09-30T04:46:30.378747,52.3,73.3,27.0,HEALTHY,VALID,Routine periodic telemetry reading.
BIN-011,2026-09-30T10:46:30.378747,54.2,75.9,27.2,HEALTHY,VALID,Routine periodic telemetry reading.
BIN-011,2026-09-30T16:46:30.378747,57.7,80.8,28.7,HEALTHY,VALID,Routine periodic telemetry reading.
BIN-011,2026-09-30T22:46:30.378747,58.9,82.5,30.9,HEALTHY,VALID,Routine periodic telemetry reading.
BIN-011,2026-10-01T04:46:30.378747,61.6,86.3,24.4,HEALTHY,VALID,Routine periodic telemetry reading.
BIN-011,2026-10-01T10:46:30.378747,64.4,90.2,30.1,HEALTHY,VALID,Routine periodic telemetry reading.
BIN-011,2026-10-01T16:46:30.378747,67.8,94.9,26.0,HEALTHY,VALID,Routine periodic telemetry reading.
BIN-011,2026-10-01T22:46:30.378747,71.6,100.2,24.0,HEALTHY,VALID,Routine periodic telemetry reading.
BIN-011,2026-10-02T04:46:30.378747,75.7,106.0,25.9,HEALTHY,VALID,Routine periodic telemetry reading.
BIN-012,2026-09-12T10:46:30.378747,23.2,55.8,20.9,HEALTHY,VALID,Routine periodic telemetry reading.
BIN-012,2026-09-12T16:46:30.378747,26.9,64.6,27.2,HEALTHY,VALID,Routine periodic telemetry reading.
BIN-012,2026-09-12T22:46:30.378747,29.2,70.0,27.1,HEALTHY,VALID,Routine periodic telemetry reading.
BIN-012,2026-09-13T04:46:30.378747,30.3,72.8,30.8,HEALTHY,VALID,Routine periodic telemetry reading.
BIN-012,2026-09-13T10:46:30.378747,33.7,80.9,24.4,HEALTHY,VALID,Routine periodic telemetry reading.
BIN-012,2026-09-13T16:46:30.378747,37.3,89.6,30.6,HEALTHY,VALID,Routine periodic telemetry reading.
BIN-012,2026-09-13T22:46:30.378747,39.8,95.6,20.1,HEALTHY,VALID,Routine periodic telemetry reading.
BIN-012,2026-09-14T04:46:30.378747,41.7,100.2,25.6,HEALTHY,VALID,Routine periodic telemetry reading.
BIN-012,2026-09-14T10:46:30.378747,44.6,106.9,26.4,HEALTHY,VALID,Routine periodic telemetry reading.
BIN-012,2026-09-14T16:46:30.378747,47.6,114.2,24.9,HEALTHY,VALID,Routine periodic telemetry reading.
BIN-012,2026-09-14T22:46:30.378747,49.9,119.9,28.5,HEALTHY,VALID,Routine periodic telemetry reading.
BIN-012,2026-09-15T04:46:30.378747,53.0,127.2,25.5,HEALTHY,VALID,Routine periodic telemetry reading.
BIN-012,2026-09-15T10:46:30.378747,55.2,132.5,20.3,HEALTHY,VALID,Routine periodic telemetry reading.
BIN-012,2026-09-15T16:46:30.378747,56.6,135.8,24.6,HEALTHY,VALID,Routine periodic telemetry reading.
BIN-012,2026-09-15T22:46:30.378747,60.9,146.3,21.3,HEALTHY,VALID,Routine periodic telemetry reading.
BIN-012,2026-09-16T04:46:30.378747,65.2,156.6,21.6,HEALTHY,VALID,Routine periodic telemetry reading.
BIN-012,2026-09-16T10:46:30.378747,67.3,161.6,25.0,HEALTHY,VALID,Routine periodic telemetry reading.
BIN-012,2026-09-16T16:46:30.378747,69.0,165.7,25.3,HEALTHY,VALID,Routine periodic telemetry reading.
BIN-012,2026-09-16T22:46:30.378747,71.7,172.1,24.8,HEALTHY,VALID,Routine periodic telemetry reading.
BIN-012,2026-09-17T04:46:30.378747,75.2,180.4,23.5,HEALTHY,VALID,Routine periodic telemetry reading.
BIN-012,2026-09-17T10:46:30.378747,77.2,185.3,28.9,HEALTHY,VALID,Routine periodic telemetry reading.
BIN-012,2026-09-17T16:46:30.378747,78.6,188.7,29.3,HEALTHY,VALID,Routine periodic telemetry reading.
BIN-012,2026-09-17T22:46:30.378747,81.9,196.5,27.4,HEALTHY,VALID,Routine periodic telemetry reading.
BIN-012,2026-09-18T04:46:30.378747,83.4,200.3,30.8,HEALTHY,VALID,Routine periodic telemetry reading.
BIN-012,2026-09-18T10:46:30.378747,85.3,204.7,21.9,HEALTHY,VALID,Routine periodic telemetry reading.
BIN-012,2026-09-18T16:46:30.378747,86.9,208.5,26.2,HEALTHY,VALID,Routine periodic telemetry reading.
BIN-012,2026-09-18T22:46:30.378747,91.2,218.9,24.5,HEALTHY,VALID,Routine periodic telemetry reading.
BIN-012,2026-09-19T04:46:30.378747,5.0,222.9,24.8,HEALTHY,VALID,Routine periodic telemetry reading.
BIN-012,2026-09-19T10:46:30.378747,6.1,14.6,26.8,HEALTHY,VALID,Routine periodic telemetry reading.
BIN-012,2026-09-19T16:46:30.378747,7.8,18.7,26.5,HEALTHY,VALID,Routine periodic telemetry reading.
BIN-012,2026-09-19T22:46:30.378747,10.2,24.4,27.8,HEALTHY,VALID,Routine periodic telemetry reading.
BIN-012,2026-09-20T04:46:30.378747,11.9,28.5,28.3,HEALTHY,VALID,Routine periodic telemetry reading.
BIN-012,2026-09-20T10:46:30.378747,15.7,37.7,20.7,HEALTHY,VALID,Routine periodic telemetry reading.
BIN-012,2026-09-20T16:46:30.378747,17.1,40.9,29.6,HEALTHY,VALID,Routine periodic telemetry reading.
BIN-012,2026-09-20T22:46:30.378747,18.7,44.9,23.6,HEALTHY,VALID,Routine periodic telemetry reading.
BIN-012,2026-09-21T04:46:30.378747,21.3,51.2,22.9,HEALTHY,VALID,Routine periodic telemetry reading.
BIN-012,2026-09-21T10:46:30.378747,25.3,60.8,25.8,HEALTHY,VALID,Routine periodic telemetry reading.
BIN-012,2026-09-21T16:46:30.378747,28.6,68.6,26.6,HEALTHY,VALID,Routine periodic telemetry reading.
BIN-012,2026-09-21T22:46:30.378747,31.7,76.1,26.5,HEALTHY,VALID,Routine periodic telemetry reading.
BIN-012,2026-09-22T04:46:30.378747,33.9,81.4,29.3,HEALTHY,VALID,Routine periodic telemetry reading.
BIN-012,2026-09-22T10:46:30.378747,37.1,89.0,29.0,HEALTHY,VALID,Routine periodic telemetry reading.
BIN-012,2026-09-22T16:46:30.378747,40.6,97.3,23.3,HEALTHY,VALID,Routine periodic telemetry reading.
BIN-012,2026-09-22T22:46:30.378747,43.7,104.9,20.9,HEALTHY,VALID,Routine periodic telemetry reading.
BIN-012,2026-09-23T04:46:30.378747,45.2,108.4,21.3,HEALTHY,VALID,Routine periodic telemetry reading.
BIN-012,2026-09-23T10:46:30.378747,47.2,113.4,22.0,HEALTHY,VALID,Routine periodic telemetry reading.
BIN-012,2026-09-23T16:46:30.378747,50.7,121.6,25.6,HEALTHY,VALID,Routine periodic telemetry reading.
BIN-012,2026-09-23T22:46:30.378747,53.1,127.5,21.5,HEALTHY,VALID,Routine periodic telemetry reading.
BIN-012,2026-09-24T04:46:30.378747,55.5,133.2,22.0,HEALTHY,VALID,Routine periodic telemetry reading.
BIN-012,2026-09-24T10:46:30.378747,58.7,140.9,27.6,HEALTHY,VALID,Routine periodic telemetry reading.
BIN-012,2026-09-24T16:46:30.378747,62.0,148.7,31.0,HEALTHY,VALID,Routine periodic telemetry reading.
BIN-012,2026-09-24T22:46:30.378747,64.9,155.8,25.4,HEALTHY,VALID,Routine periodic telemetry reading.
BIN-012,2026-09-25T04:46:30.378747,66.4,159.4,23.5,HEALTHY,VALID,Routine periodic telemetry reading.
BIN-012,2026-09-25T10:46:30.378747,69.0,165.5,20.6,HEALTHY,VALID,Routine periodic telemetry reading.
BIN-012,2026-09-25T16:46:30.378747,71.2,171.0,20.1,HEALTHY,VALID,Routine periodic telemetry reading.
BIN-012,2026-09-25T22:46:30.378747,72.7,174.5,29.0,HEALTHY,VALID,Routine periodic telemetry reading.
BIN-012,2026-09-26T04:46:30.378747,77.1,185.0,25.6,HEALTHY,VALID,Routine periodic telemetry reading.
BIN-012,2026-09-26T10:46:30.378747,79.8,191.6,27.5,HEALTHY,VALID,Routine periodic telemetry reading.
BIN-012,2026-09-26T16:46:30.378747,82.3,197.5,29.2,HEALTHY,VALID,Routine periodic telemetry reading.
BIN-012,2026-09-26T22:46:30.378747,85.0,204.0,20.9,HEALTHY,VALID,Routine periodic telemetry reading.
BIN-012,2026-09-27T04:46:30.378747,86.1,206.6,28.4,HEALTHY,VALID,Routine periodic telemetry reading.
BIN-012,2026-09-27T10:46:30.378747,88.1,211.5,25.9,HEALTHY,VALID,Routine periodic telemetry reading.
BIN-012,2026-09-27T16:46:30.378747,5.0,215.3,28.2,HEALTHY,VALID,Routine periodic telemetry reading.
BIN-012,2026-09-27T22:46:30.378747,8.7,20.8,26.0,HEALTHY,VALID,Routine periodic telemetry reading.
BIN-012,2026-09-28T04:46:30.378747,10.1,24.2,21.3,HEALTHY,VALID,Routine periodic telemetry reading.
BIN-012,2026-09-28T10:46:30.378747,13.8,33.1,29.1,HEALTHY,VALID,Routine periodic telemetry reading.
BIN-012,2026-09-28T16:46:30.378747,16.1,38.6,29.0,HEALTHY,VALID,Routine periodic telemetry reading.
BIN-012,2026-09-28T22:46:30.378747,17.2,41.3,27.9,HEALTHY,VALID,Routine periodic telemetry reading.
BIN-012,2026-09-29T04:46:30.378747,20.1,48.3,30.9,HEALTHY,VALID,Routine periodic telemetry reading.
BIN-012,2026-09-29T10:46:30.378747,21.5,51.6,29.1,HEALTHY,VALID,Routine periodic telemetry reading.
BIN-012,2026-09-29T16:46:30.378747,25.1,60.3,23.3,HEALTHY,VALID,Routine periodic telemetry reading.
BIN-012,2026-09-29T22:46:30.378747,29.6,71.1,24.9,HEALTHY,VALID,Routine periodic telemetry reading.
BIN-012,2026-09-30T04:46:30.378747,31.8,76.4,29.0,HEALTHY,VALID,Routine periodic telemetry reading.
BIN-012,2026-09-30T10:46:30.378747,34.4,82.5,30.9,HEALTHY,VALID,Routine periodic telemetry reading.
BIN-012,2026-09-30T16:46:30.378747,38.1,91.4,22.6,HEALTHY,VALID,Routine periodic telemetry reading.
BIN-012,2026-09-30T22:46:30.378747,41.9,100.6,26.5,HEALTHY,VALID,Routine periodic telemetry reading.
BIN-012,2026-10-01T04:46:30.378747,44.2,106.0,27.8,HEALTHY,VALID,Routine periodic telemetry reading.
BIN-012,2026-10-01T10:46:30.378747,47.4,113.7,21.8,HEALTHY,VALID,Routine periodic telemetry reading.
BIN-012,2026-10-01T16:46:30.378747,48.9,117.3,22.3,HEALTHY,VALID,Routine periodic telemetry reading.
BIN-012,2026-10-01T22:46:30.378747,50.6,121.4,20.7,HEALTHY,VALID,Routine periodic telemetry reading.
BIN-012,2026-10-02T04:46:30.378747,52.8,126.7,23.1,HEALTHY,VALID,Routine periodic telemetry reading.
BIN-013,2026-09-12T10:46:30.378747,22.9,32.0,23.6,HEALTHY,VALID,Routine periodic telemetry reading.
BIN-013,2026-09-12T16:46:30.378747,26.3,36.9,23.2,HEALTHY,VALID,Routine periodic telemetry reading.
BIN-013,2026-09-12T22:46:30.378747,28.3,39.6,29.4,HEALTHY,VALID,Routine periodic telemetry reading.
BIN-013,2026-09-13T04:46:30.378747,32.7,45.8,27.5,HEALTHY,VALID,Routine periodic telemetry reading.
BIN-013,2026-09-13T10:46:30.378747,34.1,47.7,30.6,HEALTHY,VALID,Routine periodic telemetry reading.
BIN-013,2026-09-13T16:46:30.378747,37.8,52.9,30.1,HEALTHY,VALID,Routine periodic telemetry reading.
BIN-013,2026-09-13T22:46:30.378747,42.3,59.2,29.5,HEALTHY,VALID,Routine periodic telemetry reading.
BIN-013,2026-09-14T04:46:30.378747,43.7,61.2,29.5,HEALTHY,VALID,Routine periodic telemetry reading.
BIN-013,2026-09-14T10:46:30.378747,45.6,63.9,27.8,HEALTHY,VALID,Routine periodic telemetry reading.
BIN-013,2026-09-14T16:46:30.378747,49.5,69.3,28.4,HEALTHY,VALID,Routine periodic telemetry reading.
BIN-013,2026-09-14T22:46:30.378747,52.9,74.0,25.4,HEALTHY,VALID,Routine periodic telemetry reading.
BIN-013,2026-09-15T04:46:30.378747,55.9,78.3,23.0,HEALTHY,VALID,Routine periodic telemetry reading.
BIN-013,2026-09-15T10:46:30.378747,58.3,81.7,25.0,HEALTHY,VALID,Routine periodic telemetry reading.
BIN-013,2026-09-15T16:46:30.378747,61.6,86.2,29.7,HEALTHY,VALID,Routine periodic telemetry reading.
BIN-013,2026-09-15T22:46:30.378747,62.9,88.0,25.7,HEALTHY,VALID,Routine periodic telemetry reading.
BIN-013,2026-09-16T04:46:30.378747,64.9,90.8,30.3,HEALTHY,VALID,Routine periodic telemetry reading.
BIN-013,2026-09-16T10:46:30.378747,67.2,94.0,30.5,HEALTHY,VALID,Routine periodic telemetry reading.
BIN-013,2026-09-16T16:46:30.378747,69.3,97.0,20.0,HEALTHY,VALID,Routine periodic telemetry reading.
BIN-013,2026-09-16T22:46:30.378747,73.0,102.2,28.1,HEALTHY,VALID,Routine periodic telemetry reading.
BIN-013,2026-09-17T04:46:30.378747,76.6,107.2,25.0,HEALTHY,VALID,Routine periodic telemetry reading.
BIN-013,2026-09-17T10:46:30.378747,79.9,111.9,23.9,HEALTHY,VALID,Routine periodic telemetry reading.
BIN-013,2026-09-17T16:46:30.378747,81.1,113.6,25.9,HEALTHY,VALID,Routine periodic telemetry reading.
BIN-013,2026-09-17T22:46:30.378747,82.9,116.0,24.7,HEALTHY,VALID,Routine periodic telemetry reading.
BIN-013,2026-09-18T04:46:30.378747,84.6,118.5,23.0,HEALTHY,VALID,Routine periodic telemetry reading.
BIN-013,2026-09-18T10:46:30.378747,88.5,123.9,26.4,HEALTHY,VALID,Routine periodic telemetry reading.
BIN-013,2026-09-18T16:46:30.378747,5.0,128.1,23.8,HEALTHY,VALID,Routine periodic telemetry reading.
BIN-013,2026-09-18T22:46:30.378747,8.4,11.7,20.5,HEALTHY,VALID,Routine periodic telemetry reading.
BIN-013,2026-09-19T04:46:30.378747,9.7,13.6,28.6,HEALTHY,VALID,Routine periodic telemetry reading.
BIN-013,2026-09-19T10:46:30.378747,12.3,17.3,21.4,HEALTHY,VALID,Routine periodic telemetry reading.
BIN-013,2026-09-19T16:46:30.378747,16.3,22.9,24.9,HEALTHY,VALID,Routine periodic telemetry reading.
BIN-013,2026-09-19T22:46:30.378747,17.4,24.3,30.5,HEALTHY,VALID,Routine periodic telemetry reading.
BIN-013,2026-09-20T04:46:30.378747,19.1,26.7,27.6,HEALTHY,VALID,Routine periodic telemetry reading.
BIN-013,2026-09-20T10:46:30.378747,20.5,28.7,27.1,HEALTHY,VALID,Routine periodic telemetry reading.
BIN-013,2026-09-20T16:46:30.378747,22.1,30.9,30.3,HEALTHY,VALID,Routine periodic telemetry reading.
BIN-013,2026-09-20T22:46:30.378747,24.0,33.6,27.2,HEALTHY,VALID,Routine periodic telemetry reading.
BIN-013,2026-09-21T04:46:30.378747,25.9,36.3,24.1,HEALTHY,VALID,Routine periodic telemetry reading.
BIN-013,2026-09-21T10:46:30.378747,30.1,42.1,21.8,HEALTHY,VALID,Routine periodic telemetry reading.
BIN-013,2026-09-21T16:46:30.378747,32.5,45.4,23.4,HEALTHY,VALID,Routine periodic telemetry reading.
BIN-013,2026-09-21T22:46:30.378747,35.9,50.3,22.6,HEALTHY,VALID,Routine periodic telemetry reading.
BIN-013,2026-09-22T04:46:30.378747,39.2,54.9,27.7,HEALTHY,VALID,Routine periodic telemetry reading.
BIN-013,2026-09-22T10:46:30.378747,40.2,56.3,25.2,HEALTHY,VALID,Routine periodic telemetry reading.
BIN-013,2026-09-22T16:46:30.378747,41.7,58.3,22.5,HEALTHY,VALID,Routine periodic telemetry reading.
BIN-013,2026-09-22T22:46:30.378747,45.1,63.1,20.1,HEALTHY,VALID,Routine periodic telemetry reading.
BIN-013,2026-09-23T04:46:30.378747,48.5,67.9,29.0,HEALTHY,VALID,Routine periodic telemetry reading.
BIN-013,2026-09-23T10:46:30.378747,52.9,74.1,24.6,HEALTHY,VALID,Routine periodic telemetry reading.
BIN-013,2026-09-23T16:46:30.378747,54.4,76.2,20.8,HEALTHY,VALID,Routine periodic telemetry reading.
BIN-013,2026-09-23T22:46:30.378747,56.7,79.4,28.0,HEALTHY,VALID,Routine periodic telemetry reading.
BIN-013,2026-09-24T04:46:30.378747,58.1,81.4,23.4,HEALTHY,VALID,Routine periodic telemetry reading.
BIN-013,2026-09-24T10:46:30.378747,62.2,87.1,21.5,HEALTHY,VALID,Routine periodic telemetry reading.
BIN-013,2026-09-24T16:46:30.378747,65.9,92.3,28.3,HEALTHY,VALID,Routine periodic telemetry reading.
BIN-013,2026-09-24T22:46:30.378747,67.4,94.3,30.9,HEALTHY,VALID,Routine periodic telemetry reading.
BIN-013,2026-09-25T04:46:30.378747,68.9,96.4,25.8,HEALTHY,VALID,Routine periodic telemetry reading.
BIN-013,2026-09-25T10:46:30.378747,69.9,97.9,27.2,HEALTHY,VALID,Routine periodic telemetry reading.
BIN-013,2026-09-25T16:46:30.378747,72.4,101.4,27.9,HEALTHY,VALID,Routine periodic telemetry reading.
BIN-013,2026-09-25T22:46:30.378747,75.6,105.9,21.7,HEALTHY,VALID,Routine periodic telemetry reading.
BIN-013,2026-09-26T04:46:30.378747,78.1,109.3,27.6,HEALTHY,VALID,Routine periodic telemetry reading.
BIN-013,2026-09-26T10:46:30.378747,82.1,114.9,21.0,HEALTHY,VALID,Routine periodic telemetry reading.
BIN-013,2026-09-26T16:46:30.378747,83.4,116.8,28.3,HEALTHY,VALID,Routine periodic telemetry reading.
BIN-013,2026-09-26T22:46:30.378747,86.5,121.1,24.2,HEALTHY,VALID,Routine periodic telemetry reading.
BIN-013,2026-09-27T04:46:30.378747,90.9,127.2,21.5,HEALTHY,VALID,Routine periodic telemetry reading.
BIN-013,2026-09-27T10:46:30.378747,92.8,130.0,26.1,HEALTHY,VALID,Routine periodic telemetry reading.
BIN-013,2026-09-27T16:46:30.378747,5.0,134.3,28.6,HEALTHY,VALID,Routine periodic telemetry reading.
BIN-013,2026-09-27T22:46:30.378747,8.4,11.8,29.3,HEALTHY,VALID,Routine periodic telemetry reading.
BIN-013,2026-09-28T04:46:30.378747,11.7,16.4,23.3,HEALTHY,VALID,Routine periodic telemetry reading.
BIN-013,2026-09-28T10:46:30.378747,14.5,20.3,25.6,HEALTHY,VALID,Routine periodic telemetry reading.
BIN-013,2026-09-28T16:46:30.378747,18.2,25.4,23.3,HEALTHY,VALID,Routine periodic telemetry reading.
BIN-013,2026-09-28T22:46:30.378747,19.3,27.1,29.9,HEALTHY,VALID,Routine periodic telemetry reading.
BIN-013,2026-09-29T04:46:30.378747,23.7,33.2,25.4,HEALTHY,VALID,Routine periodic telemetry reading.
BIN-013,2026-09-29T10:46:30.378747,25.1,35.1,25.5,HEALTHY,VALID,Routine periodic telemetry reading.
BIN-013,2026-09-29T16:46:30.378747,28.2,39.4,25.8,HEALTHY,VALID,Routine periodic telemetry reading.
BIN-013,2026-09-29T22:46:30.378747,32.6,45.6,30.9,HEALTHY,VALID,Routine periodic telemetry reading.
BIN-013,2026-09-30T04:46:30.378747,36.8,51.6,21.5,HEALTHY,VALID,Routine periodic telemetry reading.
BIN-013,2026-09-30T10:46:30.378747,40.9,57.2,26.3,HEALTHY,VALID,Routine periodic telemetry reading.
BIN-013,2026-09-30T16:46:30.378747,43.1,60.4,27.5,HEALTHY,VALID,Routine periodic telemetry reading.
BIN-013,2026-09-30T22:46:30.378747,46.8,65.5,30.5,HEALTHY,VALID,Routine periodic telemetry reading.
BIN-013,2026-10-01T04:46:30.378747,50.5,70.7,20.2,HEALTHY,VALID,Routine periodic telemetry reading.
BIN-013,2026-10-01T10:46:30.378747,51.7,72.4,22.9,HEALTHY,VALID,Routine periodic telemetry reading.
BIN-013,2026-10-01T16:46:30.378747,52.9,74.0,20.7,HEALTHY,VALID,Routine periodic telemetry reading.
BIN-013,2026-10-01T22:46:30.378747,56.6,79.3,25.6,HEALTHY,VALID,Routine periodic telemetry reading.
BIN-013,2026-10-02T04:46:30.378747,59.8,83.8,25.5,HEALTHY,VALID,Routine periodic telemetry reading.
BIN-014,2026-09-12T10:46:30.378747,22.5,44.9,27.7,HEALTHY,VALID,Routine periodic telemetry reading.
BIN-014,2026-09-12T16:46:30.378747,23.7,47.5,25.9,HEALTHY,VALID,Routine periodic telemetry reading.
BIN-014,2026-09-12T22:46:30.378747,26.9,53.8,23.1,HEALTHY,VALID,Routine periodic telemetry reading.
BIN-014,2026-09-13T04:46:30.378747,29.0,58.0,25.6,HEALTHY,VALID,Routine periodic telemetry reading.
BIN-014,2026-09-13T10:46:30.378747,30.7,61.4,28.9,HEALTHY,VALID,Routine periodic telemetry reading.
BIN-014,2026-09-13T16:46:30.378747,33.6,67.1,24.3,HEALTHY,VALID,Routine periodic telemetry reading.
BIN-014,2026-09-13T22:46:30.378747,36.8,73.6,29.2,HEALTHY,VALID,Routine periodic telemetry reading.
BIN-014,2026-09-14T04:46:30.378747,40.2,80.4,20.7,HEALTHY,VALID,Routine periodic telemetry reading.
BIN-014,2026-09-14T10:46:30.378747,43.6,87.2,28.0,HEALTHY,VALID,Routine periodic telemetry reading.
BIN-014,2026-09-14T16:46:30.378747,47.6,95.2,20.6,HEALTHY,VALID,Routine periodic telemetry reading.
BIN-014,2026-09-14T22:46:30.378747,48.9,97.8,24.8,HEALTHY,VALID,Routine periodic telemetry reading.
BIN-014,2026-09-15T04:46:30.378747,51.5,102.9,26.7,HEALTHY,VALID,Routine periodic telemetry reading.
BIN-014,2026-09-15T10:46:30.378747,53.6,107.1,28.2,HEALTHY,VALID,Routine periodic telemetry reading.
BIN-014,2026-09-15T16:46:30.378747,57.1,114.3,21.3,HEALTHY,VALID,Routine periodic telemetry reading.
BIN-014,2026-09-15T22:46:30.378747,60.6,121.2,27.7,HEALTHY,VALID,Routine periodic telemetry reading.
BIN-014,2026-09-16T04:46:30.378747,62.2,124.4,30.5,HEALTHY,VALID,Routine periodic telemetry reading.
BIN-014,2026-09-16T10:46:30.378747,65.0,130.1,28.6,HEALTHY,VALID,Routine periodic telemetry reading.
BIN-014,2026-09-16T16:46:30.378747,68.6,137.1,21.8,HEALTHY,VALID,Routine periodic telemetry reading.
BIN-014,2026-09-16T22:46:30.378747,70.0,140.0,28.6,HEALTHY,VALID,Routine periodic telemetry reading.
BIN-014,2026-09-17T04:46:30.378747,71.9,143.9,29.8,HEALTHY,VALID,Routine periodic telemetry reading.
BIN-014,2026-09-17T10:46:30.378747,75.6,151.3,20.3,HEALTHY,VALID,Routine periodic telemetry reading.
BIN-014,2026-09-17T16:46:30.378747,79.5,158.9,23.0,HEALTHY,VALID,Routine periodic telemetry reading.
BIN-014,2026-09-17T22:46:30.378747,80.7,161.4,27.8,HEALTHY,VALID,Routine periodic telemetry reading.
BIN-014,2026-09-18T04:46:30.378747,83.7,167.4,20.8,HEALTHY,VALID,Routine periodic telemetry reading.
BIN-014,2026-09-18T10:46:30.378747,86.3,172.6,24.0,HEALTHY,VALID,Routine periodic telemetry reading.
BIN-014,2026-09-18T16:46:30.378747,5.0,178.1,24.0,HEALTHY,VALID,Routine periodic telemetry reading.
BIN-014,2026-09-18T22:46:30.378747,6.9,13.8,21.1,HEALTHY,VALID,Routine periodic telemetry reading.
BIN-014,2026-09-19T04:46:30.378747,9.9,19.8,28.0,HEALTHY,VALID,Routine periodic telemetry reading.
BIN-014,2026-09-19T10:46:30.378747,11.7,23.4,25.6,HEALTHY,VALID,Routine periodic telemetry reading.
BIN-014,2026-09-19T16:46:30.378747,12.9,25.7,29.5,HEALTHY,VALID,Routine periodic telemetry reading.
BIN-014,2026-09-19T22:46:30.378747,14.7,29.4,25.2,HEALTHY,VALID,Routine periodic telemetry reading.
BIN-014,2026-09-20T04:46:30.378747,17.1,34.1,21.7,HEALTHY,VALID,Routine periodic telemetry reading.
BIN-014,2026-09-20T10:46:30.378747,21.3,42.6,29.4,HEALTHY,VALID,Routine periodic telemetry reading.
BIN-014,2026-09-20T16:46:30.378747,24.2,48.5,30.1,HEALTHY,VALID,Routine periodic telemetry reading.
BIN-014,2026-09-20T22:46:30.378747,27.8,55.7,24.6,HEALTHY,VALID,Routine periodic telemetry reading.
BIN-014,2026-09-21T04:46:30.378747,30.0,59.9,24.6,HEALTHY,VALID,Routine periodic telemetry reading.
BIN-014,2026-09-21T10:46:30.378747,33.5,67.0,23.0,HEALTHY,VALID,Routine periodic telemetry reading.
BIN-014,2026-09-21T16:46:30.378747,34.8,69.5,24.1,HEALTHY,VALID,Routine periodic telemetry reading.
BIN-014,2026-09-21T22:46:30.378747,37.5,75.0,29.9,HEALTHY,VALID,Routine periodic telemetry reading.
BIN-014,2026-09-22T04:46:30.378747,39.1,78.3,28.8,HEALTHY,VALID,Routine periodic telemetry reading.
BIN-014,2026-09-22T10:46:30.378747,43.6,87.2,30.5,HEALTHY,VALID,Routine periodic telemetry reading.
BIN-014,2026-09-22T16:46:30.378747,44.8,89.6,25.1,HEALTHY,VALID,Routine periodic telemetry reading.
BIN-014,2026-09-22T22:46:30.378747,46.8,93.6,29.3,HEALTHY,VALID,Routine periodic telemetry reading.
BIN-014,2026-09-23T04:46:30.378747,49.0,97.9,26.1,HEALTHY,VALID,Routine periodic telemetry reading.
BIN-014,2026-09-23T10:46:30.378747,50.0,100.0,22.2,HEALTHY,VALID,Routine periodic telemetry reading.
BIN-014,2026-09-23T16:46:30.378747,53.0,105.9,23.3,HEALTHY,VALID,Routine periodic telemetry reading.
BIN-014,2026-09-23T22:46:30.378747,56.1,112.3,25.1,HEALTHY,VALID,Routine periodic telemetry reading.
BIN-014,2026-09-24T04:46:30.378747,59.2,118.4,25.4,HEALTHY,VALID,Routine periodic telemetry reading.
BIN-014,2026-09-24T10:46:30.378747,62.9,125.8,22.1,HEALTHY,VALID,Routine periodic telemetry reading.
BIN-014,2026-09-24T16:46:30.378747,67.1,134.1,28.4,HEALTHY,VALID,Routine periodic telemetry reading.
BIN-014,2026-09-24T22:46:30.378747,68.9,137.8,20.1,HEALTHY,VALID,Routine periodic telemetry reading.
BIN-014,2026-09-25T04:46:30.378747,71.4,142.7,22.6,HEALTHY,VALID,Routine periodic telemetry reading.
BIN-014,2026-09-25T10:46:30.378747,73.6,147.1,29.2,HEALTHY,VALID,Routine periodic telemetry reading.
BIN-014,2026-09-25T16:46:30.378747,77.6,155.3,30.5,HEALTHY,VALID,Routine periodic telemetry reading.
BIN-014,2026-09-25T22:46:30.378747,78.6,157.3,27.2,HEALTHY,VALID,Routine periodic telemetry reading.
BIN-014,2026-09-26T04:46:30.378747,82.6,165.2,28.0,HEALTHY,VALID,Routine periodic telemetry reading.
BIN-014,2026-09-26T10:46:30.378747,84.0,168.0,25.8,HEALTHY,VALID,Routine periodic telemetry reading.
BIN-014,2026-09-26T16:46:30.378747,85.8,171.6,25.4,HEALTHY,VALID,Routine periodic telemetry reading.
BIN-014,2026-09-26T22:46:30.378747,87.0,174.0,31.0,HEALTHY,VALID,Routine periodic telemetry reading.
BIN-014,2026-09-27T04:46:30.378747,90.5,181.0,30.1,HEALTHY,VALID,Routine periodic telemetry reading.
BIN-014,2026-09-27T10:46:30.378747,5.0,189.3,27.7,HEALTHY,VALID,Routine periodic telemetry reading.
BIN-014,2026-09-27T16:46:30.378747,7.3,14.6,30.7,HEALTHY,VALID,Routine periodic telemetry reading.
BIN-014,2026-09-27T22:46:30.378747,8.6,17.2,21.1,HEALTHY,VALID,Routine periodic telemetry reading.
BIN-014,2026-09-28T04:46:30.378747,10.1,20.1,29.0,HEALTHY,VALID,Routine periodic telemetry reading.
BIN-014,2026-09-28T10:46:30.378747,11.3,22.7,26.2,HEALTHY,VALID,Routine periodic telemetry reading.
BIN-014,2026-09-28T16:46:30.378747,13.9,27.7,30.6,HEALTHY,VALID,Routine periodic telemetry reading.
BIN-014,2026-09-28T22:46:30.378747,15.7,31.4,22.9,HEALTHY,VALID,Routine periodic telemetry reading.
BIN-014,2026-09-29T04:46:30.378747,17.8,35.6,28.8,HEALTHY,VALID,Routine periodic telemetry reading.
BIN-014,2026-09-29T10:46:30.378747,21.2,42.5,28.1,HEALTHY,VALID,Routine periodic telemetry reading.
BIN-014,2026-09-29T16:46:30.378747,23.3,46.7,23.0,HEALTHY,VALID,Routine periodic telemetry reading.
BIN-014,2026-09-29T22:46:30.378747,24.6,49.2,22.2,HEALTHY,VALID,Routine periodic telemetry reading.
BIN-014,2026-09-30T04:46:30.378747,28.3,56.7,26.4,HEALTHY,VALID,Routine periodic telemetry reading.
BIN-014,2026-09-30T10:46:30.378747,29.9,59.8,21.8,HEALTHY,VALID,Routine periodic telemetry reading.
BIN-014,2026-09-30T16:46:30.378747,32.5,65.0,24.5,HEALTHY,VALID,Routine periodic telemetry reading.
BIN-014,2026-09-30T22:46:30.378747,35.4,70.8,30.6,HEALTHY,VALID,Routine periodic telemetry reading.
BIN-014,2026-10-01T04:46:30.378747,37.1,74.2,23.4,HEALTHY,VALID,Routine periodic telemetry reading.
BIN-014,2026-10-01T10:46:30.378747,39.0,78.1,21.3,HEALTHY,VALID,Routine periodic telemetry reading.
BIN-014,2026-10-01T16:46:30.378747,40.6,81.2,27.5,HEALTHY,VALID,Routine periodic telemetry reading.
BIN-014,2026-10-01T22:46:30.378747,44.5,89.0,27.7,HEALTHY,VALID,Routine periodic telemetry reading.
BIN-014,2026-10-02T04:46:30.378747,45.6,91.3,29.2,HEALTHY,VALID,Routine periodic telemetry reading.
BIN-016,2026-09-12T10:46:30.378747,22.1,31.0,21.0,HEALTHY,VALID,Routine periodic telemetry reading.
BIN-016,2026-09-12T16:46:30.378747,24.0,33.6,23.9,HEALTHY,VALID,Routine periodic telemetry reading.
BIN-016,2026-09-12T22:46:30.378747,26.8,37.5,27.4,HEALTHY,VALID,Routine periodic telemetry reading.
BIN-016,2026-09-13T04:46:30.378747,28.7,40.2,30.9,HEALTHY,VALID,Routine periodic telemetry reading.
BIN-016,2026-09-13T10:46:30.378747,29.8,41.8,24.4,HEALTHY,VALID,Routine periodic telemetry reading.
BIN-016,2026-09-13T16:46:30.378747,32.4,45.4,28.2,HEALTHY,VALID,Routine periodic telemetry reading.
BIN-016,2026-09-13T22:46:30.378747,34.3,48.0,25.1,HEALTHY,VALID,Routine periodic telemetry reading.
BIN-016,2026-09-14T04:46:30.378747,38.1,53.3,21.5,HEALTHY,VALID,Routine periodic telemetry reading.
BIN-016,2026-09-14T10:46:30.378747,39.1,54.8,29.1,HEALTHY,VALID,Routine periodic telemetry reading.
BIN-016,2026-09-14T16:46:30.378747,43.6,61.0,21.4,HEALTHY,VALID,Routine periodic telemetry reading.
BIN-016,2026-09-14T22:46:30.378747,47.5,66.5,24.1,HEALTHY,VALID,Routine periodic telemetry reading.
BIN-016,2026-09-15T04:46:30.378747,50.7,70.9,27.1,HEALTHY,VALID,Routine periodic telemetry reading.
BIN-016,2026-09-15T10:46:30.378747,53.7,75.2,22.8,HEALTHY,VALID,Routine periodic telemetry reading.
BIN-016,2026-09-15T16:46:30.378747,57.6,80.6,20.2,HEALTHY,VALID,Routine periodic telemetry reading.
BIN-016,2026-09-15T22:46:30.378747,58.8,82.3,29.9,HEALTHY,VALID,Routine periodic telemetry reading.
BIN-016,2026-09-16T04:46:30.378747,61.3,85.9,21.4,HEALTHY,VALID,Routine periodic telemetry reading.
BIN-016,2026-09-16T10:46:30.378747,65.5,91.7,29.1,HEALTHY,VALID,Routine periodic telemetry reading.
BIN-016,2026-09-16T16:46:30.378747,67.7,94.7,20.5,HEALTHY,VALID,Routine periodic telemetry reading.
BIN-016,2026-09-16T22:46:30.378747,70.3,98.4,21.8,HEALTHY,VALID,Routine periodic telemetry reading.
BIN-016,2026-09-17T04:46:30.378747,73.3,102.6,29.0,HEALTHY,VALID,Routine periodic telemetry reading.
BIN-016,2026-09-17T10:46:30.378747,75.7,105.9,20.3,HEALTHY,VALID,Routine periodic telemetry reading.
BIN-016,2026-09-17T16:46:30.378747,79.1,110.7,21.9,HEALTHY,VALID,Routine periodic telemetry reading.
BIN-016,2026-09-17T22:46:30.378747,80.8,113.1,22.1,HEALTHY,VALID,Routine periodic telemetry reading.
BIN-016,2026-09-18T04:46:30.378747,82.8,115.9,29.7,HEALTHY,VALID,Routine periodic telemetry reading.
BIN-016,2026-09-18T10:46:30.378747,83.9,117.5,26.8,HEALTHY,VALID,Routine periodic telemetry reading.
BIN-016,2026-09-18T16:46:30.378747,85.8,120.1,23.2,HEALTHY,VALID,Routine periodic telemetry reading.
BIN-016,2026-09-18T22:46:30.378747,5.0,123.5,20.7,HEALTHY,VALID,Routine periodic telemetry reading.
BIN-016,2026-09-19T04:46:30.378747,7.0,9.8,21.5,HEALTHY,VALID,Routine periodic telemetry reading.
BIN-016,2026-09-19T10:46:30.378747,8.7,12.1,29.7,HEALTHY,VALID,Routine periodic telemetry reading.
BIN-016,2026-09-19T16:46:30.378747,11.5,16.1,26.9,HEALTHY,VALID,Routine periodic telemetry reading.
BIN-016,2026-09-19T22:46:30.378747,15.3,21.5,28.7,HEALTHY,VALID,Routine periodic telemetry reading.
BIN-016,2026-09-20T04:46:30.378747,19.8,27.7,28.6,HEALTHY,VALID,Routine periodic telemetry reading.
BIN-016,2026-09-20T10:46:30.378747,22.0,30.9,26.0,HEALTHY,VALID,Routine periodic telemetry reading.
BIN-016,2026-09-20T16:46:30.378747,24.7,34.6,30.0,HEALTHY,VALID,Routine periodic telemetry reading.
BIN-016,2026-09-20T22:46:30.378747,27.5,38.5,24.3,HEALTHY,VALID,Routine periodic telemetry reading.
BIN-016,2026-09-21T04:46:30.378747,29.1,40.8,23.5,HEALTHY,VALID,Routine periodic telemetry reading.
BIN-016,2026-09-21T10:46:30.378747,30.9,43.3,29.9,HEALTHY,VALID,Routine periodic telemetry reading.
BIN-016,2026-09-21T16:46:30.378747,34.6,48.5,20.6,HEALTHY,VALID,Routine periodic telemetry reading.
BIN-016,2026-09-21T22:46:30.378747,39.1,54.7,25.8,HEALTHY,VALID,Routine periodic telemetry reading.
BIN-016,2026-09-22T04:46:30.378747,42.8,59.9,31.0,HEALTHY,VALID,Routine periodic telemetry reading.
BIN-016,2026-09-22T10:46:30.378747,47.2,66.1,21.1,HEALTHY,VALID,Routine periodic telemetry reading.
BIN-016,2026-09-22T16:46:30.378747,50.5,70.7,22.9,HEALTHY,VALID,Routine periodic telemetry reading.
BIN-016,2026-09-22T22:46:30.378747,54.3,76.1,30.1,HEALTHY,VALID,Routine periodic telemetry reading.
BIN-016,2026-09-23T04:46:30.378747,55.5,77.7,31.0,HEALTHY,VALID,Routine periodic telemetry reading.
BIN-016,2026-09-23T10:46:30.378747,57.3,80.2,29.3,HEALTHY,VALID,Routine periodic telemetry reading.
BIN-016,2026-09-23T16:46:30.378747,61.1,85.5,23.9,HEALTHY,VALID,Routine periodic telemetry reading.
BIN-016,2026-09-23T22:46:30.378747,65.0,91.0,29.3,HEALTHY,VALID,Routine periodic telemetry reading.
BIN-016,2026-09-24T04:46:30.378747,66.6,93.3,26.5,HEALTHY,VALID,Routine periodic telemetry reading.
BIN-016,2026-09-24T10:46:30.378747,70.5,98.7,27.7,HEALTHY,VALID,Routine periodic telemetry reading.
BIN-016,2026-09-24T16:46:30.378747,74.7,104.5,20.3,HEALTHY,VALID,Routine periodic telemetry reading.
BIN-016,2026-09-24T22:46:30.378747,78.1,109.4,30.4,HEALTHY,VALID,Routine periodic telemetry reading.
BIN-016,2026-09-25T04:46:30.378747,81.1,113.5,26.2,HEALTHY,VALID,Routine periodic telemetry reading.
BIN-016,2026-09-25T10:46:30.378747,82.8,115.9,30.9,HEALTHY,VALID,Routine periodic telemetry reading.
BIN-016,2026-09-25T16:46:30.378747,86.8,121.6,25.4,HEALTHY,VALID,Routine periodic telemetry reading.
BIN-016,2026-09-25T22:46:30.378747,5.0,124.5,21.0,HEALTHY,VALID,Routine periodic telemetry reading.
BIN-016,2026-09-26T04:46:30.378747,6.8,9.5,22.4,HEALTHY,VALID,Routine periodic telemetry reading.
BIN-016,2026-09-26T10:46:30.378747,9.7,13.5,20.0,HEALTHY,VALID,Routine periodic telemetry reading.
BIN-016,2026-09-26T16:46:30.378747,13.9,19.4,22.2,HEALTHY,VALID,Routine periodic telemetry reading.
BIN-016,2026-09-26T22:46:30.378747,15.3,21.5,27.9,HEALTHY,VALID,Routine periodic telemetry reading.
BIN-016,2026-09-27T04:46:30.378747,19.5,27.4,29.3,HEALTHY,VALID,Routine periodic telemetry reading.
BIN-016,2026-09-27T10:46:30.378747,21.7,30.3,20.2,HEALTHY,VALID,Routine periodic telemetry reading.
BIN-016,2026-09-27T16:46:30.378747,24.7,34.6,30.1,HEALTHY,VALID,Routine periodic telemetry reading.
BIN-016,2026-09-27T22:46:30.378747,28.4,39.8,29.3,HEALTHY,VALID,Routine periodic telemetry reading.
BIN-016,2026-09-28T04:46:30.378747,32.5,45.4,30.6,HEALTHY,VALID,Routine periodic telemetry reading.
BIN-016,2026-09-28T10:46:30.378747,34.8,48.7,30.4,HEALTHY,VALID,Routine periodic telemetry reading.
BIN-016,2026-09-28T16:46:30.378747,37.1,52.0,21.1,HEALTHY,VALID,Routine periodic telemetry reading.
BIN-016,2026-09-28T22:46:30.378747,39.2,54.9,21.5,HEALTHY,VALID,Routine periodic telemetry reading.
BIN-016,2026-09-29T04:46:30.378747,40.7,57.0,30.4,HEALTHY,VALID,Routine periodic telemetry reading.
BIN-016,2026-09-29T10:46:30.378747,44.5,62.3,30.6,HEALTHY,VALID,Routine periodic telemetry reading.
BIN-016,2026-09-29T16:46:30.378747,47.8,66.9,21.9,HEALTHY,VALID,Routine periodic telemetry reading.
BIN-016,2026-09-29T22:46:30.378747,52.2,73.1,27.6,HEALTHY,VALID,Routine periodic telemetry reading.
BIN-016,2026-09-30T04:46:30.378747,56.4,79.0,28.7,HEALTHY,VALID,Routine periodic telemetry reading.
BIN-016,2026-09-30T10:46:30.378747,58.2,81.5,26.5,HEALTHY,VALID,Routine periodic telemetry reading.
BIN-016,2026-09-30T16:46:30.378747,59.8,83.8,23.4,HEALTHY,VALID,Routine periodic telemetry reading.
BIN-016,2026-09-30T22:46:30.378747,63.2,88.5,21.4,HEALTHY,VALID,Routine periodic telemetry reading.
BIN-016,2026-10-01T04:46:30.378747,66.8,93.5,30.4,HEALTHY,VALID,Routine periodic telemetry reading.
BIN-016,2026-10-01T10:46:30.378747,71.1,99.6,24.3,HEALTHY,VALID,Routine periodic telemetry reading.
BIN-016,2026-10-01T16:46:30.378747,75.6,105.8,30.6,HEALTHY,VALID,Routine periodic telemetry reading.
BIN-016,2026-10-01T22:46:30.378747,76.7,107.4,26.6,HEALTHY,VALID,Routine periodic telemetry reading.
BIN-016,2026-10-02T04:46:30.378747,80.9,113.3,30.6,HEALTHY,VALID,Routine periodic telemetry reading.
BIN-017,2026-09-12T10:46:30.378747,21.8,43.5,26.2,HEALTHY,VALID,Routine periodic telemetry reading.
BIN-017,2026-09-12T16:46:30.378747,26.1,52.1,21.5,HEALTHY,VALID,Routine periodic telemetry reading.
BIN-017,2026-09-12T22:46:30.378747,29.7,59.3,22.6,HEALTHY,VALID,Routine periodic telemetry reading.
BIN-017,2026-09-13T04:46:30.378747,34.1,68.2,21.8,HEALTHY,VALID,Routine periodic telemetry reading.
BIN-017,2026-09-13T10:46:30.378747,38.2,76.4,21.0,HEALTHY,VALID,Routine periodic telemetry reading.
BIN-017,2026-09-13T16:46:30.378747,41.7,83.4,27.0,HEALTHY,VALID,Routine periodic telemetry reading.
BIN-017,2026-09-13T22:46:30.378747,45.8,91.6,24.9,HEALTHY,VALID,Routine periodic telemetry reading.
BIN-017,2026-09-14T04:46:30.378747,47.7,95.4,22.7,HEALTHY,VALID,Routine periodic telemetry reading.
BIN-017,2026-09-14T10:46:30.378747,48.9,97.9,22.8,HEALTHY,VALID,Routine periodic telemetry reading.
BIN-017,2026-09-14T16:46:30.378747,50.3,100.7,20.0,HEALTHY,VALID,Routine periodic telemetry reading.
BIN-017,2026-09-14T22:46:30.378747,52.7,105.4,28.1,HEALTHY,VALID,Routine periodic telemetry reading.
BIN-017,2026-09-15T04:46:30.378747,57.1,114.1,29.7,HEALTHY,VALID,Routine periodic telemetry reading.
BIN-017,2026-09-15T10:46:30.378747,59.8,119.6,24.2,HEALTHY,VALID,Routine periodic telemetry reading.
BIN-017,2026-09-15T16:46:30.378747,62.7,125.4,21.1,HEALTHY,VALID,Routine periodic telemetry reading.
BIN-017,2026-09-15T22:46:30.378747,65.4,130.8,29.5,HEALTHY,VALID,Routine periodic telemetry reading.
BIN-017,2026-09-16T04:46:30.378747,68.7,137.3,27.6,HEALTHY,VALID,Routine periodic telemetry reading.
BIN-017,2026-09-16T10:46:30.378747,70.2,140.5,20.8,HEALTHY,VALID,Routine periodic telemetry reading.
BIN-017,2026-09-16T16:46:30.378747,74.2,148.4,23.2,HEALTHY,VALID,Routine periodic telemetry reading.
BIN-017,2026-09-16T22:46:30.378747,76.3,152.6,30.5,HEALTHY,VALID,Routine periodic telemetry reading.
BIN-017,2026-09-17T04:46:30.378747,77.6,155.1,21.9,HEALTHY,VALID,Routine periodic telemetry reading.
BIN-017,2026-09-17T10:46:30.378747,79.9,159.8,28.1,HEALTHY,VALID,Routine periodic telemetry reading.
BIN-017,2026-09-17T16:46:30.378747,82.8,165.6,29.9,HEALTHY,VALID,Routine periodic telemetry reading.
BIN-017,2026-09-17T22:46:30.378747,84.1,168.2,26.5,HEALTHY,VALID,Routine periodic telemetry reading.
BIN-017,2026-09-18T04:46:30.378747,87.3,174.5,25.3,HEALTHY,VALID,Routine periodic telemetry reading.
BIN-017,2026-09-18T10:46:30.378747,5.0,176.8,21.8,HEALTHY,VALID,Routine periodic telemetry reading.
BIN-017,2026-09-18T16:46:30.378747,9.1,18.2,21.7,HEALTHY,VALID,Routine periodic telemetry reading.
BIN-017,2026-09-18T22:46:30.378747,10.5,20.9,22.3,HEALTHY,VALID,Routine periodic telemetry reading.
BIN-017,2026-09-19T04:46:30.378747,12.1,24.3,27.7,HEALTHY,VALID,Routine periodic telemetry reading.
BIN-017,2026-09-19T10:46:30.378747,15.7,31.3,28.0,HEALTHY,VALID,Routine periodic telemetry reading.
BIN-017,2026-09-19T16:46:30.378747,17.6,35.2,23.1,HEALTHY,VALID,Routine periodic telemetry reading.
BIN-017,2026-09-19T22:46:30.378747,19.4,38.8,20.5,HEALTHY,VALID,Routine periodic telemetry reading.
BIN-017,2026-09-20T04:46:30.378747,22.4,44.8,29.2,HEALTHY,VALID,Routine periodic telemetry reading.
BIN-017,2026-09-20T10:46:30.378747,24.0,47.9,24.0,HEALTHY,VALID,Routine periodic telemetry reading.
BIN-017,2026-09-20T16:46:30.378747,26.5,52.9,23.2,HEALTHY,VALID,Routine periodic telemetry reading.
BIN-017,2026-09-20T22:46:30.378747,29.8,59.5,26.6,HEALTHY,VALID,Routine periodic telemetry reading.
BIN-017,2026-09-21T04:46:30.378747,31.5,62.9,20.3,HEALTHY,VALID,Routine periodic telemetry reading.
BIN-017,2026-09-21T10:46:30.378747,33.1,66.1,23.2,HEALTHY,VALID,Routine periodic telemetry reading.
BIN-017,2026-09-21T16:46:30.378747,34.4,68.7,29.3,HEALTHY,VALID,Routine periodic telemetry reading.
BIN-017,2026-09-21T22:46:30.378747,36.4,72.9,24.4,HEALTHY,VALID,Routine periodic telemetry reading.
BIN-017,2026-09-22T04:46:30.378747,39.1,78.3,27.3,HEALTHY,VALID,Routine periodic telemetry reading.
BIN-017,2026-09-22T10:46:30.378747,40.5,80.9,26.0,HEALTHY,VALID,Routine periodic telemetry reading.
BIN-017,2026-09-22T16:46:30.378747,42.1,84.2,29.7,HEALTHY,VALID,Routine periodic telemetry reading.
BIN-017,2026-09-22T22:46:30.378747,44.4,88.8,24.9,HEALTHY,VALID,Routine periodic telemetry reading.
BIN-017,2026-09-23T04:46:30.378747,46.3,92.7,25.1,HEALTHY,VALID,Routine periodic telemetry reading.
BIN-017,2026-09-23T10:46:30.378747,48.1,96.2,23.0,HEALTHY,VALID,Routine periodic telemetry reading.
BIN-017,2026-09-23T16:46:30.378747,49.3,98.7,28.3,HEALTHY,VALID,Routine periodic telemetry reading.
BIN-017,2026-09-23T22:46:30.378747,52.7,105.3,20.9,HEALTHY,VALID,Routine periodic telemetry reading.
BIN-017,2026-09-24T04:46:30.378747,54.9,109.8,26.0,HEALTHY,VALID,Routine periodic telemetry reading.
BIN-017,2026-09-24T10:46:30.378747,59.3,118.5,26.5,HEALTHY,VALID,Routine periodic telemetry reading.
BIN-017,2026-09-24T16:46:30.378747,62.2,124.4,29.2,HEALTHY,VALID,Routine periodic telemetry reading.
BIN-017,2026-09-24T22:46:30.378747,66.1,132.1,24.6,HEALTHY,VALID,Routine periodic telemetry reading.
BIN-017,2026-09-25T04:46:30.378747,68.9,137.9,29.5,HEALTHY,VALID,Routine periodic telemetry reading.
BIN-017,2026-09-25T10:46:30.378747,71.6,143.2,29.7,HEALTHY,VALID,Routine periodic telemetry reading.
BIN-017,2026-09-25T16:46:30.378747,74.3,148.6,20.9,HEALTHY,VALID,Routine periodic telemetry reading.
BIN-017,2026-09-25T22:46:30.378747,78.4,156.9,27.9,HEALTHY,VALID,Routine periodic telemetry reading.
BIN-017,2026-09-26T04:46:30.378747,81.2,162.4,29.9,HEALTHY,VALID,Routine periodic telemetry reading.
BIN-017,2026-09-26T10:46:30.378747,85.0,170.0,27.5,HEALTHY,VALID,Routine periodic telemetry reading.
BIN-017,2026-09-26T16:46:30.378747,88.2,176.3,28.3,HEALTHY,VALID,Routine periodic telemetry reading.
BIN-017,2026-09-26T22:46:30.378747,5.0,179.5,30.7,HEALTHY,VALID,Routine periodic telemetry reading.
BIN-017,2026-09-27T04:46:30.378747,8.8,17.7,21.4,HEALTHY,VALID,Routine periodic telemetry reading.
BIN-017,2026-09-27T10:46:30.378747,11.3,22.6,30.9,HEALTHY,VALID,Routine periodic telemetry reading.
BIN-017,2026-09-27T16:46:30.378747,13.8,27.7,31.0,HEALTHY,VALID,Routine periodic telemetry reading.
BIN-017,2026-09-27T22:46:30.378747,17.0,34.1,29.2,HEALTHY,VALID,Routine periodic telemetry reading.
BIN-017,2026-09-28T04:46:30.378747,18.9,37.9,30.0,HEALTHY,VALID,Routine periodic telemetry reading.
BIN-017,2026-09-28T10:46:30.378747,23.1,46.3,20.7,HEALTHY,VALID,Routine periodic telemetry reading.
BIN-017,2026-09-28T16:46:30.378747,25.5,51.0,24.4,HEALTHY,VALID,Routine periodic telemetry reading.
BIN-017,2026-09-28T22:46:30.378747,27.6,55.3,23.0,HEALTHY,VALID,Routine periodic telemetry reading.
BIN-017,2026-09-29T04:46:30.378747,30.2,60.5,29.6,HEALTHY,VALID,Routine periodic telemetry reading.
BIN-017,2026-09-29T10:46:30.378747,34.0,68.0,26.9,HEALTHY,VALID,Routine periodic telemetry reading.
BIN-017,2026-09-29T16:46:30.378747,36.8,73.6,24.6,HEALTHY,VALID,Routine periodic telemetry reading.
BIN-017,2026-09-29T22:46:30.378747,39.3,78.5,21.6,HEALTHY,VALID,Routine periodic telemetry reading.
BIN-017,2026-09-30T04:46:30.378747,42.3,84.7,28.3,HEALTHY,VALID,Routine periodic telemetry reading.
BIN-017,2026-09-30T10:46:30.378747,46.6,93.2,30.2,HEALTHY,VALID,Routine periodic telemetry reading.
BIN-017,2026-09-30T16:46:30.378747,49.6,99.2,21.1,HEALTHY,VALID,Routine periodic telemetry reading.
BIN-017,2026-09-30T22:46:30.378747,51.6,103.2,25.9,HEALTHY,VALID,Routine periodic telemetry reading.
BIN-017,2026-10-01T04:46:30.378747,53.8,107.6,24.5,HEALTHY,VALID,Routine periodic telemetry reading.
BIN-017,2026-10-01T10:46:30.378747,56.1,112.3,25.3,HEALTHY,VALID,Routine periodic telemetry reading.
BIN-017,2026-10-01T16:46:30.378747,59.3,118.5,20.4,HEALTHY,VALID,Routine periodic telemetry reading.
BIN-017,2026-10-01T22:46:30.378747,61.2,122.5,21.6,HEALTHY,VALID,Routine periodic telemetry reading.
BIN-017,2026-10-02T04:46:30.378747,64.4,128.7,27.6,HEALTHY,VALID,Routine periodic telemetry reading.
BIN-018,2026-09-12T10:46:30.378747,21.1,50.7,29.8,HEALTHY,VALID,Routine periodic telemetry reading.
BIN-018,2026-09-12T16:46:30.378747,23.3,55.9,22.6,HEALTHY,VALID,Routine periodic telemetry reading.
BIN-018,2026-09-12T22:46:30.378747,26.9,64.6,30.1,HEALTHY,VALID,Routine periodic telemetry reading.
BIN-018,2026-09-13T04:46:30.378747,31.0,74.5,20.2,HEALTHY,VALID,Routine periodic telemetry reading.
BIN-018,2026-09-13T10:46:30.378747,34.9,83.8,23.3,HEALTHY,VALID,Routine periodic telemetry reading.
BIN-018,2026-09-13T16:46:30.378747,36.9,88.5,25.4,HEALTHY,VALID,Routine periodic telemetry reading.
BIN-018,2026-09-13T22:46:30.378747,40.3,96.8,21.1,HEALTHY,VALID,Routine periodic telemetry reading.
BIN-018,2026-09-14T04:46:30.378747,44.4,106.5,21.5,HEALTHY,VALID,Routine periodic telemetry reading.
BIN-018,2026-09-14T10:46:30.378747,48.8,117.1,24.9,HEALTHY,VALID,Routine periodic telemetry reading.
BIN-018,2026-09-14T16:46:30.378747,52.7,126.4,23.0,HEALTHY,VALID,Routine periodic telemetry reading.
BIN-018,2026-09-14T22:46:30.378747,55.1,132.3,27.1,HEALTHY,VALID,Routine periodic telemetry reading.
BIN-018,2026-09-15T04:46:30.378747,56.8,136.3,22.3,HEALTHY,VALID,Routine periodic telemetry reading.
BIN-018,2026-09-15T10:46:30.378747,60.7,145.6,28.2,HEALTHY,VALID,Routine periodic telemetry reading.
BIN-018,2026-09-15T16:46:30.378747,64.3,154.4,29.5,HEALTHY,VALID,Routine periodic telemetry reading.
BIN-018,2026-09-15T22:46:30.378747,68.2,163.7,25.7,HEALTHY,VALID,Routine periodic telemetry reading.
BIN-018,2026-09-16T04:46:30.378747,69.8,167.4,23.4,HEALTHY,VALID,Routine periodic telemetry reading.
BIN-018,2026-09-16T10:46:30.378747,72.5,174.1,21.5,HEALTHY,VALID,Routine periodic telemetry reading.
BIN-018,2026-09-16T16:46:30.378747,76.5,183.6,29.7,HEALTHY,VALID,Routine periodic telemetry reading.
BIN-018,2026-09-16T22:46:30.378747,77.6,186.3,22.1,HEALTHY,VALID,Routine periodic telemetry reading.
BIN-018,2026-09-17T04:46:30.378747,81.5,195.7,29.2,HEALTHY,VALID,Routine periodic telemetry reading.
BIN-018,2026-09-17T10:46:30.378747,83.4,200.2,25.0,HEALTHY,VALID,Routine periodic telemetry reading.
BIN-018,2026-09-17T16:46:30.378747,87.6,210.3,27.8,HEALTHY,VALID,Routine periodic telemetry reading.
BIN-018,2026-09-17T22:46:30.378747,5.0,215.0,25.6,HEALTHY,VALID,Routine periodic telemetry reading.
BIN-018,2026-09-18T04:46:30.378747,8.2,19.7,21.4,HEALTHY,VALID,Routine periodic telemetry reading.
BIN-018,2026-09-18T10:46:30.378747,9.3,22.4,24.1,HEALTHY,VALID,Routine periodic telemetry reading.
BIN-018,2026-09-18T16:46:30.378747,12.4,29.8,22.0,HEALTHY,VALID,Routine periodic telemetry reading.
BIN-018,2026-09-18T22:46:30.378747,16.5,39.5,26.5,HEALTHY,VALID,Routine periodic telemetry reading.
BIN-018,2026-09-19T04:46:30.378747,18.7,44.8,21.8,HEALTHY,VALID,Routine periodic telemetry reading.
BIN-018,2026-09-19T10:46:30.378747,22.8,54.7,28.2,HEALTHY,VALID,Routine periodic telemetry reading.
BIN-018,2026-09-19T16:46:30.378747,26.2,62.9,23.1,HEALTHY,VALID,Routine periodic telemetry reading.
BIN-018,2026-09-19T22:46:30.378747,28.6,68.6,21.8,HEALTHY,VALID,Routine periodic telemetry reading.
BIN-018,2026-09-20T04:46:30.378747,31.6,75.8,30.6,HEALTHY,VALID,Routine periodic telemetry reading.
BIN-018,2026-09-20T10:46:30.378747,35.6,85.4,27.1,HEALTHY,VALID,Routine periodic telemetry reading.
BIN-018,2026-09-20T16:46:30.378747,39.0,93.5,23.0,HEALTHY,VALID,Routine periodic telemetry reading.
BIN-018,2026-09-20T22:46:30.378747,41.4,99.3,20.2,HEALTHY,VALID,Routine periodic telemetry reading.
BIN-018,2026-09-21T04:46:30.378747,45.1,108.3,28.4,HEALTHY,VALID,Routine periodic telemetry reading.
BIN-018,2026-09-21T10:46:30.378747,46.1,110.7,30.0,HEALTHY,VALID,Routine periodic telemetry reading.
BIN-018,2026-09-21T16:46:30.378747,49.4,118.6,26.6,HEALTHY,VALID,Routine periodic telemetry reading.
BIN-018,2026-09-21T22:46:30.378747,50.4,121.1,22.8,HEALTHY,VALID,Routine periodic telemetry reading.
BIN-018,2026-09-22T04:46:30.378747,54.3,130.2,23.4,HEALTHY,VALID,Routine periodic telemetry reading.
BIN-018,2026-09-22T10:46:30.378747,58.6,140.7,27.1,HEALTHY,VALID,Routine periodic telemetry reading.
BIN-018,2026-09-22T16:46:30.378747,61.1,146.7,24.1,HEALTHY,VALID,Routine periodic telemetry reading.
BIN-018,2026-09-22T22:46:30.378747,63.3,152.0,22.8,HEALTHY,VALID,Routine periodic telemetry reading.
BIN-018,2026-09-23T04:46:30.378747,66.0,158.4,27.4,HEALTHY,VALID,Routine periodic telemetry reading.
BIN-018,2026-09-23T10:46:30.378747,69.9,167.7,24.4,HEALTHY,VALID,Routine periodic telemetry reading.
BIN-018,2026-09-23T16:46:30.378747,71.2,170.9,25.6,HEALTHY,VALID,Routine periodic telemetry reading.
BIN-018,2026-09-23T22:46:30.378747,74.5,178.9,29.3,HEALTHY,VALID,Routine periodic telemetry reading.
BIN-018,2026-09-24T04:46:30.378747,76.9,184.4,27.1,HEALTHY,VALID,Routine periodic telemetry reading.
BIN-018,2026-09-24T10:46:30.378747,80.0,192.0,23.3,HEALTHY,VALID,Routine periodic telemetry reading.
BIN-018,2026-09-24T16:46:30.378747,81.4,195.3,20.7,HEALTHY,VALID,Routine periodic telemetry reading.
BIN-018,2026-09-24T22:46:30.378747,85.8,206.0,27.0,HEALTHY,VALID,Routine periodic telemetry reading.
BIN-018,2026-09-25T04:46:30.378747,89.8,215.6,27.8,HEALTHY,VALID,Routine periodic telemetry reading.
BIN-018,2026-09-25T10:46:30.378747,94.0,225.5,21.6,HEALTHY,VALID,Routine periodic telemetry reading.
BIN-018,2026-09-25T16:46:30.378747,5.0,234.3,28.9,HEALTHY,VALID,Routine periodic telemetry reading.
BIN-018,2026-09-25T22:46:30.378747,8.8,21.1,26.6,HEALTHY,VALID,Routine periodic telemetry reading.
BIN-018,2026-09-26T04:46:30.378747,12.1,29.1,27.5,HEALTHY,VALID,Routine periodic telemetry reading.
BIN-018,2026-09-26T10:46:30.378747,15.6,37.5,27.2,HEALTHY,VALID,Routine periodic telemetry reading.
BIN-018,2026-09-26T16:46:30.378747,20.1,48.3,22.9,HEALTHY,VALID,Routine periodic telemetry reading.
BIN-018,2026-09-26T22:46:30.378747,22.6,54.2,24.3,HEALTHY,VALID,Routine periodic telemetry reading.
BIN-018,2026-09-27T04:46:30.378747,23.7,56.9,27.8,HEALTHY,VALID,Routine periodic telemetry reading.
BIN-018,2026-09-27T10:46:30.378747,26.7,64.1,22.1,HEALTHY,VALID,Routine periodic telemetry reading.
BIN-018,2026-09-27T16:46:30.378747,30.3,72.6,22.4,HEALTHY,VALID,Routine periodic telemetry reading.
BIN-018,2026-09-27T22:46:30.378747,33.1,79.5,28.6,HEALTHY,VALID,Routine periodic telemetry reading.
BIN-018,2026-09-28T04:46:30.378747,37.3,89.6,27.4,HEALTHY,VALID,Routine periodic telemetry reading.
BIN-018,2026-09-28T10:46:30.378747,40.1,96.2,29.3,HEALTHY,VALID,Routine periodic telemetry reading.
BIN-018,2026-09-28T16:46:30.378747,44.0,105.7,29.6,HEALTHY,VALID,Routine periodic telemetry reading.
BIN-018,2026-09-28T22:46:30.378747,45.7,109.6,21.1,HEALTHY,VALID,Routine periodic telemetry reading.
BIN-018,2026-09-29T04:46:30.378747,47.1,113.1,22.8,HEALTHY,VALID,Routine periodic telemetry reading.
BIN-018,2026-09-29T10:46:30.378747,50.9,122.3,28.4,HEALTHY,VALID,Routine periodic telemetry reading.
BIN-018,2026-09-29T16:46:30.378747,52.6,126.2,27.5,HEALTHY,VALID,Routine periodic telemetry reading.
BIN-018,2026-09-29T22:46:30.378747,54.8,131.4,21.0,HEALTHY,VALID,Routine periodic telemetry reading.
BIN-018,2026-09-30T04:46:30.378747,57.0,136.8,28.2,HEALTHY,VALID,Routine periodic telemetry reading.
BIN-018,2026-09-30T10:46:30.378747,59.1,141.8,28.7,HEALTHY,VALID,Routine periodic telemetry reading.
BIN-018,2026-09-30T16:46:30.378747,61.2,147.0,22.9,HEALTHY,VALID,Routine periodic telemetry reading.
BIN-018,2026-09-30T22:46:30.378747,63.3,151.8,29.4,HEALTHY,VALID,Routine periodic telemetry reading.
BIN-018,2026-10-01T04:46:30.378747,65.9,158.2,29.5,HEALTHY,VALID,Routine periodic telemetry reading.
BIN-018,2026-10-01T10:46:30.378747,69.0,165.5,30.4,HEALTHY,VALID,Routine periodic telemetry reading.
BIN-018,2026-10-01T16:46:30.378747,70.2,168.5,29.8,HEALTHY,VALID,Routine periodic telemetry reading.
BIN-018,2026-10-01T22:46:30.378747,73.0,175.1,29.5,HEALTHY,VALID,Routine periodic telemetry reading.
BIN-018,2026-10-02T04:46:30.378747,75.3,180.7,23.3,HEALTHY,VALID,Routine periodic telemetry reading.
BIN-019,2026-09-12T10:46:30.378747,21.2,42.4,29.4,HEALTHY,VALID,Routine periodic telemetry reading.
BIN-019,2026-09-12T16:46:30.378747,22.7,45.3,22.2,HEALTHY,VALID,Routine periodic telemetry reading.
BIN-019,2026-09-12T22:46:30.378747,25.1,50.2,26.3,HEALTHY,VALID,Routine periodic telemetry reading.
BIN-019,2026-09-13T04:46:30.378747,29.3,58.6,25.0,HEALTHY,VALID,Routine periodic telemetry reading.
BIN-019,2026-09-13T10:46:30.378747,31.4,62.8,27.9,HEALTHY,VALID,Routine periodic telemetry reading.
BIN-019,2026-09-13T16:46:30.378747,35.1,70.2,25.4,HEALTHY,VALID,Routine periodic telemetry reading.
BIN-019,2026-09-13T22:46:30.378747,38.3,76.6,21.9,HEALTHY,VALID,Routine periodic telemetry reading.
BIN-019,2026-09-14T04:46:30.378747,41.5,83.1,20.1,HEALTHY,VALID,Routine periodic telemetry reading.
BIN-019,2026-09-14T10:46:30.378747,43.5,87.0,28.4,HEALTHY,VALID,Routine periodic telemetry reading.
BIN-019,2026-09-14T16:46:30.378747,45.1,90.2,28.4,HEALTHY,VALID,Routine periodic telemetry reading.
BIN-019,2026-09-14T22:46:30.378747,47.8,95.6,28.4,HEALTHY,VALID,Routine periodic telemetry reading.
BIN-019,2026-09-15T04:46:30.378747,49.1,98.2,26.8,HEALTHY,VALID,Routine periodic telemetry reading.
BIN-019,2026-09-15T10:46:30.378747,52.3,104.6,24.4,HEALTHY,VALID,Routine periodic telemetry reading.
BIN-019,2026-09-15T16:46:30.378747,56.7,113.4,24.2,HEALTHY,VALID,Routine periodic telemetry reading.
BIN-019,2026-09-15T22:46:30.378747,57.8,115.7,22.2,HEALTHY,VALID,Routine periodic telemetry reading.
BIN-019,2026-09-16T04:46:30.378747,60.1,120.3,20.2,HEALTHY,VALID,Routine periodic telemetry reading.
BIN-019,2026-09-16T10:46:30.378747,62.3,124.5,29.2,HEALTHY,VALID,Routine periodic telemetry reading.
BIN-019,2026-09-16T16:46:30.378747,63.9,127.9,27.4,HEALTHY,VALID,Routine periodic telemetry reading.
BIN-019,2026-09-16T22:46:30.378747,67.1,134.3,22.7,HEALTHY,VALID,Routine periodic telemetry reading.
BIN-019,2026-09-17T04:46:30.378747,70.6,141.1,23.8,HEALTHY,VALID,Routine periodic telemetry reading.
BIN-019,2026-09-17T10:46:30.378747,72.0,144.0,24.2,HEALTHY,VALID,Routine periodic telemetry reading.
BIN-019,2026-09-17T16:46:30.378747,75.1,150.1,21.8,HEALTHY,VALID,Routine periodic telemetry reading.
BIN-019,2026-09-17T22:46:30.378747,79.0,157.9,23.3,HEALTHY,VALID,Routine periodic telemetry reading.
BIN-019,2026-09-18T04:46:30.378747,81.0,161.9,28.0,HEALTHY,VALID,Routine periodic telemetry reading.
BIN-019,2026-09-18T10:46:30.378747,84.1,168.1,23.7,HEALTHY,VALID,Routine periodic telemetry reading.
BIN-019,2026-09-18T16:46:30.378747,5.0,176.3,23.8,HEALTHY,VALID,Routine periodic telemetry reading.
BIN-019,2026-09-18T22:46:30.378747,9.2,18.3,24.0,HEALTHY,VALID,Routine periodic telemetry reading.
BIN-019,2026-09-19T04:46:30.378747,10.8,21.6,30.4,HEALTHY,VALID,Routine periodic telemetry reading.
BIN-019,2026-09-19T10:46:30.378747,15.0,30.1,24.4,HEALTHY,VALID,Routine periodic telemetry reading.
BIN-019,2026-09-19T16:46:30.378747,16.8,33.7,28.0,HEALTHY,VALID,Routine periodic telemetry reading.
BIN-019,2026-09-19T22:46:30.378747,18.3,36.6,28.1,HEALTHY,VALID,Routine periodic telemetry reading.
BIN-019,2026-09-20T04:46:30.378747,21.4,42.7,21.9,HEALTHY,VALID,Routine periodic telemetry reading.
BIN-019,2026-09-20T10:46:30.378747,23.6,47.3,27.2,HEALTHY,VALID,Routine periodic telemetry reading.
BIN-019,2026-09-20T16:46:30.378747,24.8,49.5,29.6,HEALTHY,VALID,Routine periodic telemetry reading.
BIN-019,2026-09-20T22:46:30.378747,26.7,53.3,25.9,HEALTHY,VALID,Routine periodic telemetry reading.
BIN-019,2026-09-21T04:46:30.378747,27.8,55.7,30.9,HEALTHY,VALID,Routine periodic telemetry reading.
BIN-019,2026-09-21T10:46:30.378747,31.1,62.3,27.2,HEALTHY,VALID,Routine periodic telemetry reading.
BIN-019,2026-09-21T16:46:30.378747,32.2,64.4,27.6,HEALTHY,VALID,Routine periodic telemetry reading.
BIN-019,2026-09-21T22:46:30.378747,34.7,69.3,24.2,HEALTHY,VALID,Routine periodic telemetry reading.
BIN-019,2026-09-22T04:46:30.378747,37.6,75.2,25.2,HEALTHY,VALID,Routine periodic telemetry reading.
BIN-019,2026-09-22T10:46:30.378747,39.1,78.3,27.6,HEALTHY,VALID,Routine periodic telemetry reading.
BIN-019,2026-09-22T16:46:30.378747,42.3,84.7,23.3,HEALTHY,VALID,Routine periodic telemetry reading.
BIN-019,2026-09-22T22:46:30.378747,45.6,91.3,27.3,HEALTHY,VALID,Routine periodic telemetry reading.
BIN-019,2026-09-23T04:46:30.378747,47.6,95.2,26.7,HEALTHY,VALID,Routine periodic telemetry reading.
BIN-019,2026-09-23T10:46:30.378747,49.1,98.1,29.1,HEALTHY,VALID,Routine periodic telemetry reading.
BIN-019,2026-09-23T16:46:30.378747,50.4,100.9,27.9,HEALTHY,VALID,Routine periodic telemetry reading.
BIN-019,2026-09-23T22:46:30.378747,51.9,103.7,21.3,HEALTHY,VALID,Routine periodic telemetry reading.
BIN-019,2026-09-24T04:46:30.378747,53.2,106.4,22.2,HEALTHY,VALID,Routine periodic telemetry reading.
BIN-019,2026-09-24T10:46:30.378747,54.9,109.8,22.9,HEALTHY,VALID,Routine periodic telemetry reading.
BIN-019,2026-09-24T16:46:30.378747,57.8,115.5,22.2,HEALTHY,VALID,Routine periodic telemetry reading.
BIN-019,2026-09-24T22:46:30.378747,61.2,122.4,23.2,HEALTHY,VALID,Routine periodic telemetry reading.
BIN-019,2026-09-25T04:46:30.378747,62.4,124.7,25.5,HEALTHY,VALID,Routine periodic telemetry reading.
BIN-019,2026-09-25T10:46:30.378747,64.1,128.2,30.3,HEALTHY,VALID,Routine periodic telemetry reading.
BIN-019,2026-09-25T16:46:30.378747,66.2,132.5,20.0,HEALTHY,VALID,Routine periodic telemetry reading.
BIN-019,2026-09-25T22:46:30.378747,69.6,139.2,30.0,HEALTHY,VALID,Routine periodic telemetry reading.
BIN-019,2026-09-26T04:46:30.378747,73.5,147.0,27.4,HEALTHY,VALID,Routine periodic telemetry reading.
BIN-019,2026-09-26T10:46:30.378747,75.0,150.1,21.0,HEALTHY,VALID,Routine periodic telemetry reading.
BIN-019,2026-09-26T16:46:30.378747,77.8,155.7,28.0,HEALTHY,VALID,Routine periodic telemetry reading.
BIN-019,2026-09-26T22:46:30.378747,79.2,158.4,22.8,HEALTHY,VALID,Routine periodic telemetry reading.
BIN-019,2026-09-27T04:46:30.378747,81.0,162.0,30.9,HEALTHY,VALID,Routine periodic telemetry reading.
BIN-019,2026-09-27T10:46:30.378747,83.0,166.0,25.1,HEALTHY,VALID,Routine periodic telemetry reading.
BIN-019,2026-09-27T16:46:30.378747,84.4,168.7,21.9,HEALTHY,VALID,Routine periodic telemetry reading.
BIN-019,2026-09-27T22:46:30.378747,85.5,171.0,23.2,HEALTHY,VALID,Routine periodic telemetry reading.
BIN-019,2026-09-28T04:46:30.378747,89.3,178.6,28.1,HEALTHY,VALID,Routine periodic telemetry reading.
BIN-019,2026-09-28T10:46:30.378747,5.0,181.3,20.5,HEALTHY,VALID,Routine periodic telemetry reading.
BIN-019,2026-09-28T16:46:30.378747,9.0,18.0,27.3,HEALTHY,VALID,Routine periodic telemetry reading.
BIN-019,2026-09-28T22:46:30.378747,10.6,21.2,23.9,HEALTHY,VALID,Routine periodic telemetry reading.
BIN-019,2026-09-29T04:46:30.378747,13.1,26.2,26.8,HEALTHY,VALID,Routine periodic telemetry reading.
BIN-019,2026-09-29T10:46:30.378747,17.2,34.4,21.0,HEALTHY,VALID,Routine periodic telemetry reading.
BIN-019,2026-09-29T16:46:30.378747,21.0,42.1,22.0,HEALTHY,VALID,Routine periodic telemetry reading.
BIN-019,2026-09-29T22:46:30.378747,23.4,46.9,30.6,HEALTHY,VALID,Routine periodic telemetry reading.
BIN-019,2026-09-30T04:46:30.378747,25.4,50.8,24.2,HEALTHY,VALID,Routine periodic telemetry reading.
BIN-019,2026-09-30T10:46:30.378747,29.4,58.7,28.8,HEALTHY,VALID,Routine periodic telemetry reading.
BIN-019,2026-09-30T16:46:30.378747,32.6,65.3,28.8,HEALTHY,VALID,Routine periodic telemetry reading.
BIN-019,2026-09-30T22:46:30.378747,34.0,68.1,27.7,HEALTHY,VALID,Routine periodic telemetry reading.
BIN-019,2026-10-01T04:46:30.378747,35.2,70.5,30.4,HEALTHY,VALID,Routine periodic telemetry reading.
BIN-019,2026-10-01T10:46:30.378747,36.8,73.6,24.6,HEALTHY,VALID,Routine periodic telemetry reading.
BIN-019,2026-10-01T16:46:30.378747,39.9,79.7,28.8,HEALTHY,VALID,Routine periodic telemetry reading.
BIN-019,2026-10-01T22:46:30.378747,43.2,86.5,22.0,HEALTHY,VALID,Routine periodic telemetry reading.
BIN-019,2026-10-02T04:46:30.378747,45.6,91.1,23.9,HEALTHY,VALID,Routine periodic telemetry reading.
